wd_id,line_id,linewd,word,lex_id,tag,old_wd_id,TT lemma,para_id,syntag,syntag2,lemma,synfunc,syllabified
1,1,1,a,a,PRE,12,a_S,1,Pre,Pre,à,,/V\
2,1,2,tous,tous,DET:ind,13,tot_S,1,QIs,QIs,tout,,C/V\
3,1,3,ceulx,ceulx,PRO:demo,14,cel_S,1,Dem,Dem,cil,,C/V\
4,1,4,qui,qui,PROCON,15,qui_S,1,Qux,Qux,qui,s,C/V\
5,1,5,mon,mon,DET:poss,16,mon1_S,1,Det,Det,mon1,,C/V\
6,1,6,livre,livre,NOM,17,lievre|livre2|livre3_+T|+IT|+IT,1,N,N,,,'C/V\.C/(e)\
7,1,7,orront,orront,VER,18,öir_+I,1,Vfin,Vfin,ouïr,,/V\.'C/V\
8,2,1,que,que,PROCON,19,que3_S,1,Sub,Sub,que,,C/(e)\
9,2,2,",",",",PON,20,",",1,Pnc,Pnc,,,
10,2,3,se,se,PRO:pers,21,soi1_S,1,Sub,Sub,si3,,C/(e)\
11,2,4,je,je,PRO:pers,22,je_S,1,Prn,Prn$,1ps,s,C/(e)\
12,2,5,di,di,VER,23,dire_+MI,1,Vfin,Vfin,dire,,C/V\
13,2,6,aucune,aucune,DET:ind,24,aucun_S,1,QIs,QIs,aucun,,/V\.'C/V\.C/(e)\
14,2,7,chose,chose,NOM,25,chose_+CIT,1,N,N,,,'C/V\.C/(e)\
15,3,1,qui,qui,PROCON,79,qui_S,1,Qux,Qux,qui,s,C/V\
16,3,2,puist,puist,VER,80,pöoir_+I,1,Vfin,Vfin,pouvoir2,,C/V\
17,3,3,dire,dire,VER,81,dire_+MIT,1,Vinf,Vinf,dire,,'C/V\.C/(e)\
18,3,4,a,a,PRE,82,a_S,1,Pre,Pre,à,,/V\
19,3,5,la,la,DET:def,83,le_S,1,Det,Det,le,,C/V\
20,3,6,volenté,volenté,NOM,84,volenté_+IT,1,N,N,,,C/V\.C/V\.'C/V\
21,4,1,car,car,CON:coord,111,car_S,1,Crd,Crd,car,,C/V\
22,4,2,je,je,PRO:pers,112,je_S,1,Prn,Prn$,1ps,s,C/(e)\
23,4,3,l',l',PRO:pers,113,il_S,1,Prn,Prn$$,3p,c,C/\
24,4,4,ay,ay,VER,114,aidier|avoir_+Md|+CMI,1,Vfin,Vfin,avoir1,,/V\
25,4,5,fait,fait,VER,115,faire|farre_+CMI|M,1,Vpp,Vpp,faire,,C/V\
26,4,6,a,a,PRE,116,a_S,1,Pre,Pre,à,,/V\
27,4,7,la,la,DET:def,117,le_S,1,Det,Det,le,,C/V\
28,4,8,priere,priere,NOM,118,priiere_+CI,1,N,N,,,C/V\.'C/V\.C/(e)\
29,5,1,et,et,CON:coord,119,et_S,1,Crd,Crd,et,,/V\
30,5,2,requeste,requeste,NOM,120,requeste_+CIT,1,N,N,,,C/V\.'C/V\.C/(e)\
31,5,3,d',d',PRE,121,de_+S,1,Pre,Pre,de,,C/\
32,5,4,un,un,DET:ndf,122,un_S,1,QIs,QIs,un,,/V\
33,5,5,mien,mien,ADJ:poss,123,mien_S,1,Adj,Adj,mon1,,C/V\
34,5,6,seigneur,seigneur,NOM,124,seignor_+CI,1,N,N,,,C/V\.'C/V\
35,6,1,car,car,CON:coord,155,car_S,1,Crd,Crd,car,,C/V\
36,6,2,la,la,DET:def,156,le_S,1,Det,Det,le,,C/V\
37,6,3,matiere,matiere,NOM,157,matiere_+T,1,N,N,,,C/V\.'C/V\.C/(e)\
38,6,4,est,est,VER,158,ester|estre1_+M|+I,1,Vfin,Vfin,être1|ester,,/V\
39,6,5,delitable,delitable,ADJ,159,delitable_+IT,1,Adj,Adj,,,C/V\.C/V\.'C/V\.C/(e)\
40,7,1,et,et,CON:coord,162,et_S,1,Crd,Crd,et,,/V\
41,7,2,proufitable,proufitable,ADJ,163,porfitable_*+T,1,Adj,Adj,,,C/V\.C/V\.'C/V\.C/(e)\
42,7,3,a,a,PRE,164,a_S,1,Pre,Pre,à,,/V\
43,7,4,retenir,retenir,VER,165,retenir|tenir_+IT|M,1,Vinf,Vinf,retenir,,C/V\.C/e\.'C/V\
44,8,1,qui,qui,PROCON,175,qui_S,1,Qux,Qux,qui,s,C/V\
45,8,2,jadiz,jadiz,ADV,176,jadis_+C,1,Adv,Adv,jadis,,C/V\.'C/V\
46,8,3,furent,furent,VER,177,estre1|estre_+I|CMI,1,Vfin,Vfin,être1|ester,,'C/V\.C/e\
47,8,4,n',n',PRO:clit,178,en2_S,1,Neg,Neg$$,ne1,,C/\
48,8,5,en,en,PRO:clit,179,en2_S,1,Prn,Prn$$,en2,,/V\
49,8,6,ont,ont,VER,180,avoir|devoir_+CIM|+M,1,Vfin,Vfin,avoir1,,/V\
50,8,7,fait,fait,VER,181,faire|farre_+CMI|M,1,Vpp,Vpp,faire,,C/V\
51,9,1,n',n',PRO:clit,178,en2_S,1,Neg,Neg$$,ne1,,C/\
52,9,2,en,en,PRO:clit,179,en2_S,1,Prn,Prn$$,en2,,/V\
53,9,3,ont,ont,VER,180,avoir|devoir_+CIM|+M,1,Vfin,Vfin,avoir1,,/V\
54,9,4,fait,fait,VER,181,faire|farre_+CMI|M,1,Vpp,Vpp,faire,,C/V\
55,9,5,plus,plus,ADV,182,plus_CI,1,Adv,Adv,plus,,C/V\
56,9,6,grant,grant,ADJ,183,grant_+CIT,1,Adj,Adj,grand,,C/V\
57,9,7,mencion,mencion,NOM,184,mencïon_+IdTd,1,N,N,,,C/V\.C/{V}\.'/V\
58,10,1,Car,car,CON:coord,236,car_S,1,Crd,Crd,car,,C/V\
59,10,2,adonques,adonques,ADV,237,adonc|adonques_+IT|G,1,Adv,Adv,adonc,,/V\.'C/V\.C/e\
60,10,3,les,les,DET:def,238,le_S,1,Det,Det,le,,C/V\
61,10,4,roys,roys,NOM,239,roi2|rois1|rois2|roix_+I|+T|+T|+T,1,N,N,,,C/V\
62,10,5,",",",",PON,240,",",1,Pnc,Pnc,,,
63,10,6,ducs,ducs,NOM,241,duc1|duc2_*+T|+IT,1,N,N,,&,C/V\
64,10,7,",",",",PON,242,",",1,Pnc,Pnc,,,
65,10,8,princes,princes,NOM,243,prince_+C,1,N,N,,&,'C/V\.C/e\
66,11,1,princes,princes,NOM,243,prince_+C,1,N,N,,&,'C/V\.C/e\
67,11,2,et,et,CON:coord,244,et_S,1,Crd,Crd,et,,/V\
68,11,3,autres,autres,ADJ,245,autre_CI,1,Adj,Adj,autre,,'/V\.C/e\
69,11,4,grans,grans,ADJ,246,grant_+I,1,Adj,Adj,grand,,C/V\
70,11,5,seigneurs,seigneurs,NOM,247,seignor_+C,1,N,N,,,C/V\.'C/V\
71,12,1,a,a,PRE,271,a_S,1,Pre,Pre,à,,/V\
72,12,2,besongner,besongner,ADJ,272,<unknown>,1,Vinf,Vinf,,,C/V\.C/V\.'C/V\
73,12,3,",",",",PON,273,",",1,Pnc,Pnc,,,
74,12,4,fors,fors,ADV,274,fors2|fuer1_+T|+T,1,PrA,PrA,hors,,C/V\
75,12,5,que,que,PROCON,275,que3_S,1,Sub,Sub,que,,C/(e)\
76,12,6,de,de,PRE,276,de_+S,1,Pre,Pre,de,,C/(e)\
77,12,7,faire,faire,VER,277,faire_+MIT,1,Vinf,Vinf,faire,,'C/V\.C/(e)\
78,13,1,et,et,CON:coord,304,et_S,1,Crd,Crd,et,,/V\
79,13,2,courtoisie,courtoisie,NOM,305,cortoisie_+C,1,N,N,,,C/V\.C/V\.'C/V\./(e)\
80,13,3,si,si,ADV,306,si_+IT,1,Adv,Adv,si4,,C/V\
81,13,4,perie,perie,VER,307,perir_+IM,1,Vpp,Vpp,,,C/V\.'C/V\./(e)\
82,14,1,et,et,CON:coord,327,et_S,1,Crd,Crd,et,,/V\
83,14,2,ce,ce,PRO:invar,328,ce1_S,1,Prn,Prn,ce1,s,C/(e)\
84,14,3,toult,toult,VER,329,toldre|tollir|toudre_M|M|M,1,Vfin,Vfin,tolir,,C/V\
85,14,4,aux,aux,PREDET:a,330,a+le_S,1,Pre+Det,Pre+Det,à+le,,/V\
86,14,5,bons,bons,ADJ,331,bon_+CI,1,Adj,Adj,bon,,C/V\
87,14,6,entendeurs,entendeurs,NOM,332,<unknown>,1,N,N,,,/V\.C/V\.'C/V\
88,15,1,de,de,PRE,333,de_+S,1,Pre,Pre,de,,C/(e)\
89,15,2,faire,faire,VER,334,faire_+MIT,1,Vinf,Vinf,faire,,'C/V\.C/(e)\
90,15,3,aucune,aucune,DET:ind,335,aucun_S,1,QIs,QIs,aucun,,/V\.'C/V\.C/(e)\
91,15,4,bonne,bonne,ADJ,336,bon_+C,1,Adj,Adj,bon,,'C/V\.C/(e)\
92,15,5,chose,chose,NOM,337,chose_+CIT,1,N,N,,,'C/V\.C/(e)\
93,16,1,qu',qu',PROCON,344,que1|que2|que3|que4_S|S|S|S,1,Qux,Qux,que,c,C/\
94,16,2,ilz,ilz,PRO:pers,345,il_S,1,Prn,Prn$,3p,s,/V\
95,16,3,se,se,PRO:pers,346,soi1_S,1,Prn,Prn$$,soi,,C/(e)\
96,16,4,voulsissent,voulsissent,VER,347,<unknown>,1,Vfin,Vfin,vouloir,,C/V\.'C/V\.C/e\
97,16,5,traveillier,traveillier,VER,348,travaillier_+IT,1,Vinf,Vinf,,,C/V\.C/V\.'C/V\
98,17,1,car,car,CON:coord,369,car_S,1,Crd,Crd,car,,C/V\
99,17,2,de,de,PRE,370,de_+S,1,Pre,Pre,de,,C/(e)\
100,17,3,tant,tant,ADV,371,tant_CI,1,QIs,QIs,tant,,C/V\
101,17,4,comme,comme,VER,372,commer_M,1,Sub,Sub,comme,,'C/V\.C/(e)\
102,17,5,la,la,DET:def,373,le_S,1,Det,Det,le,,C/V\
103,17,6,personne,personne,NOM,374,persone_+C,1,N,N,,,C/V\.'C/V\.C/(e)\
104,18,1,et,et,CON:coord,393,et_S,1,Crd,Crd,et,,/V\
105,18,2,de,de,PRE,394,de_+S,1,Pre,Pre,de,,C/(e)\
106,18,3,plus,plus,ADV,395,plus_CI,1,Adv,Adv,plus,,C/V\
107,18,4,grant,grant,ADJ,396,grant_+CIT,1,Adj,Adj,grand,,C/V\
108,18,5,auttorité,auttorité,VER,397,<unknown>,1,N,N,,,/V\.C/V\.C/V\.'C/V\
109,19,1,et,et,CON:coord,429,et_S,1,Crd,Crd,et,,/V\
110,19,2,avecques,avecques,PRE,430,avuec_S,1,PrA,PrA,avec,,/V\.'C/V\.C/e\
111,19,3,ce,ce,PRO:invar,431,ce1_S,1,Prn,Prn,ce1,,C/(e)\
112,19,4,la,la,DET:def,432,le_S,1,Det,Det,le,,C/V\
113,19,5,matiere,matiere,NOM,433,matiere_+T,1,N,N,,,C/V\.'C/V\.C/(e)\
114,20,1,Salemon,salemon,NPR,485,salomon_I|Z,1,N,N,,&,C/V\.C/e\.'C/V\
115,20,2,et,et,CON:coord,486,et_S,1,Crd,Crd,et,,/V\
116,20,3,autres,autres,ADJ,487,autre_CI,1,Adj,Adj,autre,,'/V\.C/e\
117,20,4,pluseurs,pluseurs,PRO:ind,488,plusor_S,1,QIs,QIs,plusieurs,,C/V\.'C/V\
118,21,1,qui,qui,PROCON,516,qui_S,1,Qux,Qux,qui,,C/V\
119,21,2,pourroit,pourroit,VER,517,pooir|pouvoir_C|M,1,Vfin,Vfin,pouvoir2,,C/V\.'C/V\
120,21,3,estre,estre,VER,518,entr'estre|estre1_+M|+IT,1,Vinf,Vinf,être1|ester,,'/V\.C/(e)\
121,21,4,converti,converti,VER,519,convertir_+M,1,Vpp,Vpp,,,C/V\.C/V\.'C/V\
122,22,1,converti,converti,VER,519,convertir_+M,1,Vpp,Vpp,,,C/V\.C/V\.'C/V\
123,22,2,a,a,PRE,520,a_S,1,Pre,Pre,à,,/V\
124,22,3,l',l',DET:def,521,le_S,1,Det,Det,le,,C/\
125,22,4,onneur,onneur,NOM,522,onor_*+IT,1,N,N,,,/V\.'C/V\
126,22,5,du,du,PREDET:de,523,de+le_S,1,Pre+Det,Pre+Det,de+le,,C/V\
127,22,6,corps,corps,NOM,524,cors_C,1,N,N,,,C/V\
128,23,1,du,du,PREDET:de,523,de+le_S,1,Pre+Det,Pre+Det,de+le,,C/V\
129,23,2,corps,corps,NOM,524,cors_C,1,N,N,,,C/V\
130,23,3,et,et,CON:coord,525,et_S,1,Crd,Crd,et,,/V\
131,23,4,au,au,PREDET:a,526,a+le_S,1,Pre+Det,Pre+Det,à+le,,/V\
132,23,5,proufit,proufit,NOM,527,porfit2_*T,1,N,N,,,C/V\.'C/V\
133,23,6,de,de,PRE,528,de_+S,1,Pre,Pre,de,,C/(e)\
134,23,7,l',l',DET:def,529,le_S,1,Det,Det,le,,C/\
135,23,8,ame,ame,NOM,530,ame_+CGIT,1,N,N,,,'/V\.C/(e)\
136,24,1,se,se,PRO:invar,551,ce1_S,1,Sub,Sub,si3,,C/(e)\
137,24,2,je,je,PRO:pers,552,je_S,1,Prn,Prn$,1ps,s,C/(e)\
138,24,3,vous,vous,PRO:pers,553,vos1_S,1,Prn,Prn$$,2pp,,C/V\
139,24,4,vouloye,vouloye,VER,554,voloir_*+I,1,Vfin,Vfin,vouloir,,C/V\.'C/V\./(e)\
140,24,5,compter,compter,VER,555,conter_+Z,1,Vinf,Vinf,,,C/V\.'C/V\
141,25,1,comment,comment,ADV,556,coment1|coment_*+T|I,1,Qux,Qux,comment,,C/V\.'C/V\
142,25,2,Adam,adam,NPR,557,adam_Z,1,N,N,,s,/V\.'C/V\
143,25,3,menga,menga,VER,558,mangier_*+I,1,Vfin,Vfin,manger,,C/V\.'C/V\
144,25,4,la,la,DET:def,559,le_S,1,Det,Det,le,,C/V\
145,25,5,pomme,pomme,NOM,560,pome_*+IT,1,N,N,,,'C/V\.C/(e)\
146,26,1,pour,pour,PRE,584,por2_+S,1,Pre,Pre,pour,,C/V\
147,26,2,la,la,DET:def,585,le_S,1,Det,Det,le,,C/V\
148,26,3,grant,grant,ADJ,586,grant_+CIT,1,Adj,Adj,grand,,C/V\
149,26,4,euvre,euvre,NOM,587,uevre_+Z,1,N,N,,,'/V\.C/(e)\
150,26,5,de,de,PRE,588,de_+S,1,Pre,Pre,de,,C/(e)\
151,26,6,Babel,babel,NPR,589,<nolem>,1,N,N,,,C/V\.'C/V\
152,27,1,a,a,PRE,611,a_S,1,Pre,Pre,à,,/V\
153,27,2,m',m',DET:poss,612,mon1_S,1,Det,Det,mon1,,C/\
154,27,3,entente,entente,NOM,613,entente_+IT,1,N,N,,,/V\.'C/V\.C/(e)\
155,27,4,et,et,CON:coord,614,et_S,1,Crd,Crd,et,,/V\
156,27,5,a,a,PRE,615,a_S,1,Pre,Pre,à,,/V\
157,27,6,la,la,DET:def,616,le_S,1,Det,Det,le,,C/V\
158,27,7,matiere,matiere,NOM,617,matiere_+T,1,N,N,,,C/V\.'C/V\.C/(e)\
159,28,1,pour,pour,PRE,618,por2_+S,1,Pre,Pre,pour,,C/V\
160,28,2,quoy,quoy,PRO:invar,619,coi2_S,1,Qux,Qux,que,,C/V\
161,28,3,j',j',PRO:pers,620,je_S,1,Prn,Prn$,1ps,s,C/\
162,28,4,ay,ay,VER,621,aidier|avoir_+Md|+CMI,1,Vfin,Vfin,avoir1,,/V\
163,28,5,ce,ce,DET:demo,622,cel|cist_S|S,1,Dem,Dem,cist,,C/(e)\
164,28,6,livre,livre,NOM,623,lievre|livre2|livre3_+T|+IT|+IT,1,N,N,,,'C/V\.C/(e)\
165,28,7,entrepris,entrepris,VER,624,entreprendre_+I,1,Vpp,Vpp,entreprendre,,/V\.C/e\.'C/V\
166,29,1,est,est,VER,631,ester|estre1_+M|+I,2,Vfin,Vfin,être1|ester,,/V\
167,29,2,que,que,PROCON,632,que3_S,2,Sub,Sub,que,,C/(e)\
168,29,3,depuis,depuis,PRE,633,depuis_S,2,PrA,PrA,depuis,,C/V\.'C/V\
169,29,4,que,que,PROCON,634,que3_S,2,Sub,Sub,que,,C/(e)\
170,29,5,la,la,DET:def,635,le_S,2,Det,Det,le,,C/V\
171,29,6,cité,cité,NOM,636,cité_+IT,2,N,N,,,C/V\.'C/V\
172,30,1,a,a,PRE,649,a_S,2,Pre,Pre,à,,/V\
173,30,2,l',l',DET:def,650,le_S,2,Det,Det,le,,C/\
174,30,3,aide,aide,NOM,651,äie_+IdTd,2,N,N,,,'/V\.C/(e)\
175,30,4,de,de,PRE,652,de_+S,2,Pre,Pre,de,,C/(e)\
176,30,5,Romus,romus,NPR,653,<unknown>,2,N,N,,,C/V\.'C/V\
177,30,6,son,son,DET:poss,654,son4_S,2,Det,Det,son4,,C/V\
178,30,7,frere,frere,NOM,655,frere_+CIT,2,N,N,,,'C/V\.C/(e)\
179,31,1,si,si,ADV,721,si_+IT,2,Adv,Adv,si4,,C/V\
180,31,2,que,que,PROCON,722,que3_S,2,Sub,Sub,que,,C/(e)\
181,31,3,l',l',PRO:pers,723,il_S,2,Det,Det,le,,C/\
182,31,4,en,en,PRO:clit,724,en2_S,2,Prn,Prn$,en2,,/V\
183,31,5,l',l',PRO:pers,725,il_S,2,Prn,Prn$$,3p,c,C/\
184,31,6,appeloit,appeloit,VER,726,apeler_+M,2,Vfin,Vfin,appeler,,/V\.C/e\.'C/V\
185,31,7,le,le,DET:def,727,le_S,2,Det,Det,le,,C/(e)\
186,31,8,chief,chief,NOM,728,chief1|chief2_+IT|+T,2,N,N,,,C/V\
187,32,1,qui,qui,PROCON,749,qui_S,3,Qux,Qux,qui,s,C/V\
188,32,2,vont,vont,VER,750,aler_+MI,3,Vfin,Vfin,aller,,C/V\
189,32,3,en,en,PRO:clit,751,en2_S,3,Pre,Pre,en1,,/V\
190,32,4,admenuisant,admenuisant,VER,752,<unknown>,3,Vprs,Vprs,,,/V\.C/V\.C/V\.C/V\.'C/V\
191,33,1,est,est,VER,758,ester|estre1_+M|+I,3,Vfin,Vfin,être1|ester,,/V\
192,33,2,la,la,DET:def,759,le_S,3,Det,Det,le,,C/V\
193,33,3,seignourie,seignourie,NOM,760,seignorie_*+CIT,3,N,N,,,C/V\.C/V\.'C/V\./(e)\
194,33,4,de,de,PRE,761,de_+S,3,Pre,Pre,de,,C/(e)\
195,33,5,Romme,romme,NPR,762,rome_Z,3,N,N,,,'C/V\.C/(e)\
196,34,1,amenuisee,amenuisee,VER,763,<unknown>,3,Vpp,Vpp,,,/V\.C/e\.C/V\.'C/V\./(e)\
197,34,2,et,et,CON:coord,764,et_S,3,Crd,Crd,et,,/V\
198,34,3,abaissee,abaissee,VER,765,abaissier_*+M,3,Vpp,Vpp,,,/V\.C/V\.'C/V\./(e)\
199,35,1,sur,sur,PRE,787,sor2_+S,3,PrA,PrA,sur,,C/V\
200,35,2,tout,tout,DET:ind,788,tot_S,3,QIs,QIs,tout,,C/V\
201,35,3,le,le,DET:def,789,le_S,3,Det,Det,le,,C/(e)\
202,35,4,peuple,peuple,NOM,790,pueple_+T,3,N,N,,,'C/V\.C/(e)\
203,35,5,crestien,crestien,NOM,791,crestiien_IIdT,3,Adj,Adj,,,C/V\.C/{V}\.'/V\
204,36,1,qui,qui,PROCON,813,qui_S,3,Qux,Qux,qui,s,C/V\
205,36,2,maintenoient,maintenoient,VER,814,tenir_*M,3,Vfin,Vfin,maintenir,,C/V\.C/e\.'C/V\./e\
206,36,3,les,les,DET:def,815,le_S,3,Det,Det,le,,C/V\
207,36,4,grans,grans,ADJ,816,grant_+I,3,Adj,Adj,grand,,C/V\
208,36,5,guerres,guerres,NOM,817,guerre_+I,3,N,N,,,'C/V\.C/e\
209,37,1,Cesar,cesar,NPR,837,cesar_I|Z,3,N,N,,,C/V\.'C/V\
210,37,2,",",",",PON,838,",",3,Pnc,Pnc,,,
211,37,3,Augustus,augustus,NPR,839,augustus_Z,3,N,N,,&,/V\.C/V\.'C/V\
212,37,4,",",",",PON,840,",",3,Pnc,Pnc,,,
213,37,5,Constantins,constantins,NPR,841,<nolem>,3,N,N,,&,C/V\.C/V\.'C/V\
214,38,1,et,et,CON:coord,842,et_S,3,Crd,Crd,et,,/V\
215,38,2,autres,autres,ADJ,843,autre_CI,3,Adj,Adj,autre,,'/V\.C/e\
216,38,3,pluseurs,pluseurs,DET:ind,844,plusor_S,3,QIs,QIs,plusieurs,,C/V\.'C/V\
217,38,4,empereurs,empereurs,NOM,845,emperëor_*+Id,3,N,N,,,/V\.C/e\.'C/V\
218,39,1,et,et,CON:coord,879,et_S,4,Crd,Crd,et,,/V\
219,39,2,prisiee,prisiee,VER,880,prisier_+I,4,Vpp,Vpp,prisier,,C/V\.'C/V\./e\
220,39,3,entre,entre,PRE,881,entre2_+S,4,PrA,PrA,entre,,'/V\.C/(e)\
221,39,4,les,les,DET:def,882,le_S,4,Det,Det,le,,C/V\
222,39,5,autres,autres,ADJ,883,autre_CI,4,Adj,Adj,autre,,'/V\.C/e\
223,40,1,Il,il,PRO:pers,885,il_S,4,Prn,Prn$,3p,s,/V\
224,40,2,y,y,PRO:clit,886,i2_S,4,Prn,Prn$$,y,,/V\
225,40,3,ot,ot,VER,887,avoir|öir_+IM|+I,4,Vfin,Vfin,avoir1|ouïr,,/V\
226,40,4,un,un,DET:ndf,888,un_S,4,QIs,QIs,un,,/V\
227,40,5,empereur,empereur,NOM,889,emperëor_+Id,4,N,N,,,/V\.C/V\.C/(V)\.'/V\
228,41,1,qui,qui,PROCON,899,qui_S,4,Qux,Qux,qui,s,C/V\
229,41,2,tout,tout,DET:ind,900,tot_S,4,QIs,QIs,tout,,C/V\
230,41,3,l',l',DET:def,901,le_S,4,Det,Det,le,,C/\
231,41,4,empire,empire,NOM,902,empire_+IT,4,N,N,,,/V\.'C/V\.C/(e)\
232,41,5,aprés,aprés,ADV,903,après_I,4,PrA,PrA,après,,/V\.'C/V\
233,41,6,la,la,DET:def,904,le_S,4,Det,Det,le,,C/V\
234,41,7,mort,mort,NOM,905,mort_+CIT,4,N,N,,,C/V\
235,42,1,Au,au,PREDET:a,914,a+le_S,4,Pre+Det,Pre+Det,à+le,,/V\
236,42,2,temps,temps,NOM,915,tens_+CT,4,N,N,,,C/V\
237,42,3,de,de,PRE,916,de_+S,4,Pre,Pre,de,,C/(e)\
238,42,4,cel,cel,DET:demo,917,cel_S,4,Dem,Dem,cil,,C/V\
239,42,5,empereur,empereur,NOM,918,emperëor_+Id,4,N,N,,,/V\.C/V\.C/(V)\.'/V\
240,43,1,pour,pour,PRE,923,por2_+S,4,Pre,Pre,pour,,C/V\
241,43,2,quoy,quoy,PRO:invar,924,coi2_S,4,Qux,Qux,que,,C/V\
242,43,3,j',j',PRO:pers,925,je_S,4,Prn,Prn$,1ps,s,C/\
243,43,4,ay,ay,VER,926,aidier|avoir_+Md|+CMI,4,Vfin,Vfin,avoir1,,/V\
244,43,5,ce,ce,DET:demo,927,cel|cist_S|S,4,Dem,Dem,cist,,C/(e)\
245,43,6,livre,livre,NOM,928,lievre|livre2|livre3_+T|+IT|+IT,4,N,N,,,'C/V\.C/(e)\
246,43,7,entrepris,entrepris,VER,929,entreprendre_+I,4,Vpp,Vpp,entreprendre,,/V\.C/e\.'C/V\
247,44,1,et,et,CON:coord,931,et_S,4,Crd,Crd,et,,/V\
248,44,2,le,le,PRO:pers,932,il_S,4,Prn,Prn$$,3p,c,C/(e)\
249,44,3,mist,mist,VER,933,manoir|metre|mettre_M|CIM|M,4,Vfin,Vfin,mettre,,C/V\
250,44,4,en,en,PRO:clit,934,en2_S,4,Pre,Pre,en1,,/V\
251,44,5,escript,escript,VER,935,escrire_+CZ,4,N,N,,,/V\.'C/V\
252,44,6,un,un,DET:ndf,936,un_S,4,QIs,QIs,un,,/V\
253,44,7,cler,cler,ADJ,937,cler_+IT,4,N,N,,,C/V\
254,45,1,ot,ot,VER,963,avoir|öir_+IM|+I,4,Vfin,Vfin,avoir1|ouïr,,/V\
255,45,2,nom,nom,NOM,964,nom_+CIT,4,N,N,,c,C/V\
256,45,3,Sother,sother,VER,965,<unknown>,4,N,N,,a,C/V\.'C/V\
257,45,4,et,et,CON:coord,966,et_S,4,Crd,Crd,et,,/V\
258,45,5,en,en,PRE,967,en1_+S,4,Pre,Pre,en1,,/V\
259,45,6,seurnom,seurnom,NOM,968,sornom_+T,4,N,N,,,C/V\.'C/V\
260,46,1,Cil,cil,DET:demo,982,cel_S,4,Dem,Dem,cil,,C/V\
261,46,2,Sother,sother,NOM,983,<unknown>,4,N,N,,,C/V\.'C/V\
262,46,3,devoit,devoit,VER,984,devoir_+MI,4,Vfin,Vfin,devoir2,,C/V\.'C/V\
263,46,4,bien,bien,ADV,985,bien1|bien2|bien_+IT|C|I,4,Adv,Adv,bien,,C/V\
264,46,5,avoir,avoir,VER,986,avoir_+MIT,4,Vinf,Vinf,avoir1,,/V\.'C/V\
265,47,1,devoit,devoit,VER,984,devoir_+MI,4,Vfin,Vfin,devoir2,,C/V\.'C/V\
266,47,2,bien,bien,ADV,985,bien1|bien2|bien_+IT|C|I,4,Adv,Adv,bien,,C/V\
267,47,3,avoir,avoir,VER,986,avoir_+MIT,4,Vinf,Vinf,avoir1,,/V\.'C/V\
268,47,4,tel,tel,ADJ,987,tel_+CIT,4,Adj,Adj,tel,,C/V\
269,47,5,seurnom,seurnom,NOM,988,sornom_+T,4,N,N,,,C/V\.'C/V\
270,48,1,car,car,CON:coord,990,car_S,4,Crd,Crd,car,,C/V\
271,48,2,il,il,PRO:pers,991,il_S,4,Prn,Prn$,3p,s,/V\
272,48,3,le,le,PRO:pers,992,il_S,4,Prn,Prn$$,3p,c,C/(e)\
273,48,4,demonstroit,demonstroit,VER,993,demostrer_*+T,4,Vfin,Vfin,démontrer,,C/V\.C/V\.'C/V\
274,48,5,par,par,PRE,994,par_S,4,Pre,Pre,par1,,C/V\
275,48,6,euvre,euvre,NOM,995,uevre_+Z,4,N,N,,,'/V\.C/(e)\
276,49,1,et,et,CON:coord,997,et_S,4,Crd,Crd,et,,/V\
277,49,2,vous,vous,PRO:pers,998,vos1_S,4,Prn,Prn$$,2pp,,C/V\
278,49,3,di,di,VER,999,dire_+MI,4,Vfin,Vfin,dire,,C/V\
279,49,4,que,que,PROCON,1000,que3_S,4,Sub,Sub,que,,C/(e)\
280,49,5,pour,pour,PRE,1001,por2_+S,4,Pre,Pre,pour,,C/V\
281,49,6,mort,mort,NOM,1002,mort_+CIT,4,N,N,,c,C/V\
282,49,7,souffrir,souffrir,VER,1003,sofrir|souffrir|soufrir_+M|M|M,4,Vinf,Vinf,souffrir,,C/V\.'C/V\
283,50,1,Marcus,marcus,NPR,1017,marcus_Z,5,N,N,,c,C/V\.'C/V\
284,50,2,et,et,CON:coord,1018,et_S,5,Crd,Crd,et,,/V\
285,50,3,en,en,PRE,1019,en1_+S,5,Pre,Pre,en1,,/V\
286,50,4,seurnom,seurnom,NOM,1020,sornom_+T,5,N,N,,,C/V\.'C/V\
287,50,5,Storeus,storeus,VER,1021,<unknown>,5,N,N,,,C/V\.'C/V\
288,51,1,Storeus,storeus,VER,1021,<unknown>,5,N,N,,,C/V\.'C/V\
289,51,2,",",",",PON,1022,",",5,Pnc,Pnc,,,
290,51,3,qui,qui,PROCON,1023,qui_S,5,Qux,Qux,qui,s,C/V\
291,51,4,vault,vault,VER,1024,valoir_+M,5,Vfin,Vfin,valoir,,C/V\
292,51,5,autant,autant,ADV,1025,autant_I,5,Adv,Adv,autant,,/V\.'C/V\
293,51,6,a,a,PRE,1026,a_S,5,Pre,Pre,à,,/V\
294,51,7,dire,dire,VER,1027,dire_+MIT,5,Vinf,Vinf,dire,,'C/V\.C/(e)\
295,52,1,en,en,PRE,1028,en1_+S,5,Pre,Pre,en1,,/V\
296,52,2,rommant,rommant,NOM,1029,<nolem>,5,N,N,,,C/V\.'C/V\
297,52,3,que,que,PROCON,1030,que3_S,5,Sub,Sub,que,,C/(e)\
298,52,4,«,«,PON:cit,1031,«,5,Pnc,Pnc,,,
299,52,5,garde,garde,VER,1032,garder_+MI,5,N,N,,,'C/V\.C/(e)\
300,52,6,de,de,PRE,1033,de_+S,5,Pre,Pre,de,,C/(e)\
301,52,7,droit,droit,NOM,1034,droit_CIT,5,N,N,droit1,,C/V\
302,53,1,et,et,CON:coord,1089,et_S,5,Crd,Crd,et,,/V\
303,53,2,ce,ce,PRO:invar,1090,ce1_S,5,Prn,Prn,ce1,s,C/(e)\
304,53,3,estoit,estoit,VER,1091,ester|estre1_+IM|+I,5,Vfin,Vfin,être1|ester,,/V\.'C/V\
305,53,4,ses,ses,DET:poss,1092,son4_S,5,Det,Det,son4,,C/V\
306,53,5,propres,propres,ADJ,1093,propre_+C,5,Adj,Adj,propre,,'C/V\.C/e\
307,53,6,mestiers,mestiers,NOM,1094,mestier_+CI,5,N,N,,,C/V\.'C/V\
308,54,1,de,de,PRE,1102,de_+S,5,Pre,Pre,de,,C/(e)\
309,54,2,Romme,romme,NPR,1103,rome_Z,5,N,N,,,'C/V\.C/(e)\
310,54,3,estoit,estoit,VER,1104,ester|estre1_+IM|+I,5,Vfin,Vfin,être1|ester,,/V\.'C/V\
311,54,4,Antonius,antonius,NPR,1105,antonius_Z,5,N,N,,a,/V\.C/V\.C/V\.'C/V\
312,55,1,de,de,PRE,1133,de_+S,5,Pre,Pre,de,,C/(e)\
313,55,2,nulluy,nulluy,PRO:ind,1134,nul_S,5,QIs,QIs,nul,,C/V\.'C/V\
314,55,3,",",",",PON,1135,",",5,Pnc,Pnc,,,
315,55,4,ne,ne,PRO:clit,1136,en2_S,5,Crd,Crd,ne2,,C/(e)\
316,55,5,pour,pour,PRE,1137,por2_+S,5,Pre,Pre,pour,,C/V\
317,55,6,amistié,amistié,NOM,1138,amistié_+IT,5,N,N,,,/V\.C/V\.'C/V\
318,56,1,en,en,PRE,1142,en1_+S,5,Pre,Pre,en1,,/V\
319,56,2,quoy,quoy,PRO:invar,1143,coi2_S,5,Qux,Qux,que,,C/V\
320,56,3,nulz,nulz,PRO:ind,1144,nul_S,5,QIs,QIs,nul,s,C/V\
321,56,4,peüst,peust,VER,1145,pöoir_+I,5,Vfin,Vfin,pouvoir2,,C/(V)\.'/V\
322,56,5,encheoir,encheoir,VER,1146,enchëoir_+MMdTd,5,Vinf,Vinf,,c,/V\.C/(V)\.'/V\
323,57,1,Ruthonius,ruthonius,NPR,1161,<unknown>,6,N,N,,a,C/V\.C/V\.C/V\.'C/V\
324,57,2,et,et,CON:coord,1162,et_S,6,Crd,Crd,et,,/V\
325,57,3,en,en,PRE,1163,en1_+S,6,Pre,Pre,en1,,/V\
326,57,4,seurnom,seurnom,NOM,1164,sornom_+T,6,N,N,,,C/V\.'C/V\
327,58,1,et,et,CON:coord,1162,et_S,6,Crd,Crd,et,,/V\
328,58,2,en,en,PRE,1163,en1_+S,6,Pre,Pre,en1,,/V\
329,58,3,seurnom,seurnom,NOM,1164,sornom_+T,6,N,N,,,C/V\.'C/V\
330,58,4,Philopater,philopater,VER,1165,<unknown>,6,N,N,,,C/V\.C/V\.C/V\.'C/V\
331,59,1,qui,qui,PROCON,1166,qui_S,6,Qux,Qux,qui,s,C/V\
332,59,2,vault,vault,VER,1167,valoir_+M,6,Vfin,Vfin,valoir,,C/V\
333,59,3,en,en,PRE,1168,en1_+S,6,Pre,Pre,en1,,/V\
334,59,4,rommans,rommans,NOM,1169,roman|romanz_*I|I,6,N,N,,,C/V\.'C/V\
335,59,5,comme,comme,VER,1170,commer_M,6,Sub,Sub,comme,,'C/V\.C/(e)\
336,59,6,«,«,PON:cit,1171,«,6,Pnc,Pnc,,,
337,59,7,pere,pere,NOM,1172,paire|pere1|piere_+T|+T|+T,6,N,N,,,'C/V\.C/(e)\
338,60,1,que,que,PROCON,1195,que3_S,6,Sub,Sub,que,,C/(e)\
339,60,2,onques,onques,ADV,1196,onque_+CIT,6,Adv,Adv,onques,,'/V\.C/e\
340,60,3,nul,nul,DET:ind,1197,nul_S,6,QIs,QIs,nul,,C/V\
341,60,4,home,home,NOM,1198,ome_+CIT,6,N,N,,,'/V\.C/(e)\
342,60,5,ne,ne,PRO:clit,1199,en2_S,6,Neg,Neg$$,ne1,,C/(e)\
343,60,6,voult,voult,VER,1200,voloir_+C,6,Vfin,Vfin,vouloir,,C/V\
344,60,7,faire,faire,VER,1201,faire_+MIT,6,Vinf,Vinf,faire,,'C/V\.C/(e)\
345,61,1,et,et,CON:coord,1213,et_S,6,Crd,Crd,et,,/V\
346,61,2,li,li,DET:def,1214,le_S,6,Det,Det,le,,C/V\
347,61,3,septiesmes,septiesmes,ADJ:ord,1215,<unknown>,6,Adj,Adj,,,C/V\.'C/V\.C/e\
348,61,4,Cipio,cipio,NOM,1216,<unknown>,6,N,N,,a,C/V\.C/V\.'C/V\
349,62,1,et,et,CON:coord,1251,et_S,6,Crd,Crd,et,,/V\
350,62,2,de,de,PRE,1252,de_+S,6,Pre,Pre,de,,C/(e)\
351,62,3,ce,ce,PRO:invar,1253,ce1_S,6,Prn,Prn,ce1,,C/(e)\
352,62,4,estoient,estoient,VER,1254,ester|estre1_+M|+I,6,Vfin,Vfin,être1|ester,,/V\.'C/V\./e\
353,62,5,leur,leur,DET:poss,1255,lor2_S,6,Det,Det,leur2,,C/V\
354,62,6,seurnom,seurnom,NOM,1256,sornom_+T,6,N,N,,,C/V\.'C/V\
355,63,1,estoit,estoit,VER,1274,ester|estre1_+IM|+I,7,Vfin,Vfin,être1|ester,,/V\.'C/V\
356,63,2,manans,manans,VER,1275,manoir_M,7,Vprs,Vprs,,,C/V\.'C/V\
357,63,3,dehors,dehors,ADV,1276,defors_T,7,PrA,PrA,dehors,,C/V\.'C/V\
358,63,4,les,les,DET:def,1277,le_S,7,Det,Det,le,,C/V\
359,63,5,murs,murs,NOM,1278,mur_+I,7,N,N,,,C/V\
360,64,1,dehors,dehors,ADV,1276,defors_T,7,PrA,PrA,dehors,,C/V\.'C/V\
361,64,2,les,les,DET:def,1277,le_S,7,Det,Det,le,,C/V\
362,64,3,murs,murs,NOM,1278,mur_+I,7,N,N,,,C/V\
363,64,4,de,de,PRE,1279,de_+S,7,Pre,Pre,de,,C/(e)\
364,64,5,la,la,DET:def,1280,le_S,7,Det,Det,le,,C/V\
365,64,6,cité,cité,NOM,1281,cité_+IT,7,N,N,,,C/V\.'C/V\
366,65,1,de,de,PRE,1282,de_+S,7,Pre,Pre,de,,C/(e)\
367,65,2,Romme,romme,NPR,1283,rome_Z,7,N,N,,,'C/V\.C/(e)\
368,65,3,uns,uns,DET:ndf,1284,un_S,7,QIs,QIs,un,,/V\
369,65,4,riches,riches,ADJ,1285,riche_+I,7,Adj,Adj,riche,,'C/V\.C/e\
370,65,5,homs,homs,NOM,1286,ome_+C,7,N,N,,,/V\
371,65,6,puissans,puissans,ADJ,1287,poissant_*+IT,7,Adj,Adj,,,C/V\.'C/V\
372,66,1,granz,granz,ADJ,1298,grant_+I,7,Adj,Adj,grand,,C/V\
373,66,2,fiefz,fiefz,NOM,1299,fief_*+IT,7,N,N,,,C/V\
374,66,3,et,et,CON:coord,1300,et_S,7,Crd,Crd,et,,/V\
375,66,4,grans,grans,ADJ,1301,grant_+I,7,Adj,Adj,grand,,C/V\
376,66,5,possessions,possessions,NOM,1302,possession_C,7,N,N,,,C/V\.C/V\.C/{V}\.'/V\
377,67,1,et,et,CON:coord,1304,et_S,7,Crd,Crd,et,,/V\
378,67,2,avoit,avoit,VER,1305,avoiier|avoir_+MI|+MI,7,Vfin,Vfin,avoir1,,/V\.'C/V\
379,67,3,a,a,PRE,1306,a_S,7,Pre,Pre,à,,/V\
380,67,4,nom,nom,NOM,1307,nom_+CIT,7,N,N,,,C/V\
381,67,5,Famius,famius,ADJ,1308,<unknown>,7,N,N,,c,C/V\.C/V\.'C/V\
382,68,1,pourquoy,pourquoy,VER,1318,<unknown>,7,Qux,Qux,pourquoi,,C/V\.'C/V\
383,68,2,j',j',PRO:pers,1319,je_S,7,Prn,Prn$,1ps,s,C/\
384,68,3,ay,ay,VER,1320,aidier|avoir_+Md|+CMI,7,Vfin,Vfin,avoir1,,/V\
385,68,4,commencié,commencié,VER,1321,commencer_M,7,Vpp,Vpp,commencer,,C/V\.C/V\.'C/V\
386,68,5,mon,mon,DET:poss,1322,mon1_S,7,Det,Det,mon1,,C/V\
387,68,6,compte,compte,NOM,1323,conte1|conte2_+Z|+Z,7,N,N,,,'C/V\.C/(e)\
388,69,1,de,de,PRE,1329,de_+S,7,Pre,Pre,de,,C/(e)\
389,69,2,grant,grant,ADJ,1330,grant_+CIT,7,Adj,Adj,grand,,C/V\
390,69,3,noblesse,noblesse,NOM,1331,<nolem>,7,N,N,,,C/V\.'C/V\.C/(e)\
391,69,4,et,et,CON:coord,1332,et_S,7,Crd,Crd,et,,/V\
392,69,5,assasez,assasez,VER,1333,<nolem>,7,Vpp,Vpp,,,/V\.C/V\.'C/V\
393,70,1,et,et,CON:coord,1332,et_S,7,Crd,Crd,et,,/V\
394,70,2,assasez,assasez,VER,1333,<nolem>,7,Vpp,Vpp,,,/V\.C/V\.'C/V\
395,70,3,de,de,PRE,1334,de_+S,7,Pre,Pre,de,,C/(e)\
396,70,4,grant,grant,ADJ,1335,grant_+CIT,7,Adj,Adj,grand,,C/V\
397,70,5,richece,richece,NOM,1336,richece_+IT,7,N,N,,,C/V\.'C/V\.C/(e)\
398,71,1,de,de,PRE,1341,de_+S,7,Pre,Pre,de,,C/(e)\
399,71,2,haute,haute,ADJ,1342,haut_+I,7,Adj,Adj,haut,,'C/V\.C/(e)\
400,71,3,gent,gent,NOM,1343,gent1|giant_+IT|+T,7,N,N,,,C/V\
401,71,4,et,et,CON:coord,1344,et_S,7,Crd,Crd,et,,/V\
402,71,5,de,de,PRE,1345,de_+S,7,Pre,Pre,de,,C/(e)\
403,71,6,vaillant,vaillant,ADJ,1346,vaillant_Z,7,Adj,Adj,,,C/V\.'C/V\
404,72,1,et,et,CON:coord,1358,et_S,7,Crd,Crd,et,,/V\
405,72,2,amez,amez,VER,1359,amer1|amer_+I|MI,7,Vpp,Vpp,aimer,,/V\.'C/V\
406,72,3,de,de,PRE,1360,de_+S,7,Pre,Pre,de,,C/(e)\
407,72,4,tout,tout,DET:ind,1361,tot_S,7,QIs,QIs,tout,,C/V\
408,72,5,le,le,DET:def,1362,le_S,7,Det,Det,le,,C/(e)\
409,72,6,païs,païs,NOM,1363,päis_+I,7,N,N,,,C/V\.'C/V\
410,73,1,une,une,DET:ndf,1378,un_S,7,QIs,QIs,un,,'/V\.C/(e)\
411,73,2,damoiselle,damoiselle,NOM,1379,damoisele_+C,7,N,N,,,C/V\.C/V\.'C/V\.C/(e)\
412,73,3,gentil,gentil,ADJ,1380,gentil_+IT,7,Adj,Adj,gentil1,,C/V\.'C/V\
413,74,1,mais,mais,CON:coord,1386,mais_S,7,Crd,Crd,mais1,,C/V\
414,74,2,je,je,PRO:pers,1387,je_S,7,Prn,Prn$,1ps,s,C/(e)\
415,74,3,ne,ne,PRO:clit,1388,en2_S,7,Neg,Neg$$,ne1,,C/(e)\
416,74,4,vous,vous,PRO:pers,1389,vos1_S,7,Prn,Prn$$,2pp,,C/V\
417,74,5,sçay,sçay,VER,1390,saveir_M,7,Vfin,Vfin,savoir,,C/V\
418,74,6,mie,mie,ADV,1391,mie_C,7,Neg,Neg,mie3,,'C/V\./(e)\
419,74,7,a,a,PRE,1392,a_S,7,Pre,Pre,à,,/V\
420,74,8,dire,dire,VER,1393,dire_+MIT,7,Vinf,Vinf,dire,,'C/V\.C/(e)\
421,75,1,l',l',PRO:pers,1405,il_S,7,Prn,Prn$$,3p,,C/\
422,75,2,en,en,PRO:clit,1406,en2_S,7,Prn,Prn$$,en2,,/V\
423,75,3,entendoit,entendoit,VER,1407,entendre_+M,7,Vfin,Vfin,entendre,,/V\.C/V\.'C/V\
424,75,4,plus,plus,ADV,1408,plus_CI,7,Adv,Adv,plus,,C/V\
425,75,5,a,a,PRE,1409,a_S,7,Pre,Pre,à,,/V\
426,75,6,honnour,honnour,NOM,1410,onor_*+IT,7,N,N,,,/V\.'C/V\
427,76,1,a,a,PRE,1415,a_S,7,Pre,Pre,à,,/V\
428,76,2,bonté,bonté,NOM,1416,bonté_+IT,7,N,N,,,C/V\.'C/V\
429,76,3,et,et,CON:coord,1417,et_S,7,Crd,Crd,et,,/V\
430,76,4,a,a,PRE,1418,a_S,7,Pre,Pre,à,,/V\
431,76,5,gentillece,gentillece,NOM,1419,gentillece_+IT,7,N,N,,,C/V\.C/V\.'C/V\.C/(e)\
432,77,1,ne,ne,PRO:clit,1446,en2_S,7,Crd,Crd,ne2,,C/(e)\
433,77,2,a,a,VER,1447,avoir_+CMI,7,Pre,Pre,à,,/V\
434,77,3,franchise,franchise,NOM,1448,franchise_+CIT,7,N,N,,,C/V\.'C/V\.C/(e)\
435,77,4,se,se,DET:poss,1449,son4_S,7,Det,Det,son4,,C/(e)\
436,77,5,petit,petit,ADJ,1450,petit_+CIT,7,Adj,Adj,petit,,C/V\.'C/V\
437,77,6,non,non,NOM,1451,nom_+CIT,7,Neg,Neg,non,,C/V\
438,78,1,que,que,PROCON,1482,que3_S,8,Sub,Sub,que,,C/(e)\
439,78,2,onques,onques,ADV,1483,onque_+CIT,8,Adv,Adv,onques,,'/V\.C/e\
440,78,3,n',n',PRO:clit,1484,en2_S,8,Neg,Neg$$,ne1,,C/\
441,78,4,en,en,PRO:clit,1485,en2_S,8,Prn,Prn$$,en2,,/V\
442,78,5,pot,pot,VER,1486,paistre|pöoir_+M|+I,8,Vfin,Vfin,pouvoir2,,C/V\
443,78,6,enfant,enfant,NOM,1487,enfant_+CIT,8,N,N,,c,/V\.'C/V\
444,78,7,avoir,avoir,VER,1488,avoir_+MIT,8,Vinf,Vinf,avoir1,,/V\.'C/V\
445,79,1,car,car,CON:coord,1500,car_S,8,Crd,Crd,car,,C/V\
446,79,2,moult,moult,ADV,1501,mout_I,8,QIs,QIs,moult,,C/V\
447,79,3,desiroit,desiroit,VER,1502,desirer_*M,8,Vfin,Vfin,désirer,,C/V\.C/V\.'C/V\
448,79,4,a,a,PRE,1503,a_S,8,Pre,Pre,à,,/V\
449,79,5,avoir,avoir,VER,1504,avoir_+MIT,8,Vinf,Vinf,avoir1,,/V\.'C/V\
450,80,1,ne,ne,PRO:clit,1550,en2_S,8,Crd,Crd,ne2,,C/(e)\
451,80,2,repos,repos,VER,1551,pondre|poser_+M|+M,8,N,N,,,C/V\.'C/V\
452,80,3,par,par,PRE,1552,par_S,8,Pre,Pre,par1,,C/V\
453,80,4,nuit,nuit,NOM,1553,nuit_+CIT,8,N,N,,,C/V\
454,80,5,ne,ne,PRO:clit,1554,en2_S,8,Crd,Crd,ne2,,C/(e)\
455,80,6,par,par,PRE,1555,par_S,8,Pre,Pre,par1,,C/V\
456,80,7,jour,jour,NOM,1556,jor_+C,8,N,N,,,C/V\
457,81,1,Dieu,dieu,NOM,1566,dieu_+CIT,8,N,N,,,C/V\
458,81,2,que,que,PROCON,1567,que3_S,8,Sub,Sub,que,,C/(e)\
459,81,3,elle,elle,PRO:pers,1568,il_S,8,Prn,Prn$,3p,s,'/V\.C/(e)\
460,81,4,en,en,PRO:clit,1569,en2_S,8,Prn,Prn$$,en2,,/V\
461,81,5,peüst,peust,VER,1570,pöoir_+I,8,Vfin,Vfin,pouvoir2,,C/(V)\.'/V\
462,81,6,un,un,DET:ndf,1571,un_S,8,QIs,QIs,un,c,/V\
463,81,7,avoir,avoir,VER,1572,avoir_+MIT,8,Vinf,Vinf,avoir1,,/V\.'C/V\
464,82,1,fu,fu,VER,1641,estre1|estre_+I|CMI,9,Vfin,Vfin,être1|ester,,C/V\
465,82,2,retournee,retournee,VER,1642,retorner_*+I,9,Vpp,Vpp,retourner,,C/V\.C/V\.'C/V\./(e)\
466,82,3,du,du,PREDET:de,1643,de+le_S,9,Pre+Det,Pre+Det,de+le,,C/V\
467,82,4,moustier,moustier,NOM,1644,mostier_*+IT,9,N,N,,,C/V\.'C/V\
468,83,1,ne,ne,PRO:clit,1789,en2_S,10,Crd,Crd,ne2,,C/(e)\
469,83,2,l',l',DET:def,1790,le_S,10,Det,Det,le,,C/\
470,83,3,esbatement,esbatement,NOM,1791,esbatement_+T,10,N,N,,,/V\.C/V\.C/e\.'C/V\
471,83,4,qui,qui,PROCON,1792,qui_S,10,Qux,Qux,qui,s,C/V\
472,83,5,fu,fu,VER,1793,estre1|estre_+I|CMI,10,Vfin,Vfin,être1|ester,,C/V\
473,83,6,fait,fait,VER,1794,faire|farre_+CMI|M,10,Vpp,Vpp,faire,,C/V\
474,84,1,pour,pour,PRE,1795,por2_+S,10,Pre,Pre,pour,,C/V\
475,84,2,la,la,DET:def,1796,le_S,10,Det,Det,le,,C/V\
476,84,3,nouvelle,nouvelle,NOM,1797,novele_*+IT,10,N,N,,,C/V\.'C/V\.C/(e)\
477,84,4,de,de,PRE,1798,de_+S,10,Pre,Pre,de,,C/(e)\
478,84,5,l',l',DET:def,1799,le_S,10,Det,Det,le,,C/\
479,84,6,enfant,enfant,NOM,1800,enfant_+CIT,10,N,N,,,/V\.'C/V\
480,85,1,Et,et,CON:coord,1824,et_S,10,Crd,Crd,et,,/V\
481,85,2,quant,quant,ADV,1825,cant_C,10,Sub,Sub,quand,,C/V\
482,85,3,Famius,famius,ADJ,1826,<unknown>,10,N,N,,s,C/V\.C/V\.'C/V\
483,85,4,ot,ot,VER,1827,avoir|öir_+IM|+I,10,Vfin,Vfin,avoir1|ouïr,,/V\
484,85,5,oÿ,oÿ,VER,1828,öir_+I,10,Vpp,Vpp,ouïr,,/V\.'C/V\
485,86,1,ne,ne,PRO:clit,1837,en2_S,10,Crd,Crd,ne2,,C/(e)\
486,86,2,saouler,saouler,VER,1838,saouler_M,10,Vinf,Vinf,,,C/(V)\./V\.'C/V\
487,86,3,de,de,PRE,1839,de_+S,10,Pre,Pre,de,,C/(e)\
488,86,4,joye,joye,NOM,1840,joie|joïe1|joïe2_+IT|+Td|+Td,10,N,N,,c,'C/V\./(e)\
489,86,5,faire,faire,VER,1841,faire_+MIT,10,Vinf,Vinf,faire,,'C/V\.C/(e)\
490,87,1,et,et,CON:coord,1843,et_S,10,Crd,Crd,et,,/V\
491,87,2,fist,fist,VER,1844,faire|feire|fere_+CMI|M|M,10,Vfin,Vfin,faire,,C/V\
492,87,3,querir,querir,VER,1845,querre_+T,10,Vinf,Vinf,quérir,,C/V\.'C/V\
493,87,4,quatre,quatre,ADJ:card,1846,catre_CIT,10,QIs,QIs,4,,'C/V\.C/(e)\
494,87,5,nourrices,nourrices,NOM,1847,<unknown>,10,N,N,,,C/V\.'C/V\.C/e\
495,88,1,de,de,PRE,1848,de_+S,10,Pre,Pre,de,,C/(e)\
496,88,2,grant,grant,ADJ,1849,grant_+CIT,10,Adj,Adj,grand,,C/V\
497,88,3,affaire,affaire,NOM,1850,afaire_G,10,N,N,,,/V\.'C/V\.C/(e)\
498,88,4,pour,pour,PRE,1851,por2_+S,10,Pre,Pre,pour,,C/V\
499,88,5,l',l',DET:def,1852,le_S,10,Det,Det,le,,C/\
500,88,6,enfant,enfant,NOM,1853,enfant_+CIT,10,N,N,,,/V\.'C/V\
501,89,1,elles,elles,PRO:pers,1863,il_S,10,Prn,Prn$,3p,s,'/V\.C/e\
502,89,2,savoient,savoient,VER,1864,savoir_+IM,10,Vfin,Vfin,savoir,,C/V\.'C/V\./e\
503,89,3,demander,demander,VER,1865,demander|dementer_+IT|+M,10,Vinf,Vinf,demander,,C/V\.C/V\.'C/V\
504,90,1,ne,ne,PRO:clit,1866,en2_S,10,Crd,Crd,ne2,,C/(e)\
505,90,2,deviser,deviser,VER,1867,deviser_+IMT,10,Vinf,Vinf,,,C/V\.C/V\.'C/V\
506,90,3,qui,qui,PROCON,1868,qui_S,10,Qux,Qux,qui,s,C/V\
507,90,4,proufitable,proufitable,ADJ,1869,porfitable_*+T,10,Adj,Adj,,,C/V\.C/V\.'C/V\.C/(e)\
508,91,1,Et,et,CON:coord,1899,et_S,10,Crd,Crd,et,,/V\
509,91,2,quant,quant,ADV,1900,cant_C,10,Sub,Sub,quand,,C/V\
510,91,3,l',l',DET:def,1901,le_S,10,Det,Det,le,,C/\
511,91,4,enfant,enfant,NOM,1902,enfant_+CIT,10,N,N,,,/V\.'C/V\
512,91,5,vint,vint,VER,1903,venir|voir_+CI|M,10,Vfin,Vfin,venir,,C/V\
513,91,6,en,en,PRE,1904,en1_+S,10,Pre,Pre,en1,,/V\
514,91,7,aage,aage,NOM,1905,ëage_+ITd,10,N,N,,,/(V)\.'/V\
515,92,1,qu',qu',PROCON,1906,que1|que2|que3|que4_S|S|S|S,10,Sub,Sub,que,,C/\
516,92,2,il,il,PRO:pers,1907,il_S,10,Prn,Prn$,3p,s,/V\
517,92,3,pot,pot,VER,1908,paistre|pöoir_+M|+I,10,Vfin,Vfin,pouvoir2,,C/V\
518,92,4,estre,estre,VER,1909,entr'estre|estre1_+M|+IT,10,Vinf,Vinf,être1|ester,,'/V\.C/(e)\
519,92,5,sanz,sanz,PRE,1910,sans_+S,10,Pre,Pre,sans,,C/V\
520,92,6,aletier,aletier,VER,1911,alaitier_+Z,10,Vinf,Vinf,,,/V\.C/V\.'C/V\
521,93,1,il,il,PRO:pers,1920,il_S,10,Prn,Prn$,3p,s,/V\
522,93,2,n',n',PRO:clit,1921,en2_S,10,Neg,Neg$$,ne1,,C/\
523,93,3,estoit,estoit,VER,1922,ester|estre1_+IM|+I,10,Vfin,Vfin,être1|ester,,/V\.'C/V\
524,93,4,riens,riens,ADV,1923,riens_Z,10,N,N,rien,,C/V\
525,93,5,qu',qu',PROCON,1924,que1|que2|que3|que4_S|S|S|S,10,Qux,Qux,que,c,C/\
526,93,6,il,il,PRO:pers,1925,il_S,10,Prn,Prn$,3p,s,/V\
527,93,7,voulsist,voulsist,VER,1926,voloir_*+I,10,Vfin,Vfin,vouloir,,C/V\.'C/V\
528,93,8,faire,faire,VER,1927,faire_+MIT,10,Vinf,Vinf,faire,c,'C/V\.C/(e)\
529,94,1,qui,qui,PROCON,1951,qui_S,10,Qux,Qux,qui,s,C/V\
530,94,2,tant,tant,ADV,1952,tant_CI,10,QIs,QIs,tant,,C/V\
531,94,3,l',l',PRO:pers,1953,il_S,10,Prn,Prn$$,3p,c,C/\
532,94,4,amoit,amoit,VER,1954,amer1|amüir_+I|+MMd,10,Vfin,Vfin,aimer,,/V\.'C/V\
533,94,5,plus,plus,ADV,1955,plus_CI,10,Adv,Adv,plus,,C/V\
534,94,6,que,que,PROCON,1956,que3_S,10,Sub,Sub,que,,C/(e)\
535,94,7,soy,soy,PRO:pers,1957,soi1_S,10,Prn,Prn,soi,,C/V\
536,94,8,mesmes,mesmes,ADV,1958,mëisme_Z,10,Adv,Adv,même,,'C/V\.C/e\
537,95,1,et,et,CON:coord,1960,et_S,10,Crd,Crd,et,,/V\
538,95,2,lui,lui,PRO:pers,1961,il|loi1_S|S,10,Prn,Prn$$,3p,,C/V\
539,95,3,acoustuma,acoustuma,VER,1962,<unknown>,10,Vfin,Vfin,,,/V\.C/V\.C/V\.'C/V\
540,95,4,a,a,PRE,1963,a_S,10,Pre,Pre,à,,/V\
541,95,5,faire,faire,VER,1964,faire_+MIT,10,Vinf,Vinf,faire,,'C/V\.C/(e)\
542,96,1,et,et,CON:coord,1974,et_S,10,Crd,Crd,et,,/V\
543,96,2,sa,sa,DET:poss,1975,son4_S,10,Det,Det,son4,,C/V\
544,96,3,mere,mere,NOM,1976,mere_+CIT,10,N,N,,,'C/V\.C/(e)\
545,96,4,si,si,DET:poss,1977,son4_S,10,Adv,Adv,si4,,C/V\
546,96,5,deceüz,deceüz,VER,1978,decevoir_+I,10,Vpp,Vpp,décevoir,,C/V\.C/(V)\.'/V\
547,97,1,et,et,CON:coord,2065,et_S,11,Crd,Crd,et,,/V\
548,97,2,avoit,avoit,VER,2066,avoiier|avoir_+MI|+MI,11,Vfin,Vfin,avoir1,,/V\.'C/V\
549,97,3,en,en,PRE,2067,en1_+S,11,Pre,Pre,en1,,/V\
550,97,4,nom,nom,NOM,2068,nom_+CIT,11,N,N,,,C/V\
551,97,5,Berinus,berinus,NPR,2069,<unknown>,11,N,N,,c,C/V\.C/V\.'C/V\
552,98,1,par,par,PRE,2096,par_S,11,Pre,Pre,par1,,C/V\
553,98,2,quoy,quoy,PRO:invar,2097,coi2_S,11,Qux,Qux,que,,C/V\
554,98,3,tous,tous,DET:ind,2098,tot_S,11,QIs,QIs,tout,,C/V\
555,98,4,ceulx,ceulx,PRO:demo,2099,cel_S,11,Dem,Dem,cil,,C/V\
556,98,5,qui,qui,PROCON,2100,qui_S,11,Qux,Qux,qui,s,C/V\
557,98,6,enfans,enfans,NOM,2101,enfant_+C,11,N,N,,c,/V\.'C/V\
558,98,7,ont,ont,VER,2102,avoir|devoir_+CIM|+M,11,Vfin,Vfin,avoir1,,/V\
559,99,1,y,y,PRO:clit,2103,i2_S,11,Prn,Prn$$,y,,/V\
560,99,2,devroient,devroient,VER,2104,devoir_+M,11,Vfin,Vfin,devoir2,,C/V\.'C/V\./e\
561,99,3,bien,bien,ADV,2105,bien1|bien2|bien_+IT|C|I,11,Adv,Adv,bien,,C/V\
562,99,4,prendre,prendre,VER,2106,prendre_+MIT,11,Vinf,Vinf,prendre,,'C/V\.C/(e)\
563,99,5,garde,garde,VER,2107,garder_+MI,11,N,N,,c,'C/V\.C/(e)\
564,100,1,garde,garde,VER,2107,garder_+MI,11,N,N,,c,'C/V\.C/(e)\
565,100,2,et,et,CON:coord,2108,et_S,11,Crd,Crd,et,,/V\
566,100,3,chastïer,chastier,VER,2109,chastiier_+IM,11,Vinf,Vinf,,,C/V\.C/V\.'C/V\
567,100,4,leurs,leurs,DET:poss,2110,lor2_S,11,Det,Det,leur2,,C/V\
568,100,5,enfans,enfans,NOM,2111,enfant_+C,11,N,N,,,/V\.'C/V\
569,101,1,et,et,CON:coord,2166,et_S,12,Crd,Crd,et,,/V\
570,101,2,s',s',PRO:pers,2167,soi1_S,12,Sub,Sub,si3,,C/\
571,101,3,il,il,PRO:pers,2168,il_S,12,Prn,Prn$,3p,s,/V\
572,101,4,tenist,tenist,VER,2169,tenir|tenoir_MI|M,12,Vfin,Vfin,tenir,,C/V\.'C/V\
573,101,5,verge,verge,NOM,2170,verge1|verge2|vire3_+IT|+T|+T,12,N,N,,,'C/V\.C/(e)\
574,101,6,ou,ou,PREDET:en,2171,en1+le_S,12,Crd,Crd,ou1,,/V\
575,101,7,baston,baston,NOM,2172,baston_+IT,12,N,N,,,C/V\.'C/V\
576,102,1,ou,ou,PRO:invar,2181,o5_S,12,Qux,Qux,où,,/V\
577,102,2,qu',qu',PROCON,2182,que1|que2|que3|que4_S|S|S|S,12,Sub,Sub,que,,C/\
578,102,3,il,il,PRO:pers,2183,il_S,12,Prn,Prn$,3p,s,/V\
579,102,4,les,les,PRO:pers,2184,il_S,12,Prn,Prn$$,3p,c,C/V\
580,102,5,peüst,peust,VER,2185,pöoir_+I,12,Vfin,Vfin,pouvoir2,,C/(V)\.'/V\
581,102,6,assener,assener,VER,2186,assener_+IT,12,Vinf,Vinf,,c,/V\.C/e\.'C/V\
582,103,1,ou,ou,PRO:pers,2255,il|vos1_S|S,12,Crd,Crd,ou1,,/V\
583,103,2,a,a,VER,2256,avoir_+CMI,12,Pre,Pre,à,,/V\
584,103,3,la,la,DET:def,2257,le_S,12,Det,Det,le,,C/V\
585,103,4,mere,mere,NOM,2258,mere_+CIT,12,N,N,,,'C/V\.C/(e)\
586,103,5,",",",",PON,2259,",",12,Pnc,Pnc,,,
587,103,6,pour,pour,PRE,2260,por2_+S,12,Pre,Pre,pour,,C/V\
588,103,7,blasmer,blasmer,VER,2261,blasmer_+MIT,12,Vinf,Vinf,,,C/V\.'C/V\
589,104,1,par,par,PRE,2317,par_S,13,Pre,Pre,par1,,C/V\
590,104,2,le,le,DET:def,2318,le_S,13,Det,Det,le,,C/(e)\
591,104,3,mauvais,mauvais,ADJ,2319,mauvais_+IT,13,Adj,Adj,,,C/V\.'C/V\
592,104,4,chastiement,chastiement,NOM,2320,chastïement_+Td,13,N,N,,,C/V\.C/V\.C/e\.'C/V\
593,105,1,de,de,PRE,2342,de_+S,13,Pre,Pre,de,,C/(e)\
594,105,2,tant,tant,ADV,2343,tant_CI,13,QIs,QIs,tant,,C/V\
595,105,3,estoit,estoit,VER,2344,ester|estre1_+IM|+I,13,Vfin,Vfin,être1|ester,,/V\.'C/V\
596,105,4,il,il,PRO:pers,2345,il_S,13,Prn,Prn%,3p,s,/V\
597,105,5,plus,plus,ADV,2346,plus_CI,13,Adv,Adv,plus,,C/V\
598,105,6,tentez,tentez,VER,2347,tenter_*+MT,13,Vpp,Vpp,,,C/V\.'C/V\
599,106,1,ne,ne,PRO:clit,2381,en2_S,13,Crd,Crd,ne2,,C/(e)\
600,106,2,petit,petit,ADV,2382,petit_I,13,Adv,Adv,petit,,C/V\.'C/V\
601,106,3,a,a,PRE,2383,a_S,13,Pre,Pre,à,,/V\
602,106,4,l',l',DET:def,2384,le_S,13,Det,Det,le,,C/\
603,106,5,ostel,ostel,NOM,2385,ostel_+CIT,13,N,N,,,/V\.'C/V\
604,106,6,son,son,DET:poss,2386,son4_S,13,Det,Det,son4,,C/V\
605,106,7,pere,pere,NOM,2387,paire|pere1|piere_+T|+T|+T,13,N,N,,,'C/V\.C/(e)\
606,107,1,qu',qu',PROCON,2415,que1|que2|que3|que4_S|S|S|S,14,Sub,Sub,que,,C/\
607,107,2,il,il,PRO:pers,2416,il_S,14,Prn,Prn$,3p,s,/V\
608,107,3,n',n',PRO:clit,2417,en2_S,14,Neg,Neg$$,ne1,,C/\
609,107,4,estoit,estoit,VER,2418,ester|estre1_+IM|+I,14,Vfin,Vfin,être1|ester,,/V\.'C/V\
610,107,5,nulz,nulz,PRO:ind,2419,nul_S,14,QIs,QIs,nul,,C/V\
611,107,6,qui,qui,PROCON,2420,qui_S,14,Qux,Qux,qui,s,C/V\
612,107,7,le,le,PRO:pers,2421,il_S,14,Prn,Prn$$,3p,c,C/(e)\
613,107,8,veïst,veist,VER,2422,vëoir_+I,14,Vfin,Vfin,voir1,,C/(V)\.'/V\
614,108,1,qui,qui,PROCON,2428,qui_S,14,Qux,Qux,qui,s,C/V\
615,108,2,ne,ne,PRO:clit,2429,en2_S,14,Neg,Neg$$,ne1,,C/(e)\
616,108,3,lui,lui,PRO:pers,2430,il|loi1_S|S,14,Prn,Prn$$,3p,,C/V\
617,108,4,donnast,donnast,VER,2431,doner|donner_*+I|M,14,Vfin,Vfin,donner,,C/V\.'C/V\
618,108,5,maleïcon,maleicon,NOM,2432,<unknown>,14,N,N,,c,C/V\.C/V\.'C/V\
619,109,1,l',l',PRO:pers,2445,il_S,14,Prn,Prn$$,3p,c,C/\
620,109,2,eschevoient,eschevoient,VER,2446,eschever|eschiver_*+MT|+MT,14,Vfin,Vfin,esquiver,,/V\.C/e\.'C/V\./e\
621,109,3,a,a,PRE,2447,a_S,14,Pre,Pre,à,,/V\
622,109,4,leur,leur,DET:poss,2448,lor2_S,14,Det,Det,leur2,,C/V\
623,109,5,pouoir,pouoir,NOM,2449,pooir_C,14,N,N,,,C/V\.'C/V\
624,110,1,et,et,CON:coord,2450,et_S,14,Crd,Crd,et,,/V\
625,110,2,se,se,PRO:pers,2451,soi1_S,14,Prn,Prn$$,soi,,C/(e)\
626,110,3,tardoient,tardoient,VER,2452,tarder_*+I,14,Vfin,Vfin,,,C/V\.'C/V\./e\
627,110,4,de,de,PRE,2453,de_+S,14,Pre,Pre,de,,C/(e)\
628,110,5,venir,venir,VER,2454,venir_+IT,14,Vinf,Vinf,venir,,C/V\.'C/V\
629,111,1,fu,fu,VER,2463,estre1|estre_+I|CMI,14,Vfin,Vfin,être1|ester,,C/V\
630,111,2,de,de,PRE,2464,de_+S,14,Pre,Pre,de,,C/(e)\
631,111,3,l',l',DET:def,2465,le_S,14,Det,Det,le,,C/\
632,111,4,aage,aage,NOM,2466,ëage_+ITd,14,N,N,,,/(V)\.'/V\
633,111,5,qu',qu',PROCON,2467,que1|que2|que3|que4_S|S|S|S,14,Sub,Sub,que,,C/\
634,111,6,il,il,PRO:pers,2468,il_S,14,Prn,Prn$,3p,s,/V\
635,111,7,pot,pot,VER,2469,paistre|pöoir_+M|+I,14,Vfin,Vfin,pouvoir2,,C/V\
636,111,8,aler,aler,VER,2470,aler|foraler_+MIT|+T,14,Vinf,Vinf,aller,,/V\.'C/V\
637,112,1,par,par,PRE,2471,par_S,14,Pre,Pre,par1,,C/V\
638,112,2,la,la,DET:def,2472,le_S,14,Det,Det,le,,C/V\
639,112,3,ville,ville,NOM,2473,vile|vëille_+C|+T,14,N,N,,,'C/V\.C/(e)\
640,112,4,pour,pour,PRE,2474,por2_+S,14,Pre,Pre,pour,,C/V\
641,112,5,lui,lui,PRO:pers,2475,il|loi1_S|S,14,Prn,Prn,3p,,C/V\
642,112,6,esbatre,esbatre,VER,2476,esbatre_+MIT,14,Vinf,Vinf,ébattre,,/V\.'C/V\.C/(e)\
643,113,1,lors,lors,ADV,2480,lors_+CIT,14,Adv,Adv,lors,,C/V\
644,113,2,fu,fu,VER,2481,estre1|estre_+I|CMI,14,Vfin,Vfin,être1|ester,,C/V\
645,113,3,il,il,PRO:pers,2482,il_S,14,Prn,Prn$,3p,s,/V\
646,113,4,mesdisant,mesdisant,VER,2483,mesdire_+Z,14,Vprs,Vprs,médire,,C/V\.C/V\.'C/V\
647,113,5,et,et,CON:coord,2484,et_S,14,Crd,Crd,et,,/V\
648,113,6,plain,plain,ADJ,2485,plein_+IT,14,Adj,Adj,plein,,C/V\
649,114,1,et,et,CON:coord,2484,et_S,14,Crd,Crd,et,,/V\
650,114,2,plain,plain,ADJ,2485,plein_+IT,14,Adj,Adj,,,C/V\
651,114,3,de,de,PRE,2486,de_+S,14,Pre,Pre,de,,C/(e)\
652,114,4,mauvaises,mauvaises,ADJ,2487,mauvais_+Z,14,Adj,Adj,,,C/V\.'C/V\.C/e\
653,114,5,paroles,paroles,NOM,2488,parole_+I,14,N,N,,,C/V\.'C/V\.C/e\
654,115,1,injure,injure,NOM,2520,enjure|injure_+T|+T,14,N,N,,c,/V\.'C/V\.C/(e)\
655,115,2,",",",",PON,2521,",",14,Pnc,Pnc,,,
656,115,3,si,si,ADV,2522,si_+IT,14,Adv,Adv,si4,,C/V\
657,115,4,comme,comme,VER,2523,commer_M,14,Sub,Sub,comme,,'C/V\.C/(e)\
658,115,5,de,de,PRE,2524,de_+S,14,Pre,Pre,de,,C/(e)\
659,115,6,eulx,eulx,PRO:pers,2525,il_S,14,Prn,Prn,3p,c,/V\
660,115,7,batre,batre,VER,2526,batre|entrebatre|forbatre_+MIT|+M|+T,14,Vinf,Vinf,battre,,'C/V\.C/(e)\
661,116,1,si,si,ADV,2522,si_+IT,14,Adv,Adv,si4,,C/V\
662,116,2,comme,comme,VER,2523,commer_M,14,Sub,Sub,comme,,'C/V\.C/(e)\
663,116,3,de,de,PRE,2524,de_+S,14,Pre,Pre,de,,C/(e)\
664,116,4,eulx,eulx,PRO:pers,2525,il_S,14,Prn,Prn,3p,c,/V\
665,116,5,batre,batre,VER,2526,batre|entrebatre|forbatre_+MIT|+M|+T,14,Vinf,Vinf,battre,,'C/V\.C/(e)\
666,116,6,et,et,CON:coord,2527,et_S,14,Crd,Crd,et,,/V\
667,116,7,ferir,ferir,VER,2528,ferir_+MIT,14,Vinf,Vinf,férir,,C/V\.'C/V\
668,117,1,se,se,PRO:pers,2548,soi1_S,14,Sub,Sub,si3,,C/(e)\
669,117,2,ne,ne,PRO:clit,2549,en2_S,14,Neg,Neg$$,ne1,,C/(e)\
670,117,3,fust,fust,VER,2550,estre1|fuster_+I|+M,14,Vfin,Vfin,être1|ester,,C/V\
671,117,4,pour,pour,PRE,2551,por2_+S,14,Pre,Pre,pour,,C/V\
672,117,5,cremeur,cremeur,NOM,2552,cremor_*+T,14,N,N,,,C/V\.'C/V\
673,117,6,du,du,PREDET:de,2553,de+le_S,14,Pre+Det,Pre+Det,de+le,,C/V\
674,117,7,pere,pere,NOM,2554,paire|pere1|piere_+T|+T|+T,14,N,N,,,'C/V\.C/(e)\
675,118,1,mais,mais,CON:coord,2613,mais_S,15,Crd,Crd,mais1,,C/V\
676,118,2,de,de,PRE,2614,de_+S,15,Pre,Pre,de,,C/(e)\
677,118,3,ce,ce,PRO:invar,2615,ce1_S,15,Prn,Prn,ce1,,C/(e)\
678,118,4,faisoit,faisoit,VER,2616,faire_+CM,15,Vfin,Vfin,faire,,C/V\.'C/V\
679,118,5,il,il,PRO:pers,2617,il_S,15,Prn,Prn%,3p,s,/V\
680,118,6,que,que,PROCON,2618,que3_S,15,Sub,Sub,que,,C/(e)\
681,118,7,fol,fol,ADJ,2619,fol3|fol_IT|I,15,Adj,Adj,,,C/V\
682,119,1,car,car,CON:coord,2633,car_S,15,Crd,Crd,car,,C/V\
683,119,2,quant,quant,ADV,2634,cant_C,15,Sub,Sub,quand,,C/V\
684,119,3,il,il,PRO:pers,2635,il_S,15,Prn,Prn$,3p,s,/V\
685,119,4,le,le,PRO:pers,2636,il_S,15,Prn,Prn$$,3p,c,C/(e)\
686,119,5,peüst,peust,VER,2637,pöoir_+I,15,Vfin,Vfin,pouvoir2,,C/(V)\.'/V\
687,119,6,avoir,avoir,VER,2638,avoir_+MIT,15,Vinf,Vinf,avoir1,,/V\.'C/V\
688,120,1,car,car,CON:coord,2658,car_S,15,Crd,Crd,car,,C/V\
689,120,2,il,il,PRO:pers,2659,il_S,15,Prn,Prn$,3p,s,/V\
690,120,3,estoit,estoit,VER,2660,ester|estre1_+IM|+I,15,Vfin,Vfin,être1|ester,,/V\.'C/V\
691,120,4,si,si,DET:poss,2661,son4_S,15,Adv,Adv,si4,,C/V\
692,120,5,endurciz,endurciz,VER,2662,<nolem>,15,Vpp,Vpp,,,/V\.C/V\.'C/V\
693,121,1,que,que,PROCON,2666,que3_S,15,Sub,Sub,que,,C/(e)\
694,121,2,moult,moult,ADV,2667,mout_I,15,QIs,QIs,moult,,C/V\
695,121,3,y,y,PRO:clit,2668,i2_S,15,Prn,Prn$$,y,,/V\
696,121,4,avoit,avoit,VER,2669,avoiier|avoir_+MI|+MI,15,Vfin,Vfin,avoir1,,/V\.'C/V\
697,121,5,fort,fort,ADJ,2670,fort_+IT,15,Adj,Adj,fort,,C/V\
698,121,6,au,au,PREDET:a,2671,a+le_S,15,Pre+Det,Pre+Det,à+le,,/V\
699,121,7,faire,faire,VER,2672,faire_+MIT,15,Vinf,Vinf,faire,c,'C/V\.C/(e)\
700,122,1,souvent,souvent,ADV,2680,sovent_*IT,15,Adv,Adv,souvent,,C/V\.'C/V\
701,122,2,que,que,PROCON,2681,que3_S,15,Sub,Sub,que,,C/(e)\
702,122,3,quant,quant,ADV,2682,cant_C,15,Sub,Sub,quand,,C/V\
703,122,4,une,une,DET:ndf,2683,un_S,15,QIs,QIs,un,,'/V\.C/(e)\
704,122,5,ente,ente,NOM,2684,ente_+IT,15,N,N,,,'/V\.C/(e)\
705,122,6,est,est,VER,2685,ester|estre1_+M|+I,15,Vfin,Vfin,être1|ester,,/V\
706,122,7,jeune,jeune,ADJ,2686,juene_Z,15,Adj,Adj,,a,'C/V\.C/(e)\
707,123,1,et,et,CON:coord,2757,et_S,15,Crd,Crd,et,,/V\
708,123,2,quant,quant,ADV,2758,cant_C,15,Sub,Sub,quand,,C/V\
709,123,3,il,il,PRO:pers,2759,il_S,15,Prn,Prn$,3p,s,/V\
710,123,4,fu,fu,VER,2760,estre1|estre_+I|CMI,15,Vfin,Vfin,être1|ester,,C/V\
711,123,5,d',d',PRE,2761,de_+S,15,Pre,Pre,de,,C/\
712,123,6,entendement,entendement,NOM,2762,entendement_+T,15,N,N,,,/V\.C/V\.C/e\.'C/V\
713,124,1,il,il,PRO:pers,2799,il_S,15,Prn,Prn$,3p,s,/V\
714,124,2,n',n',PRO:clit,2800,en2_S,15,Neg,Neg$$,ne1,,C/\
715,124,3,entendoit,entendoit,VER,2801,entendre_+M,15,Vfin,Vfin,entendre,,/V\.C/V\.'C/V\
716,124,4,ne,ne,PRO:clit,2802,en2_S,15,Crd,Crd,ne2,,C/(e)\
717,124,5,jour,jour,NOM,2803,jor_+C,15,N,N,,,C/V\
718,124,6,ne,ne,PRO:clit,2804,en2_S,15,Crd,Crd,ne2,,C/(e)\
719,124,7,nuit,nuit,NOM,2805,nuit_+CIT,15,N,N,,,C/V\
720,125,1,et,et,CON:coord,2807,et_S,15,Crd,Crd,et,,/V\
721,125,2,souvent,souvent,ADV,2808,sovent_*IT,15,Adv,Adv,souvent,,C/V\.'C/V\
722,125,3,en,en,PRO:clit,2809,en2_S,15,Prn,Prn$$,en2,,/V\
723,125,4,laissoit,laissoit,VER,2810,laissier_+M,15,Vfin,Vfin,laisser,,C/V\.'C/V\
724,125,5,le,le,PRO:pers,2811,il_S,15,Det,Det,le,,C/(e)\
725,125,6,boire,boire,VER,2812,boivre_+MT,15,Vinf,Vinf,boire,,'C/V\.C/(e)\
726,126,1,mais,mais,CON:coord,2852,mais_S,15,Crd,Crd,mais1,,C/V\
727,126,2,a,a,PRE,2853,a_S,15,Pre,Pre,à,,/V\
728,126,3,ce,ce,PRO:invar,2854,ce1_S,15,Prn,Prn,ce1,,C/(e)\
729,126,4,n',n',PRO:clit,2855,en2_S,15,Neg,Neg$$,ne1,,C/\
730,126,5,acontoit,acontoit,VER,2856,aconter_+M,15,Vfin,Vfin,,,/V\.C/V\.'C/V\
731,126,6,il,il,PRO:pers,2857,il_S,15,Prn,Prn%,3p,s,/V\
732,126,7,riens,riens,ADV,2858,riens_Z,15,N,N,rien,c,C/V\
733,127,1,car,car,CON:coord,2860,car_S,15,Crd,Crd,car,,C/V\
734,127,2,tant,tant,ADV,2861,tant_CI,15,QIs,QIs,tant,,C/V\
735,127,3,comme,comme,VER,2862,commer_M,15,Sub,Sub,comme,,'C/V\.C/(e)\
736,127,4,Agea,agea,VER,2863,<unknown>,15,N,N,,,/V\.C/V\.'C/V\
737,127,5,sa,sa,DET:poss,2864,son4_S,15,Det,Det,son4,,C/V\
738,127,6,mere,mere,NOM,2865,mere_+CIT,15,N,N,,,'C/V\.C/(e)\
739,128,1,despendoit,despendoit,VER,2895,despendre_*I,15,Vfin,Vfin,dépendre,,C/V\.C/V\.'C/V\
740,128,2,oultrageusement,oultrageusement,NOM,2896,<unknown>,15,N,N,,,/V\.C/V\.C/V\.C/e\.'C/V\
