wd_id,line_id,linewd,word,lex_id,tag,old_wd_id,TT lemma,para_id,syntag,synfunc
1,1,1,je,je,PRO:pers,7,je_S,1,Prn,s
2,1,2,pry,pry,VER,8,prendre|priier|prisier_+M|+I|+M,1,Vfin,
3,1,3,en,en,PRE,9,en1_+S,1,Pre,
4,1,4,mon,mon,DET:poss,10,mon1_S,1,Det,
5,1,5,prologue,prologue,NOM,11,prologue_+T,1,N,
6,2,1,a,a,PRE,12,a_S,1,Pre,
7,2,2,tous,tous,DET:ind,13,tot_S,1,Det,
8,2,3,ceulx,ceulx,PRO:demo,14,cel_S,1,Prn,
9,2,4,qui,qui,PROCON,15,qui_S,1,Sub,s
10,2,5,mon,mon,DET:poss,16,mon1_S,1,Det,
11,2,6,livre,livre,NOM,17,lievre|livre2|livre3_+T|+IT|+IT,1,N,
12,3,1,qu',qu',PROCON,64,que1|que2|que3|que4_S|S|S|S,1,Sub,
13,3,2,il,il,PRO:pers,65,il_S,1,Prn,s
14,3,3,ne,ne,PRO:clit,66,en2_S,1,Neg,
15,3,4,fu,fu,VER,67,estre1|estre_+I|CMI,1,Vfin,
16,3,5,oncques,oncques,ADV,68,onque_+Z,1,Adv,
17,3,6,nulz,nulz,PRO:ind,69,nul_S,1,Prn,
18,4,1,ne,ne,PRO:clit,74,en2_S,1,Crd,
19,4,2,jamais,jamais,ADV,75,ja|jamais_+IT|C,1,Adv,
20,4,3,ne,ne,PRO:clit,76,en2_S,1,Neg,
21,4,4,sera,sera,VER,77,estre1|estre|saveir|seoir_+I|CMI|M|M,1,Vfin,
22,5,1,qu',qu',PROCON,144,que1|que2|que3|que4_S|S|S|S,1,Sub,
23,5,2,il,il,PRO:pers,145,il_S,1,Prn,s
24,5,3,lui,lui,PRO:pers,146,il|loi1_S|S,1,Prn,
25,5,4,vueille,vueille,VER,147,voloir_*+Z,1,Vfin,
26,5,5,souffire,souffire,VER,148,souffir|souffire|suffire_M|M|M,1,Vinf,c
27,6,1,que,que,PROCON,171,que3_S,1,Sub,
28,6,2,li,li,DET:def,172,le_S,1,Det,
29,6,3,bon,bon,ADJ,173,bon_+CIT,1,Adj,
30,6,4,trouveour,trouveour,NOM,174,<unknown>,1,N,
31,7,1,ou,ou,PREDET:en,206,en1+le_S,1,Pre+Det,
32,7,2,mestier,mestier,NOM,207,mestier_+CIT,1,N,
33,7,3,de,de,PRE,208,de_+S,1,Pre,
34,7,4,trouver,trouver,VER,209,trover_*+IT,1,Vinf,
35,8,1,et,et,CON:coord,225,et_S,1,Crd,
36,8,2,de,de,PRE,226,de_+S,1,Pre,
37,8,3,leur,leur,DET:poss,227,lor2_S,1,Det,
38,8,4,soustenance,soustenance,NOM,228,sostenance_*+T,1,N,
39,9,1,Car,car,CON:coord,236,car_S,1,Crd,
40,9,2,adonques,adonques,ADV,237,adonc|adonques_+IT|G,1,Adv,
41,9,3,les,les,DET:def,238,le_S,1,Det,
42,9,4,roys,roys,NOM,239,roi2|rois1|rois2|roix_+I|+T|+T|+T,1,N,
43,10,1,et,et,CON:coord,244,et_S,1,Crd,
44,10,2,autres,autres,ADJ,245,autre_CI,1,Adj,
45,10,3,grans,grans,ADJ,246,grant_+I,1,Adj,
46,10,4,seigneurs,seigneurs,NOM,247,seignor_+C,1,N,
47,11,1,plus,plus,ADV,259,plus_CI,1,Adv,
48,11,2,que,que,PROCON,260,que3_S,1,Sub,
49,11,3,nulle,nulle,DET:ind,261,nul_S,1,Det,
50,11,4,autre,autre,ADJ,262,autre_CIId,1,Adj,
51,11,5,gent,gent,NOM,263,gent1|giant_+IT|+T,1,N,
52,12,1,aucune,aucune,DET:ind,278,aucun_S,1,Det,
53,12,2,belle,belle,ADJ,279,bel|belet_*I|T,1,Adj,
54,12,3,chose,chose,NOM,280,chose_+CIT,1,N,
55,13,1,pour,pour,PRE,284,por2_+S,1,Pre,
56,13,2,leur,leur,DET:poss,285,lor2_S,1,Det,
57,13,3,seigneur,seigneur,NOM,286,seignor_+CI,1,N,
58,13,4,tenir,tenir,VER,287,tenir1|tenir|tenoir_+T|MI|M,1,Vinf,
59,14,1,mais,mais,CON:coord,300,mais_S,1,Crd,
60,14,2,aujourdui,aujourdui,VER,301,<unknown>,1,Adv,
61,14,3,est,est,VER,302,ester|estre1_+M|+I,1,Vfin,
62,14,4,joye,joye,NOM,303,joie|joïe1|joïe2_+IT|+Td|+Td,1,N,
63,15,1,si,si,ADV,306,si_+IT,1,Adv,
64,15,2,perie,perie,VER,307,perir_+IM,1,Vpp,
65,15,3,et,et,CON:coord,308,et_S,1,Crd,
66,15,4,destruitte,destruitte,VER,309,<unknown>,1,Vpp,
67,16,1,aucune,aucune,DET:ind,335,aucun_S,1,Det,
68,16,2,bonne,bonne,ADJ,336,bon_+C,1,Adj,
69,16,3,chose,chose,NOM,337,chose_+CIT,1,N,
70,17,1,est,est,VER,375,ester|estre1_+M|+I,1,Vfin,
71,17,2,de,de,PRE,376,de_+S,1,Pre,
72,17,3,plus,plus,ADV,377,plus_CI,1,Adv,
73,17,4,grant,grant,ADJ,378,grant_+CIT,1,Adj,
74,17,5,noblesce,noblesce,NOM,379,noblece_+I,1,N,
75,18,1,Et,et,CON:coord,399,et_S,1,Crd,
76,18,2,pour,pour,PRE,400,por2_+S,1,Pre,
77,18,3,la,la,DET:def,401,le_S,1,Det,
78,18,4,petitece,petitece,NOM,402,petitece_+T,1,N,
79,19,1,a,a,PRE,424,a_S,1,Pre,
80,19,2,sa,sa,DET:poss,425,son4_S,1,Det,
81,19,3,volenté,volenté,NOM,426,volenté_+IT,1,N,
82,19,4,faire,faire,VER,427,faire_+MIT,1,Vinf,
83,20,1,converti,converti,VER,519,convertir_+M,1,Vpp,
84,20,2,a,a,PRE,520,a_S,1,Pre,
85,20,3,l',l',DET:def,521,le_S,1,Det,
86,20,4,onneur,onneur,NOM,522,onor_*+IT,1,N,
87,21,1,du,du,PREDET:de,523,de+le_S,1,Pre+Det,
88,21,2,corps,corps,NOM,524,cors_C,1,N,
89,21,3,et,et,CON:coord,525,et_S,1,Crd,
90,21,4,au,au,PREDET:a,526,a+le_S,1,Pre+Det,
91,21,5,proufit,proufit,NOM,527,porfit2_*T,1,N,
92,22,1,et,et,CON:coord,525,et_S,1,Crd,
93,22,2,au,au,PREDET:a,526,a+le_S,1,Pre+Det,
94,22,3,proufit,proufit,NOM,527,porfit2_*T,1,N,
95,22,4,de,de,PRE,528,de_+S,1,Pre,
96,22,5,l',l',DET:def,529,le_S,1,Det,
97,22,6,ame,ame,NOM,530,ame_+CGIT,1,N,
98,23,1,de,de,PRE,540,de_+S,1,Pre,
99,23,2,dire,dire,VER,541,dire_+MIT,1,Vinf,
100,23,3,de,de,PRE,542,de_+S,1,Pre,
101,23,4,chascun,chascun,PRO:ind,543,chascun_S,1,Prn,
102,24,1,ne,ne,PRO:clit,577,en2_S,1,Crd,
103,24,2,ainsi,ainsi,ADV,578,ainsi_+CIT,1,Adv,
104,24,3,comme,comme,VER,579,commer_M,1,Sub,
105,24,4,Dieux,dieux,NOM,580,dieu_+Z,1,N,s
106,25,1,de,de,PRE,588,de_+S,1,Pre,
107,25,2,Babel,babel,NPR,589,<nolem>,1,N,
108,25,3,destourner,destourner,VER,590,destorner_*+IT,1,Vinf,
109,26,1,ains,ains,ADV,608,ainc|ains3_+T|G,1,Adv,
110,26,2,vouldray,vouldray,VER,609,<unknown>,1,Vfin,
111,26,3,revenir,revenir,VER,610,revenir_+IT,1,Vinf,
112,27,1,et,et,CON:coord,625,et_S,1,Crd,
113,27,2,commencié,commencié,VER,626,commencer_M,1,Vpp,
114,27,3,a,a,PRE,627,a_S,1,Pre,
115,27,4,faire,faire,VER,628,faire_+MIT,1,Vinf,
116,28,1,de,de,PRE,637,de_+S,2,Pre,
117,28,2,Romme,romme,NPR,638,rome_Z,2,N,
118,28,3,fu,fu,VER,639,estre1|estre_+I|CMI,2,Vfin,
119,28,4,fondee,fondee,VER,640,fonder2_+I,2,Vpp,
120,29,1,de,de,PRE,665,de_+S,2,Pre,
121,29,2,greigneur,greigneur,ADJ,666,graignor_*+CI,2,Adj,
122,29,3,dignité,dignité,NOM,667,dignité_+T,2,N,
123,30,1,ne,ne,PRO:clit,668,en2_S,2,Crd,
124,30,2,de,de,PRE,669,de_+S,2,Pre,
125,30,3,plus,plus,ADV,670,plus_CI,2,Adv,
126,30,4,grant,grant,ADJ,671,grant_+CIT,2,Adj,
127,30,5,noblesce,noblesce,NOM,672,noblece_+I,2,N,
128,31,1,si,si,ADV,700,si_+IT,2,Adv,
129,31,2,qu',qu',PROCON,701,que1|que2|que3|que4_S|S|S|S,2,Sub,
130,31,3,il,il,PRO:pers,702,il_S,2,Prn,s
131,31,4,fu,fu,VER,703,estre1|estre_+I|CMI,2,Vfin,
132,31,5,ja,ja,ADV,704,ja_+CIT,2,Adv,
133,31,6,telle,telle,ADJ,705,tel_+C,2,Adj,
134,31,7,heure,heure,NOM,706,ore3_+T,2,N,
135,32,1,a,a,PRE,715,a_S,2,Pre,
136,32,2,la,la,DET:def,716,le_S,2,Det,
137,32,3,cité,cité,NOM,717,cité_+IT,2,N,
138,32,4,de,de,PRE,718,de_+S,2,Pre,
139,32,5,Romme,romme,NPR,719,rome_Z,2,N,
140,33,1,de,de,PRE,761,de_+S,3,Pre,
141,33,2,Romme,romme,NPR,762,rome_Z,3,N,
142,33,3,amenuisee,amenuisee,VER,763,<unknown>,3,Vpp,
143,34,1,mais,mais,CON:coord,793,mais_S,3,Crd,
144,34,2,telle,telle,ADJ,794,tel_+C,3,Adj,
145,34,3,seignourie,seignourie,NOM,795,seignorie_*+CIT,3,N,
146,35,1,Romulus,romulus,NPR,805,romulus_Z,3,N,
147,35,2,ou,ou,PRE,806,o4_+S,3,Crd,
148,35,3,Pompee,pompee,NPR,807,<nolem>,3,N,
149,36,1,Augustus,augustus,NPR,839,augustus_Z,3,N,&
150,36,2,",",",",PON,840,",",3,Pnc,
151,36,3,Constantins,constantins,NPR,841,<nolem>,3,N,&
152,37,1,et,et,CON:coord,869,et_S,4,Crd,
153,37,2,en,en,PRE,870,en1_+S,4,Pre,
154,37,3,grant,grant,ADJ,871,grant_+CIT,4,Adj,
155,37,4,seignourie,seignourie,NOM,872,seignorie_*+CIT,4,N,
156,38,1,en,en,PRE,890,en1_+S,4,Pre,
157,38,2,ladicte,ladicte,NPR,891,<unknown>,4,Det+Vpp,
158,38,3,cité,cité,VER,892,citer_+M,4,N,
159,39,1,Philippus,philippus,NPR,896,<unknown>,4,N,
160,39,2,Augustus,augustus,NPR,897,augustus_Z,4,N,
161,40,1,de,de,PRE,906,de_+S,4,Pre,
162,40,2,Constantin,constantin,NPR,907,<nolem>,4,N,
163,40,3,son,son,DET:poss,908,son4_S,4,Det,
164,40,4,pere,pere,NOM,909,paire|pere1|piere_+T|+T|+T,4,N,
165,41,1,de,de,PRE,916,de_+S,4,Pre,
166,41,2,cel,cel,DET:demo,917,cel_S,4,Det,
167,41,3,empereur,empereur,NOM,918,emperëor_+Id,4,N,
168,42,1,et,et,CON:coord,931,et_S,4,Crd,
169,42,2,le,le,PRO:pers,932,il_S,4,Prn,c
170,42,3,mist,mist,VER,933,manoir|metre|mettre_M|CIM|M,4,Vfin,
171,42,4,en,en,PRO:clit,934,en2_S,4,Pre,
172,42,5,escript,escript,VER,935,escrire_+CZ,4,N,
173,43,1,Le,le,DET:def,961,le_S,4,Det,
174,43,2,premier,premier,ADJ:ord,962,premier_C,4,Adj,
175,43,3,ot,ot,VER,963,avoir|öir_+IM|+I,4,Vfin,
176,43,4,nom,nom,NOM,964,nom_+CIT,4,N,c
177,44,1,Sother,sother,VER,965,<unknown>,4,N,a
178,44,2,et,et,CON:coord,966,et_S,4,Crd,
179,44,3,en,en,PRE,967,en1_+S,4,Pre,
180,44,4,seurnom,seurnom,NOM,968,sornom_+T,4,N,
181,45,1,qui,qui,PROCON,971,qui_S,4,Sub,s
182,45,2,vault,vault,VER,972,valoir_+M,4,Vfin,
183,45,3,autant,autant,ADV,973,autant_I,4,Adv,
184,45,4,a,a,PRE,974,a_S,4,Pre,
185,45,5,dire,dire,VER,975,dire_+MIT,4,Vinf,
186,46,1,et,et,CON:coord,997,et_S,4,Crd,
187,46,2,vous,vous,PRO:pers,998,vos1_S,4,Prn,
188,46,3,di,di,VER,999,dire_+MI,4,Vfin,
189,46,4,que,que,PROCON,1000,que3_S,4,Sub,
190,46,5,pour,pour,PRE,1001,por2_+S,4,Pre,
191,46,6,mort,mort,NOM,1002,mort_+CIT,4,N,c
192,47,1,avoit,avoit,VER,1014,avoiier|avoir_+MI|+MI,5,Vfin,
193,47,2,a,a,PRE,1015,a_S,5,Pre,
194,47,3,nom,nom,NOM,1016,nom_+CIT,5,N,
195,47,4,Marcus,marcus,NPR,1017,marcus_Z,5,N,c
196,48,1,Marcus,marcus,NPR,1017,marcus_Z,5,N,c
197,48,2,et,et,CON:coord,1018,et_S,5,Crd,
198,48,3,en,en,PRE,1019,en1_+S,5,Pre,
199,48,4,seurnom,seurnom,NOM,1020,sornom_+T,5,N,
200,49,1,et,et,CON:coord,1018,et_S,5,Crd,
201,49,2,en,en,PRE,1019,en1_+S,5,Pre,
202,49,3,seurnom,seurnom,NOM,1020,sornom_+T,5,N,
203,49,4,Storeus,storeus,VER,1021,<unknown>,5,N,
204,50,1,qui,qui,PROCON,1023,qui_S,5,Sub,s
205,50,2,vault,vault,VER,1024,valoir_+M,5,Vfin,
206,50,3,autant,autant,ADV,1025,autant_I,5,Adv,
207,50,4,a,a,PRE,1026,a_S,5,Pre,
208,50,5,dire,dire,VER,1027,dire_+MIT,5,Vinf,
209,51,1,que,que,PROCON,1042,que3_S,5,Sub,
210,51,2,ses,ses,DET:poss,1043,son4_S,5,Det,
211,51,3,seurnoms,seurnoms,NOM,1044,<unknown>,5,N,
212,51,4,fust,fust,VER,1045,estre1|fuster_+I|+M,5,Vfin,
213,51,5,telz,telz,ADJ,1046,tel_+C,5,Adj,a
214,52,1,car,car,CON:coord,1048,car_S,5,Crd,
215,52,2,il,il,PRO:pers,1049,il_S,5,Prn,s
216,52,3,gardoit,gardoit,VER,1050,garder_+IM,5,Vfin,
217,52,4,les,les,DET:def,1051,le_S,5,Det,
218,52,5,drois,drois,NOM,1052,droit_Z,5,N,
219,53,1,Crassus,crassus,NPR,1064,<nolem>,5,N,
220,53,2,et,et,CON:coord,1065,et_S,5,Crd,
221,53,3,en,en,PRE,1066,en1_+S,5,Pre,
222,53,4,seurnom,seurnom,NOM,1067,sornom_+T,5,N,
223,54,1,Li,li,DET:def,1096,le_S,5,Det,
224,54,2,quart,quart,ADJ:ord,1097,cart_CIT,5,Adj,
225,54,3,nom,nom,NOM,1098,nom_+CIT,5,N,
226,54,4,des,des,PREDET:de,1099,de+le_S,5,Pre+Det,
227,54,5,sept,sept,ADJ:card,1100,set_CT,5,Adj,
228,54,6,sages,sages,ADJ,1101,sage_+I,5,Adj,
229,55,1,des,des,PREDET:de,1099,de+le_S,5,Pre+Det,
230,55,2,sept,sept,ADJ:card,1100,set_CT,5,Adj,
231,55,3,sages,sages,ADJ,1101,sage_+I,5,Adj,
232,55,4,de,de,PRE,1102,de_+S,5,Pre,
233,55,5,Romme,romme,NPR,1103,rome_Z,5,N,
234,56,1,estoit,estoit,VER,1104,ester|estre1_+IM|+I,5,Vfin,
235,56,2,Antonius,antonius,NPR,1105,antonius_Z,5,N,a
236,57,1,et,et,CON:coord,1106,et_S,5,Crd,
237,57,2,le,le,DET:def,1107,le_S,5,Det,
238,57,3,seurnom,seurnom,NOM,1108,sornom_+T,5,N,
239,57,4,Judex,judex,VER,1109,<unknown>,5,N,a
240,58,1,Li,li,DET:def,1156,le_S,6,Det,
241,58,2,quins,quins,ADJ:ord,1157,quint_Z,6,Adj,
242,58,3,sages,sages,ADJ,1158,sage_+I,6,N,
243,58,4,ot,ot,VER,1159,avoir|öir_+IM|+I,6,Vfin,
244,58,5,nom,nom,NOM,1160,nom_+CIT,6,N,c
245,59,1,ot,ot,VER,1159,avoir|öir_+IM|+I,6,Vfin,
246,59,2,nom,nom,NOM,1160,nom_+CIT,6,N,c
247,59,3,Ruthonius,ruthonius,NPR,1161,<unknown>,6,N,a
248,60,1,comme,comme,VER,1170,commer_M,6,Sub,
249,60,2,«,«,PON:cit,1171,«,6,Pnc,
250,60,3,pere,pere,NOM,1172,paire|pere1|piere_+T|+T|+T,6,N,
251,60,4,d',d',PRE,1173,de_+S,6,Pre,
252,60,5,amour,amour,NOM,1174,amor_+G,6,N,
253,61,1,qu',qu',PROCON,1181,que1|que2|que3|que4_S|S|S|S,6,Sub,
254,61,2,il,il,PRO:pers,1182,il_S,6,Prn,s
255,61,3,eüst,eust,VER,1183,avoir_+MI,6,Vfin,
256,61,4,tel,tel,ADJ,1184,tel_+CIT,6,Det,
257,61,5,seurnom,seurnom,NOM,1185,sornom_+T,6,N,
258,62,1,car,car,CON:coord,1187,car_S,6,Crd,
259,62,2,il,il,PRO:pers,1188,il_S,6,Prn,s
260,62,3,estoit,estoit,VER,1189,ester|estre1_+IM|+I,6,Vfin,
261,62,4,si,si,DET:poss,1190,son4_S,6,Adv,
262,62,5,doulx,doulx,ADJ,1191,<nolem>,6,Adj,
263,63,1,Et,et,CON:coord,1206,et_S,6,Crd,
264,63,2,li,li,DET:def,1207,le_S,6,Det,
265,63,3,sixtes,sixtes,ADJ:ord,1208,siste_Z,6,Adj,
266,63,4,ot,ot,VER,1209,avoir|öir_+IM|+I,6,Vfin,
267,63,5,nom,nom,NOM,1210,nom_+CIT,6,N,c
268,64,1,et,et,CON:coord,1218,et_S,6,Crd,
269,64,2,avoient,avoient,VER,1219,avoiier|avoir_+M|+MI,6,Vfin,
270,64,3,cilz,cilz,DET:demo,1220,cel_S,6,Det,
271,64,4,deux,deux,NOM,1221,<nolem>,6,N,
272,65,1,en,en,PRE,1222,en1_+S,6,Pre,
273,65,2,seurnom,seurnom,NOM,1223,sornom_+T,6,N,
274,65,3,Astraloges,astraloges,NPR,1224,<unknown>,6,N,
275,66,1,comme,comme,VER,1233,commer_M,6,Sub,
276,66,2,«,«,PON:cit,1234,«,6,Pnc,
277,66,3,astronomiens,astronomiens,NOM,1235,<nolem>,6,N,a
278,67,1,que,que,PROCON,1262,que3_S,7,Sub,
279,67,2,je,je,PRO:pers,1263,je_S,7,Prn,s
280,67,3,vous,vous,PRO:pers,1264,vos1_S,7,Prn,
281,67,4,ay,ay,VER,1265,aidier|avoir_+Md|+CMI,7,Vfin,
282,67,5,compté,compté,VER,1266,conter_+Z,7,Vpp,
283,68,1,ainsi,ainsi,ADV,1268,ainsi_+CIT,7,Adv,
284,68,2,comme,comme,VER,1269,commer_M,7,Sub,
285,68,3,Martiaux,martiaux,NPR,1270,<nolem>,7,N,s
286,69,1,de,de,PRE,1279,de_+S,7,Pre,
287,69,2,la,la,DET:def,1280,le_S,7,Det,
288,69,3,cité,cité,NOM,1281,cité_+IT,7,N,
289,69,4,de,de,PRE,1282,de_+S,7,Pre,
290,69,5,Romme,romme,NPR,1283,rome_Z,7,N,
291,70,1,de,de,PRE,1282,de_+S,7,Pre,
292,70,2,Romme,romme,NPR,1283,rome_Z,7,N,
293,70,3,uns,uns,DET:ndf,1284,un_S,7,Det,
294,70,4,riches,riches,ADJ,1285,riche_+I,7,Adj,
295,70,5,homs,homs,NOM,1286,ome_+C,7,N,
296,71,1,uns,uns,DET:ndf,1284,un_S,7,Det,
297,71,2,riches,riches,ADJ,1285,riche_+I,7,Adj,
298,71,3,homs,homs,NOM,1286,ome_+C,7,N,
299,71,4,puissans,puissans,ADJ,1287,poissant_*+IT,7,Adj,
300,72,1,et,et,CON:coord,1300,et_S,7,Crd,
301,72,2,grans,grans,ADJ,1301,grant_+I,7,Adj,
302,72,3,possessions,possessions,NOM,1302,possession_C,7,N,
303,73,1,et,et,CON:coord,1310,et_S,7,Crd,
304,73,2,a,a,PRE,1311,a_S,7,Pre,
305,73,3,cestui,cestui,DET:demo,1312,cest_S,7,Det,
306,73,4,riche,riche,ADJ,1313,riche_+IT,7,Adj,
307,73,5,homme,homme,NOM,1314,ome_+C,7,N,
308,74,1,commence,commence,VER,1315,comencier|commencer_+M|M,7,Vfin,
309,74,2,l',l',DET:def,1316,le_S,7,Det,
310,74,3,aventure,aventure,NOM,1317,aventure_+IT,7,N,
311,75,1,pourquoy,pourquoy,VER,1318,<unknown>,7,PreSub+Sub,
312,75,2,j',j',PRO:pers,1319,je_S,7,Prn,s
313,75,3,ay,ay,VER,1320,aidier|avoir_+Md|+CMI,7,Vfin,
314,75,4,commencié,commencié,VER,1321,commencer_M,7,Vpp,
315,76,1,et,et,CON:coord,1356,et_S,7,Crd,
316,76,2,cremuz,cremuz,VER,1357,criembre_+IM,7,Vpp,
317,76,3,et,et,CON:coord,1358,et_S,7,Crd,
318,76,4,amez,amez,VER,1359,amer1|amer_+I|MI,7,Vpp,
319,77,1,si,si,ADV,1365,si_+IT,7,Adv,
320,77,2,que,que,PROCON,1366,que3_S,7,Sub,
321,77,3,",",",",PON,1367,",",7,Pnc,
322,77,4,pour,pour,PRE,1368,por2_+S,7,Pre,
323,77,5,la,la,DET:def,1369,le_S,7,Det,
324,77,6,haultece,haultece,NOM,1370,<unknown>,7,N,
325,78,1,de,de,PRE,1371,de_+S,7,Pre,
326,78,2,lui,lui,PRO:pers,1372,il|loi1_S|S,7,Prn,
327,78,3,",",",",PON,1373,",",7,Pnc,
328,78,4,il,il,PRO:pers,1374,il_S,7,Prn,s
329,78,5,print,print,VER,1375,prendre_+M,7,Vfin,
330,78,6,a,a,PRE,1376,a_S,7,Pre,
331,78,7,femme,femme,NOM,1377,feme_+CI,7,N,
332,79,1,d',d',PRE,1432,de_+S,7,Pre,
333,79,2,ore,ore,ADV,1433,or4|or_+IT|I,7,Adv,
334,79,3,il,il,PRO:pers,1434,il_S,7,Prn,s
335,79,4,n',n',PRO:clit,1435,en2_S,7,Neg,
336,79,5,est,est,VER,1436,ester|estre1_+M|+I,7,Vfin,
337,79,6,pas,pas,NOM,1437,pas|past2_+IT|+T,7,Adv,
338,79,7,ainsi,ainsi,ADV,1438,ainsi_+CIT,7,Adv,a
339,80,1,et,et,CON:coord,1458,et_S,7,Crd,
340,80,2,a,a,PRE,1459,a_S,7,Pre,
341,80,3,fere,fere,ADJ,1460,fier_+Z,7,Vinf,
342,80,4,tresor,tresor,NOM,1461,tresor_+IT,7,N,c
343,81,1,Agea,agea,VER,1473,<unknown>,8,N,a
344,81,2,",",",",PON,1474,",",8,Pnc,
345,81,3,par,par,PRE,1475,par_S,8,Pre,
346,81,4,l',l',DET:def,1476,le_S,8,Det,
347,81,5,espace,espace,NOM,1477,espace_+IT,8,N,
348,82,1,et,et,CON:coord,1496,et_S,8,Crd,
349,82,2,moult,moult,ADV,1497,mout_I,8,Adv,
350,82,3,courouciez,courouciez,VER,1498,couroucier_*M,8,Vpp,
351,83,1,de,de,PRE,1508,de_+S,8,Pre,
352,83,2,qui,qui,PROCON,1509,qui_S,8,Sub,
353,83,3,il,il,PRO:pers,1510,il_S,8,Prn,s
354,83,4,peüst,peust,VER,1511,pöoir_+I,8,Vfin,
355,83,5,faire,faire,VER,1512,faire_+MIT,8,Vinf,
356,84,1,en,en,PRO:clit,1529,en2_S,8,Prn,
357,84,2,avoit,avoit,VER,1530,avoiier|avoir_+MI|+MI,8,Vfin,
358,84,3,grant,grant,ADJ,1531,grant_+CIT,8,Adj,
359,84,4,angoisse,angoisse,NOM,1532,angoisse_+GIT,8,N,
360,85,1,ne,ne,PRO:clit,1545,en2_S,8,Crd,
361,85,2,elle,elle,PRO:pers,1546,il_S,8,Prn,s
362,85,3,n',n',PRO:clit,1547,en2_S,8,Neg,
363,85,4,avoit,avoit,VER,1548,avoiier|avoir_+MI|+MI,8,Vfin,
364,85,5,joye,joye,NOM,1549,joie|joïe1|joïe2_+IT|+Td|+Td,8,N,
365,86,1,ne,ne,PRO:clit,1574,en2_S,8,Crd,
366,86,2,nulle,nulle,DET:ind,1575,nul_S,8,Det,
367,86,3,autre,autre,ADJ,1576,autre_CIId,8,Adj,
368,86,4,priere,priere,NOM,1577,priiere_+CI,8,N,
369,87,1,que,que,PROCON,1592,que3_S,9,Sub,c
370,87,2,vous,vous,PRO:pers,1593,vos1_S,9,Prn,s
371,87,3,avez,avez,VER,1594,avoir_+IM,9,Vfin,
372,87,4,oÿ,oÿ,VER,1595,öir_+I,9,Vpp,
373,88,1,longuement,longuement,ADV,1598,longement_I,9,Adv,
374,88,2,o,o,PRE,1599,o4_+S,9,Pre,
375,88,3,sa,sa,DET:poss,1600,son4_S,9,Det,
376,88,4,femme,femme,NOM,1601,feme_+CI,9,N,
377,89,1,remouvoir,remouvoir,VER,1660,<unknown>,9,Vinf,
378,89,2,en,en,PRE,1661,en1_+S,9,Pre,
379,89,3,son,son,DET:poss,1662,son4_S,9,Det,
380,89,4,ventre,ventre,NOM,1663,ventre1|ventre_+IT|I,9,N,
381,90,1,dont,dont,PRO:invar,1717,dont_S,9,Sub,
382,90,2,elle,elle,PRO:pers,1718,il_S,9,Prn,s
383,90,3,ot,ot,VER,1719,avoir|öir_+IM|+I,9,Vfin,
384,90,4,si,si,DET:poss,1720,son4_S,9,Adv,
385,90,5,grant,grant,ADJ,1721,grant_+CIT,9,Adj,
386,90,6,joye,joye,NOM,1722,joie|joïe1|joïe2_+IT|+Td|+Td,9,N,
387,91,1,Adonc,adonc,ADV,1734,adonc_+GIT,9,Adv,
388,91,2,manda,manda,VER,1735,mander_+IM,9,Vfin,
389,91,3,la,la,DET:def,1736,le_S,9,Det,
390,91,4,dame,dame,NOM,1737,dam|dame|dan2_+T|+CIT|+T,9,N,
391,92,1,Adont,adont,ADV,1748,adonc_+GT,10,Adv,
392,92,2,ot,ot,VER,1749,avoir|öir_+IM|+I,10,Vfin,
393,92,3,Famius,famius,ADJ,1750,<unknown>,10,N,s
394,93,1,et,et,CON:coord,1769,et_S,10,Crd,
395,93,2,leur,leur,DET:poss,1770,lor2_S,10,Det,
396,93,3,ennuy,ennuy,NOM,1771,enui_+I,10,N,
397,93,4,en,en,PRE,1772,en1_+S,10,Pre,
398,93,5,feste,feste,NOM,1773,fait2|feste|festre_+T|+ICT|+T,10,N,
399,94,1,ne,ne,PRO:clit,1785,en2_S,10,Crd,
400,94,2,raconter,raconter,VER,1786,raconter_+MT,10,Vinf,
401,94,3,le,le,PRO:pers,1787,il_S,10,Det,
402,94,4,jeu,jeu,VER,1788,jesir_+Z,10,N,
403,95,1,en,en,PRO:clit,1810,en2_S,10,Prn,
404,95,2,deüst,deust,VER,1811,devoir_+I,10,Vfin,
405,95,3,delivrer,delivrer,VER,1812,delivrer_+IT,10,Vinf,c
406,96,1,ot,ot,VER,1827,avoir|öir_+IM|+I,10,Vfin,
407,96,2,oÿ,oÿ,VER,1828,öir_+I,10,Vpp,
408,96,3,la,la,DET:def,1829,le_S,10,Det,
409,96,4,nouvelle,nouvelle,NOM,1830,novele_*+IT,10,N,
410,97,1,ne,ne,PRO:clit,1837,en2_S,10,Crd,
411,97,2,saouler,saouler,VER,1838,saouler_M,10,Vinf,
412,97,3,de,de,PRE,1839,de_+S,10,Pre,
413,97,4,joye,joye,NOM,1840,joie|joïe1|joïe2_+IT|+Td|+Td,10,N,c
414,98,1,garder,garder,VER,1854,garder_+MIT,10,Vinf,
415,98,2,et,et,CON:coord,1855,et_S,10,Crd,
416,98,3,maintenir,maintenir,VER,1856,maintenir_+IT,10,Vinf,
417,99,1,et,et,CON:coord,1875,et_S,10,Crd,
418,99,2,tant,tant,ADV,1876,tant_CI,10,Adv,c
419,99,3,en,en,PRO:clit,1877,en2_S,10,Prn,
420,99,4,faisoit,faisoit,VER,1878,faire_+CM,10,Vfin,
421,99,5,faire,faire,VER,1879,faire_+MIT,10,Vinf,
422,100,1,et,et,CON:coord,1912,et_S,10,Crd,
423,100,2,qu',qu',PROCON,1913,que1|que2|que3|que4_S|S|S|S,10,Sub,
424,100,3,il,il,PRO:pers,1914,il_S,10,Prn,s
425,100,4,pouoit,pouoit,VER,1915,pooir|pouvoir_*C|M,10,Vfin,
426,100,5,aler,aler,VER,1916,aler|foraler_+MIT|+T,10,Vinf,
427,101,1,que,que,PROCON,1934,que3_S,10,Sub,c
428,101,2,on,on,PRO:invar,1935,on_S,10,Prn,s
429,101,3,ne,ne,PRO:clit,1936,en2_S,10,Neg,
430,101,4,lui,lui,PRO:pers,1937,il|loi1_S|S,10,Prn,
431,101,5,souffrist,souffrist,VER,1938,souffrir|soufrir_M|M,10,Vfin,
432,102,1,le,le,DET:def,1945,le_S,10,Det,
433,102,2,contraire,contraire,ADJ,1946,contraire1|contraire_T|I,10,Adj,
434,102,3,pour,pour,PRE,1947,por2_+S,10,Pre,
435,102,4,doubte,doubte,NOM,1948,<nolem>,10,N,
436,103,1,et,et,CON:coord,1970,et_S,10,Crd,
437,103,2,estoient,estoient,VER,1971,ester|estre1_+M|+I,10,Vfin,
438,103,3,son,son,DET:poss,1972,son4_S,10,Det,
439,103,4,pere,pere,NOM,1973,paire|pere1|piere_+T|+T|+T,10,N,
440,104,1,faire,faire,VER,1992,faire_+MIT,10,Vinf,
441,104,2,a,a,PRE,1993,a_S,10,Pre,
442,104,3,sa,sa,DET:poss,1994,son4_S,10,Det,
443,104,4,volenté,volenté,NOM,1995,volenté_+IT,10,N,
444,105,1,et,et,CON:coord,2004,et_S,10,Crd,
445,105,2,en,en,PRE,2005,en1_+S,10,Pre,
446,105,3,plus,plus,ADV,2006,plus_CI,10,Adv,
447,105,4,amender,amender,VER,2007,amender_+IT,10,Vinf,
448,106,1,de,de,PRE,2026,de_+S,11,Pre,
449,106,2,bon,bon,ADJ,2027,bon_+CIT,11,Adj,
450,106,3,lieu,lieu,NOM,2028,lieu_+CIT,11,N,
451,106,4,et,et,CON:coord,2029,et_S,11,Crd,
452,106,5,estrait,estrait,VER,2030,estraire_+I,11,Vpp,
453,107,1,si,si,ADV,2035,si_+IT,11,Adv,
454,107,2,estoit,estoit,VER,2036,ester|estre1_+IM|+I,11,Vfin,
455,107,3,grans,grans,ADJ,2037,grant_+I,11,Adj,
456,107,4,dommages,dommages,NOM,2038,damage_+C,11,N,
457,108,1,qu',qu',PROCON,2041,que1|que2|que3|que4_S|S|S|S,11,Sub,
458,108,2,il,il,PRO:pers,2042,il_S,11,Prn,s
459,108,3,n',n',PRO:clit,2043,en2_S,11,Neg,
460,108,4,estoit,estoit,VER,2044,ester|estre1_+IM|+I,11,Vfin,
461,108,5,gouvernez,gouvernez,VER,2045,governer_+M,11,Vpp,
462,109,1,car,car,CON:coord,2057,car_S,11,Crd,
463,109,2,il,il,PRO:pers,2058,il_S,11,Prn,s
464,109,3,estoit,estoit,VER,2059,ester|estre1_+IM|+I,11,Vfin,
465,109,4,beaus,beaus,ADJ,2060,bel_*I,11,Adj,
466,109,5,enfes,enfes,NOM,2061,enfant_+IT,11,N,
467,110,1,qu',qu',PROCON,2079,que1|que2|que3|que4_S|S|S|S,11,Sub,c
468,110,2,il,il,PRO:pers,2080,il_S,11,Prn,s
469,110,3,fist,fist,VER,2081,faire|feire|fere_+CMI|M|M,11,Vfin,
470,110,4,en,en,PRE,2082,en1_+S,11,Pre,
471,110,5,sa,sa,DET:poss,2083,son4_S,11,Det,
472,110,6,venue,venue,NOM,2084,venüe_+IIdTd,11,N,
473,111,1,y,y,PRO:clit,2103,i2_S,11,Prn,
474,111,2,devroient,devroient,VER,2104,devoir_+M,11,Vfin,
475,111,3,bien,bien,ADV,2105,bien1|bien2|bien_+IT|C|I,11,Adv,
476,111,4,prendre,prendre,VER,2106,prendre_+MIT,11,Vinf,
477,112,1,contre,contre,PRE,2146,contre_S,12,Pre,
478,112,2,sa,sa,DET:poss,2147,son4_S,12,Det,
479,112,3,volenté,volenté,NOM,2148,volenté_+IT,12,N,
480,113,1,tantost,tantost,ADV,2150,tantost_+IT,12,Adv,
481,113,2,le,le,PRO:pers,2151,il_S,12,Prn,c
482,113,3,maudisoit,maudisoit,VER,2152,maudire_*+Z,12,Vfin,
483,114,1,et,et,CON:coord,2203,et_S,12,Crd,
484,114,2,leur,leur,PRO:pers,2204,lor2_S,12,Prn,
485,114,3,sembloit,sembloit,VER,2205,sembler_*+IMT,12,Vfin,
486,114,4,bien,bien,ADV,2206,bien1|bien2|bien_+IT|C|I,12,Adv,
487,114,5,fait,fait,VER,2207,faire|farre_+CMI|M,12,Vpp,
488,115,1,ses,ses,DET:poss,2262,son4_S,12,Det,
489,115,2,mauvaises,mauvaises,ADJ,2263,mauvais_+Z,12,Adj,
490,115,3,enfances,enfances,NOM,2264,enfance_*+IT,12,N,
491,116,1,si,si,DET:poss,2314,son4_S,13,Adv,
492,116,2,mauvaise,mauvaise,ADJ,2315,mauvais_+Z,13,Adj,
493,116,3,coustume,coustume,NOM,2316,costume_+C,13,N,
494,117,1,du,du,PREDET:de,2321,de+le_S,13,Pre+Det,
495,117,2,pere,pere,NOM,2322,paire|pere1|piere_+T|+T|+T,13,N,
496,117,3,et,et,CON:coord,2323,et_S,13,Crd,
497,117,4,de,de,PRE,2324,de_+S,13,Pre,
498,117,5,la,la,DET:def,2325,le_S,13,Det,
499,117,6,mere,mere,NOM,2326,mere_+CIT,13,N,
500,118,1,et,et,CON:coord,2336,et_S,13,Crd,
501,118,2,entendre,entendre,VER,2337,entendre_+MIT,13,Vinf,
502,118,3,a,a,PRE,2338,a_S,13,Pre,
503,118,4,bien,bien,ADV,2339,bien1|bien2|bien_+IT|C|I,13,Adv,
504,118,5,faire,faire,VER,2340,faire_+MIT,13,Vinf,
505,119,1,et,et,CON:coord,2351,et_S,13,Crd,
506,119,2,con,con,NOM,2352,con_+T,13,Sub,
507,119,3,plus,plus,ADV,2353,plus_CI,13,Adv,
508,119,4,vint,vint,VER,2354,venir|voir_+CI|M,13,Vfin,
509,119,5,avant,avant,PRE,2355,avant_S,13,Adv,
510,120,1,si,si,ADV,2375,si_+IT,13,Adv,
511,120,2,que,que,PROCON,2376,que3_S,13,Sub,
512,120,3,il,il,PRO:pers,2377,il_S,13,Prn,s
513,120,4,n',n',PRO:clit,2378,en2_S,13,Neg,
514,120,5,avoit,avoit,VER,2379,avoiier|avoir_+MI|+MI,13,Vfin,
515,120,6,grant,grant,ADJ,2380,grant_+CIT,13,Adj,
516,121,1,ne,ne,PRO:clit,2381,en2_S,13,Crd,
517,121,2,petit,petit,ADV,2382,petit_I,13,Adv,
518,121,3,a,a,PRE,2383,a_S,13,Pre,
519,121,4,l',l',DET:def,2384,le_S,13,Det,
520,121,5,ostel,ostel,NOM,2385,ostel_+CIT,13,N,
521,122,1,et,et,CON:coord,2398,et_S,13,Crd,
522,122,2,pour,pour,PRE,2399,por2_+S,13,Pre,
523,122,3,la,la,DET:def,2400,le_S,13,Det,
524,122,4,mauvaistié,mauvaistié,NOM,2401,mauvaistié_+IT,13,N,
525,123,1,dont,dont,PRO:invar,2402,dont_S,13,Sub,
526,123,2,il,il,PRO:pers,2403,il_S,13,Prn,s
527,123,3,s',s',PRO:pers,2404,soi1_S,13,Prn,
528,123,4,appensoit,appensoit,VER,2405,<unknown>,13,Vfin,
529,123,5,.,.,PON,2406,.,13,Pnc,
530,123,6,Tant,tant,ADV,2407,tant_CI,14,Adv,
531,124,1,lors,lors,ADV,2480,lors_+CIT,14,Adv,
532,124,2,fu,fu,VER,2481,estre1|estre_+I|CMI,14,Vfin,
533,124,3,il,il,PRO:pers,2482,il_S,14,Prn,s
534,124,4,mesdisant,mesdisant,VER,2483,mesdire_+Z,14,Vprs,
535,125,1,de,de,PRE,2486,de_+S,14,Pre,
536,125,2,mauvaises,mauvaises,ADJ,2487,mauvais_+Z,14,Adj,
537,125,3,paroles,paroles,NOM,2488,parole_+I,14,N,
538,126,1,et,et,CON:coord,2489,et_S,14,Crd,
539,126,2,disoit,disoit,VER,2490,dire_+CIM,14,Vfin,
540,126,3,villenie,villenie,NOM,2491,vilenie_*+IT,14,N,c
541,127,1,si,si,ADV,2498,si_+IT,14,Adv,
542,127,2,que,que,PROCON,2499,que3_S,14,Sub,
543,127,3,par,par,PRE,2500,par_S,14,Pre,
544,127,4,le,le,DET:def,2501,le_S,14,Det,
545,127,5,venin,venin,NOM,2502,venin_+IT,14,N,
546,128,1,si,si,ADV,2522,si_+IT,14,Adv,
547,128,2,comme,comme,VER,2523,commer_M,14,Sub,
548,128,3,de,de,PRE,2524,de_+S,14,Pre,
549,128,4,eulx,eulx,PRO:pers,2525,il_S,14,Prn,c
550,128,5,batre,batre,VER,2526,batre|entrebatre|forbatre_+MIT|+M|+T,14,Vinf,
551,129,1,se,se,PRO:pers,2548,soi1_S,14,Sub,
552,129,2,ne,ne,PRO:clit,2549,en2_S,14,Neg,
553,129,3,fust,fust,VER,2550,estre1|fuster_+I|+M,14,Vfin,
554,129,4,pour,pour,PRE,2551,por2_+S,14,Pre,
555,129,5,cremeur,cremeur,NOM,2552,cremor_*+T,14,N,
556,130,1,qui,qui,PROCON,2555,qui_S,14,Sub,s
557,130,2,moult,moult,ADV,2556,mout_I,14,Adv,
558,130,3,estoit,estoit,VER,2557,ester|estre1_+IM|+I,14,Vfin,
559,130,4,amez,amez,VER,2558,amer1|amer_+I|MI,14,Vpp,
560,131,1,ou,ou,PREDET:en,2587,en1+le_S,15,Crd,
561,131,2,bleciez,bleciez,VER,2588,blecier_+MI,15,Vpp,
562,131,3,deux,deux,ADJ:card,2589,deus_CZ,15,Adj,
563,131,4,ou,ou,PREDET:en,2590,en1+le_S,15,Crd,
564,131,5,troix,troix,NOM,2591,<unknown>,15,Adj,
565,132,1,a,a,PRE,2663,a_S,15,Pre,
566,132,2,fole,fole,ADJ,2664,fol3|fol_I|I,15,Adj,
567,132,3,acoustumance,acoustumance,NOM,2665,acostumance_+G,15,N,
568,133,1,que,que,PROCON,2666,que3_S,15,Sub,
569,133,2,moult,moult,ADV,2667,mout_I,15,Adv,
570,133,3,y,y,PRO:clit,2668,i2_S,15,Prn,
571,133,4,avoit,avoit,VER,2669,avoiier|avoir_+MI|+MI,15,Vfin,
572,133,5,fort,fort,ADJ,2670,fort_+IT,15,Adj,
573,134,1,souvent,souvent,ADV,2680,sovent_*IT,15,Adv,
574,134,2,que,que,PROCON,2681,que3_S,15,Sub,
575,134,3,quant,quant,ADV,2682,cant_C,15,Sub,
576,134,4,une,une,DET:ndf,2683,un_S,15,Det,
577,134,5,ente,ente,NOM,2684,ente_+IT,15,N,
578,135,1,si,si,ADV,2764,si_+IT,15,Adv,
579,135,2,aprint,aprint,VER,2765,<nolem>,15,Vfin,
580,135,3,a,a,PRE,2766,a_S,15,Pre,
581,135,4,jouer,jouer,VER,2767,jouer_M,15,Vinf,
582,136,1,il,il,PRO:pers,2799,il_S,15,Prn,s
583,136,2,n',n',PRO:clit,2800,en2_S,15,Neg,
584,136,3,entendoit,entendoit,VER,2801,entendre_+M,15,Vfin,
585,136,4,ne,ne,PRO:clit,2802,en2_S,15,Crd,
586,136,5,jour,jour,NOM,2803,jor_+C,15,N,
587,137,1,aux,aux,PREDET:a,2818,a+le_S,15,Pre+Det,
588,137,2,dez,dez,NOM,2819,dé1_+I,15,N,
589,137,3,.,.,PON,2820,.,15,Pnc,
590,137,4,Et,et,CON:coord,2821,et_S,15,Crd,
591,137,5,plus,plus,ADV,2822,plus_CI,15,Adv,
592,137,6,souvent,souvent,ADV,2823,sovent_*IT,15,Adv,
593,138,1,deniers,deniers,NOM,2872,denier_+CI,15,N,&
594,138,2,et,et,CON:coord,2873,et_S,15,Crd,
595,138,3,joyaulx,joyaulx,NOM,2874,<unknown>,15,N,
596,139,1,tout,tout,PRO:ind,2875,tot_S,15,Adv,
597,139,2,a,a,PRE,2876,a_S,15,Pre,
598,139,3,sa,sa,DET:poss,2877,son4_S,15,Det,
599,139,4,volenté,volenté,NOM,2878,volenté_+IT,15,N,
600,140,1,et,et,CON:coord,2897,et_S,15,Crd,
601,140,2,sanz,sanz,PRE,2898,sans_+S,15,Pre,
602,140,3,mettre,mettre,VER,2899,manumettre|metre|mettre_M|IMMd|M,15,Vinf,
603,140,4,en,en,PRE,2900,en1_+S,15,Pre,
604,140,5,honneur,honneur,NOM,2901,onor_*+IT,15,N,
