wd_id,line_id,linewd,word,lex_id,tag,old_wd_id,para_id,syntag,syntag2,lemma,lemma_auto,NCA_src,NCA_line,synfunc,NCA_taggerpos,syllabified
1,1,1,envoia,envoia,VER:simp:3:sg,4,12,Vfin,Vfin,envoyer,envoiier,+IM,2,,VER,/V\.C/V\.'C/V\
2,1,2,thiebauz,thiebauz,NPR:suj:masc:sg,5,12,N,N,,UNKNOWN,C,2,,NPR,C/V\.C/e\.'C/V\
3,1,3,li,li,DET:def:suj:masc:sg,6,12,Det,Det,le,le,CST,3,,DET:def,C/V\
4,1,4,quens,quens,NOM:suj:masc:sg,7,12,N,N,,conte1|conte,+T|I,3,,NOM,C/V\
5,2,1,de,de,PRE,8,12,Pre,Pre,de,de,+CIST,3,,PRE,C/(e)\
6,2,2,campaigne,campaigne,NPR:obj:femi:sg,9,12,N,N,,campaigne|champaigne,Z|Z,3,,NPR,C/V\.'C/V\.C/(e)\
7,2,3,et,et,CON:coord,10,12,Crd,Crd,et,et,ST,3,,CON:coord,/V\
8,2,4,de,de,PRE,11,12,Pre,Pre,de,de,+CIST,3,,PRE,C/(e)\
9,2,5,brie,brie,NPR:obj:femi:sg,12,12,N,N,,UNKNOWN,C,4,,NPR,'C/V\./(e)\
10,2,6,.ii.,.ii.,ADJ:card,13,12,QIs,QIs,2,deus|ii,*I|C,4,,ADJ:card,C/V\
11,3,1,.ii.,.ii.,ADJ:card,13,12,QIs,QIs,2,deus|ii,*I|C,4,,ADJ:card,C/V\
12,3,2,et,et,CON:coord,14,12,Crd,Crd,et,et,ST,4,,CON:coord,/V\
13,3,3,baudoins,baudoins,NPR:suj:masc:sg,15,12,N,N,,baudoin,Z,4,,NPR,C/V\.'C/V\
14,3,4,li,li,DET:def:suj:masc:sg,16,12,Det,Det,le,le,CST,4,,DET:def,C/V\
15,3,5,quens,quens,NOM:suj:masc:sg,17,12,N,N,,conte1|conte,+T|I,4,,NOM,C/V\
16,3,6,de,de,PRE,18,12,Pre,Pre,de,de,+CIST,5,,PRE,C/(e)\
17,3,7,flandres,flandres,NPR:obj:femi:pl,19,12,N,N,,flandres,I|Z,5,,NPR,'C/V\.C/e\
18,4,1,.ii.,.ii.,ADJ:card,22,12,QIs,QIs,2,deus|ii,*I|C,5,,ADJ:card,C/V\
19,4,2,et,et,CON:coord,23,12,Crd,Crd,et,et,ST,5,,CON:coord,/V\
20,4,3,lois,loïs,NPR:suj:masc:sg,24,12,N,N,,loi3|loi|loëiz,+I|I|Td,6,,NOM,C/V\.'C/V\
21,4,4,li,li,DET:def:suj:masc:sg,25,12,Det,Det,le,le,CST,6,,DET:def,C/V\
22,4,5,quens,quens,NOM:suj:masc:sg,26,12,N,N,,conte1|conte,+T|I,6,,NOM,C/V\
23,4,6,de,de,PRE,27,12,Pre,Pre,de,de,+CIST,6,,PRE,C/(e)\
24,4,7,blois,blois,NPR:obj:masc:sg,28,12,N,N,,blois,Z,6,,NPR,C/V\
25,5,1,et,et,CON:coord,23,12,Crd,Crd,et,et,ST,5,,CON:coord,/V\
26,5,2,lois,loïs,NPR:suj:masc:sg,24,12,N,N,,loi3|loi|loëiz,+I|I|Td,6,,NOM,C/V\.'C/V\
27,5,3,li,li,DET:def:suj:masc:sg,25,12,Det,Det,le,le,CST,6,,DET:def,C/V\
28,5,4,quens,quens,NOM:suj:masc:sg,26,12,N,N,,conte1|conte,+T|I,6,,NOM,C/V\
29,5,5,de,de,PRE,27,12,Pre,Pre,de,de,+CIST,6,,PRE,C/(e)\
30,5,6,blois,blois,NPR:obj:masc:sg,28,12,N,N,,blois,Z,6,,NPR,C/V\
31,5,7,.ii.,.ii.,ADJ:card,29,12,QIs,QIs,2,deus|ii,*I|C,6,,ADJ:card,C/V\
32,6,1,entierement,entierement,ADV,80,13,Adv,Adv,,entierement,*C,17,,ADV,/V\.C/V\.C/e\.'C/V\
33,6,2,en,en,PRE,81,13,Pre,Pre,en1,en1|en,+IST|CI,17,,PRE,/V\
34,6,3,tel,tel,ADJ:obj:femi:sg,82,13,Adj,Adj,tel,tel,+CIT,17,,ADJ,C/V\
35,6,4,maniere,maniere,NOM:obj:femi:sg,83,13,N,N,,maniere,+CIT,17,,NOM,C/V\.'C/V\.C/(e)\
36,7,1,ensi,ensi,ADV,118,14,Adv,Adv,ainsi,ainsi,+IT,24,,ADV,/V\.'C/V\
37,7,2,murent,murent,VER:simp:3:pl,119,14,Vfin,Vfin,mouvoir,movoir,+I,24,,VER,'C/V\.C/e\
38,7,3,li,li,DET:def:suj:masc:pl,120,14,Det,Det,le,le,CST,24,,DET:def,C/V\
39,7,4,.vi.,.vi.,ADJ:card,121,14,QIs,QIs,6,deus|ii,*I|C,24,,ADJ:card,C/V\
40,7,5,message,message,NOM:suj:masc:pl,122,14,N,N,,message1|message2|message3,+IT|+IT|+T,24,,NOM,C/V\.'C/V\.C/(e)\
41,8,1,lor,lor,DET:poss:suj:masc:sg,135,14,Det,Det,leur2,lor2|lor,S|C,27,,DET:poss,C/V\
42,8,2,consaux,consaux,NOM:suj:masc:sg,136,14,N,N,,UNKNOWN,,27,,NOM,C/V\.'C/V\
43,8,3,entr,entr,PRE,137,14,PrA,PrA,entre,entre2,+S,27,,PRE,/V\
44,8,4,aus,aus,PRO:pers:acc:3:masc:pl:bet,138,14,Prn,Prn,3p,il,CS,27,,PRO:pers,/V\
45,8,5,acordez,acordez,VER:pper:masc:pl,139,14,Vpp,Vpp,,acorder,+I,28,,VER,/V\.C/V\.'C/V\
46,9,1,entr,entr,PRE,137,14,PrA,PrA,entre,entre2,+S,27,,PRE,/V\
47,9,2,aus,aus,PRO:pers:acc:3:masc:pl:bet,138,14,Prn,Prn,3p,il,CS,27,,PRO:pers,/V\
48,9,3,acordez,acordez,VER:pper:masc:pl,139,14,Vpp,Vpp,,acorder,+I,28,,VER,/V\.C/V\.'C/V\
49,9,4,que,que,PROCON,140,14,Sub,Sub,que,que2|que3|que,T|S|C,28,,PROCON,C/(e)\
50,9,5,en,en,PRE,141,14,Pre,Pre,en1,en1|en,+IST|CI,28,,PRE,/V\
51,9,6,venise,venise,NPR:obj:masc:sg,142,14,N,N,,venise,Z,28,,NPR,C/V\.'C/V\.C/(e)\
52,10,1,de,de,PRE,148,14,Pre,Pre,de,de,+CIST,29,,PRE,C/(e)\
53,10,2,vaisiax,vaisiax,NOM:obj:masc:pl,149,14,N,N,,UNKNOWN,,29,,NOM,C/V\.'C/V\
54,10,3,que,que,PROCON,150,14,Sub,Sub,que,que2|que3|que,T|S|C,30,,PROCON,C/(e)\
55,10,4,a,a,PRE,151,14,Pre,Pre,à,a3|a,+T|CGIS,30,,PRE,/V\
56,10,5,nul,nul,DET:ind:obj:masc:sg,152,14,QIs,QIs,nul,nul,CS,30,,DET:ind,C/V\
57,10,6,autre,autre,ADJ:obj:masc:sg,153,14,Adj,Adj,autre,autre,CIId,30,,ADJ,'/V\.C/(e)\
58,10,7,port,port,NOM:obj:masc:sg,154,14,N,N,,port1|port2,+T|+IT,30,,NOM,C/V\
59,11,1,de,de,PRE,171,15,Pre,Pre,de,de,+CIST,34,,PRE,C/(e)\
60,11,2,venise,venise,NPR:obj:masc:sg,172,15,N,N,,venise,Z,34,,NPR,C/V\.'C/V\.C/(e)\
61,11,3,qui,qui,PROCON,173,15,Qux,Qux,qui,qui,CST,34,s,PROCON,C/V\
62,11,4,ot,ot,VER:simp:3:sg,174,15,Vfin,Vfin,avoir1|ouïr,avoir|öir,+IM|+I,34,,VER,/V\
63,11,5,a,a,PRE,175,15,Pre,Pre,à,a3|a,+T|CGIS,34,,PRE,/V\
64,11,6,nom,nom,NOM:obj:masc:sg,176,15,N,N,,nom,+CIT,35,,NOM,C/V\
65,12,1,qui,qui,PROCON,173,15,Qux,Qux,qui,qui,CST,34,s,PROCON,C/V\
66,12,2,ot,ot,VER:simp:3:sg,174,15,Vfin,Vfin,avoir1|ouïr,avoir|öir,+IM|+I,34,,VER,/V\
67,12,3,a,a,PRE,175,15,Pre,Pre,à,a3|a,+T|CGIS,34,,PRE,/V\
68,12,4,nom,nom,NOM:obj:masc:sg,176,15,N,N,,nom,+CIT,35,,NOM,C/V\
69,12,5,henris,henris,NPR:suj:masc:sg,177,15,N,N,,henri,C|Z,35,,NPR,C/V\.'C/V\
70,12,6,dandole,dandole,NPR:suj:masc:sg,178,15,N,N,,UNKNOWN,,35,,NPR,C/V\.'C/V\.C/(e)\
71,13,1,et,et,CON:coord,196,15,Crd,Crd,et,et,ST,37,,CON:coord,/V\
72,13,2,les,les,PRO:pers:acc:3:masc:pl,197,15,Prn,Prn$$,3p,il,CIST,37,c,PRO:pers,C/V\
73,13,3,virent,virent,VER:simp:3:pl,198,15,Vfin,Vfin,voir1,vëoir,+I,38,,VER,'C/V\.C/e\
74,13,4,mult,mult,ADV,199,15,QIs,QIs,moult,mout,I,38,,ADV,C/V\
75,13,5,volentiers,volentiers,ADV,200,15,Adv,Adv,volentiers,volentiers,+IT,38,,ADV,C/V\.C/V\.'C/V\
76,14,1,et,et,CON:coord,201,15,Crd,Crd,et,et,ST,38,,CON:coord,/V\
77,14,2,quant,quant,ADV,202,15,Sub,Sub,quand,cant,CI,38,,ADV,C/V\
78,14,3,il,il,PRO:pers:suj:3:masc:pl,203,15,Prn,Prn$,3p,il,CIST,39,s,PRO:pers,/V\
79,14,4,baillerent,baillerent,VER:simp:3:pl,204,15,Vfin,Vfin,bailler,baillier,+M,39,,VER,C/V\.'C/V\.C/e\
80,14,5,les,les,DET:def:obj:femi:pl,205,15,Det,Det,le,le,CST,39,,DET:def,C/V\
81,14,6,letres,letres,NOM:obj:femi:pl,206,15,N,N,,letre,+CI,39,,NOM,'C/V\.C/e\
82,15,1,il,il,PRO:pers:suj:3:masc:pl,216,15,Prn,Prn$,3p,il,CIST,41,s,PRO:pers,/V\
83,15,2,erent,erent,VER:impf:3:pl,217,15,Vfin,Vfin,être1|ester,arer|arer|estre1,+M|+MI|+I,41,,VER,'/V\.C/e\
84,15,3,venu,venu,VER:pper:masc:sg,218,15,Vpp,Vpp,venir,venir,+I,41,,VER,C/V\.'C/V\
85,15,4,en,en,PRO:clit,219,15,Pre,Pre,en1,en1|en,+IST|CI,41,,PRE,/V\
86,15,5,la,la,DET:def:obj:femi:sg,220,15,Det,Det,le,le,CST,41,,DET:def,C/V\
87,15,6,terre,terre,NOM:obj:femi:sg,221,15,N,N,,terre,+CIT,41,,NOM,'C/V\.C/(e)\
88,16,1,les,les,DET:def:suj:femi:pl,222,15,Det,Det,le,le,CST,41,,DET:def,C/V\
89,16,2,letres,letres,NOM:suj:femi:pl,223,15,N,N,,letre,+CI,42,,NOM,'C/V\.C/e\
90,16,3,erent,erent,VER:impf:3:pl,224,15,Vfin,Vfin,être1|ester,arer|arer|estre1,+M|+MI|+I,42,,VER,'/V\.C/e\
91,16,4,de,de,PRE,225,15,Pre,Pre,de,de,+CIST,42,,PRE,C/(e)\
92,16,5,creance,creance,NOM:obj:femi:sg,226,15,N,N,,crëance,+IIdTd,42,,NOM,C/V\.'C/V\.C/(e)\
93,17,1,et,et,CON:coord,227,15,Crd,Crd,et,et,ST,42,,CON:coord,/V\
94,17,2,distrent,distrent,VER:simp:3:pl,228,15,Vfin,Vfin,dire,dire,+IM,42,,VER,'C/V\.C/e\
95,17,3,li,li,DET:def:suj:masc:pl,229,15,Det,Det,le,le,CST,43,,DET:def,C/V\
96,17,4,conte,conte,NOM:suj:masc:pl,230,15,N,N,,conte1|conte2,+IT|+IT,43,,NOM,'C/V\.C/(e)\
97,17,5,que,que,PROCON,231,15,Sub,Sub,que,que2|que3|que,T|S|C,43,,PROCON,C/(e)\
98,17,6,autant,autant,ADV,232,15,Adv,Adv,autant,autant,I,43,,ADV,/V\.'C/V\
99,18,1,seingnor,seingnor,NOM:suj:masc:pl,253,16,N,N,,seignor,+C,48,,NOM,C/V\.'C/V\
100,18,2,je,je,PRO:pers:suj:1:sg:unb,254,16,Prn,Prn$,1ps,je,CIST,48,s,PRO:pers,C/(e)\
101,18,3,ai,ai,VER:pres:1:sg,255,16,Vfin,Vfin,avoir1,aidier|avoir,+Md|+CMI,48,,VER,/V\
102,18,4,veues,veües,VER:pper:femi:pl,256,16,Vpp,Vpp,voir1,vëoir,+Id,48,,VER,C/(V)\.'/V\./e\
103,18,5,vos,vos,DET:poss:obj:femi:pl,257,16,Det,Det,votre,vostre,S,48,,DET:poss,C/V\
104,18,6,letres,letres,NOM:obj:femi:pl,258,16,N,N,,letre,+CI,48,,NOM,'C/V\.C/e\
105,19,1,or,or,ADV,293,16,Adv,Adv,or2,or4|or,+IT|CI,54,,ADV,/V\
106,19,2,dites,dites,VER:impe:2:pl,294,16,Vfin,Vfin,dire,dire,+CMI,54,,VER,'C/V\.C/e\
107,19,3,ce,ce,PRO:invar,295,16,Prn,Prn,ce1,ce1|ce,S|C,54,,PRO:invar,C/(e)\
108,19,4,que,que,PROCON,296,16,Qux,Qux,que,que2|que3|que,T|S|C,54,s,PROCON,C/(e)\
109,19,5,vos,vos,PRO:pers:2:pl,297,16,Prn,Prn$$,2pp,ous2|vos1|vos,T|S|I,54,,PRO:pers,C/V\
110,19,6,plaira,plaira,VER:futu:3:sg,298,16,Vfin,Vfin,plaire,plaire,+CM,55,,VER,C/V\.'C/V\
111,20,1,et,et,CON:coord,300,17,Crd,Crd,et,et,ST,57,,CON:coord,/V\
112,20,2,li,li,DET:def:suj:masc:pl,301,17,Det,Det,le,le,CST,57,,DET:def,C/V\
113,20,3,message,message,NOM:suj:masc:pl,302,17,N,N,,message1|message2|message3,+IT|+IT|+T,57,,NOM,C/V\.'C/V\.C/(e)\
114,20,4,respondirent,respondirent,VER:simp:3:pl,303,17,Vfin,Vfin,répondre,respondre1|respondre,+I|M,57,,VER,C/V\.C/V\.'C/V\.C/e\
115,21,1,vos,vos,PRO:pers:2:pl,324,17,Prn,Prn$$,2pp,ous2|vos1|vos,T|S|I,61,,PRO:pers,C/V\
116,21,2,mandent,mandent,VER:pres:3:pl,325,17,Vfin,Vfin,mander,mander,+IM,61,,VER,'C/V\.C/e\
117,21,3,demain,demain,ADV,326,17,Adv,Adv,demain,demain,+IT,61,,ADV,C/V\.'C/V\
118,21,4,se,se,PROCON,327,17,Sub,Sub,si3,se,C,61,,PROCON,C/(e)\
119,21,5,il,il,PRO:pers:suj:3:masc:sg:unb,328,17,Prn,Prn$,3p,il,CIST,61,s,PRO:pers,/V\
120,21,6,vos,vos,PRO:pers:2:pl,329,17,Prn,Prn$$,2pp,ous2|vos1|vos,T|S|I,62,,PRO:pers,C/V\
121,21,7,plaist,plaist,VER:pres:3:sg,330,17,Vfin,Vfin,plaire,plaire,+MI,62,,VER,C/V\
122,22,1,et,et,CON:coord,345,17,Crd,Crd,et,et,ST,64,,CON:coord,/V\
123,22,2,adonc,adonc,ADV,346,17,Adv,Adv,adonc,adonc,+GIT,64,,ADV,/V\.'C/V\
124,22,3,aroit,aroit,VER:cond:3:sg,347,17,Vfin,Vfin,être1|ester,arer|avoir,+M|+M,64,,VER,/V\.'C/V\
125,22,4,son,son,DET:poss:obj:masc:sg,348,17,Det,Det,son4,son4|son,S|C,64,,DET:poss,C/V\
126,22,5,conseil,conseil,NOM:obj:masc:sg,349,17,N,N,,conseil,+IT,65,,NOM,C/V\.'C/V\
127,23,1,qui,qui,PROCON,372,18,Qux,Qux,qui,qui,CST,70,s,PROCON,C/V\
128,23,2,mult,mult,ADV,373,18,QIs,QIs,moult,mout,I,70,,ADV,C/V\
129,23,3,ere,ere,VER:impf:3:sg,374,18,Vfin,Vfin,être1|ester,arer|estre1,+M|+I,70,,VER,'/V\.C/(e)\
130,23,4,riches,riches,ADJ:suj:masc:sg,375,18,Adj,Adj,riche,riche,+I,70,,ADJ,'C/V\.C/e\
131,23,5,et,et,CON:coord,376,18,Crd,Crd,et,et,ST,70,,CON:coord,/V\
132,23,6,biax,biax,ADJ:suj:masc:sg,377,18,Adj,Adj,beau,bel,I,71,,ADJ,C/V\
133,24,1,et,et,CON:coord,382,18,Crd,Crd,et,et,ST,71,,CON:coord,/V\
134,24,2,son,son,DET:poss:obj:masc:sg,383,18,Det,Det,son4,son4|son,S|C,71,,DET:poss,C/V\
135,24,3,conseil,conseil,NOM:obj:masc:sg,384,18,N,N,,conseil,+IT,72,,NOM,C/V\.'C/V\
136,24,4,en,en,PRE,385,18,Pre,Pre,en1,en1|en,+IST|CI,72,,PRE,/V\
137,24,5,une,une,DET:ndf:obj:femi:sg,386,18,QIs,QIs,un,un,CS,72,,DET:ndf,'/V\.C/(e)\
138,24,6,chambre,chambre,NOM:obj:femi:sg,387,18,N,N,,chambre1|chambre,+T|CI,72,,NOM,'C/V\.C/(e)\
139,25,1,de,de,PRE,402,18,Pre,Pre,de,de,+CIST,74,,PRE,C/(e)\
140,25,2,par,par,PRE,403,18,Pre,Pre,par1,par,CIS,74,,PRE,C/V\
141,25,3,les,les,DET:def:obj:masc:pl,404,18,Det,Det,le,le,CST,75,,DET:def,C/V\
142,25,4,hals,hals,ADJ:obj:masc:pl,405,18,Adj,Adj,haut,haut,+Z,75,,ADJ,C/V\
143,25,5,barons,barons,NOM:obj:masc:pl,406,18,N,N,,baron,+I,75,,NOM,C/V\.'C/V\
144,25,6,de,de,PRE,407,18,Pre,Pre,de,de,+CIST,75,,PRE,C/(e)\
145,25,7,france,france,NPR:obj:femi:sg,408,18,N,N,,france,CI|Z,75,,NPR,'C/V\.C/(e)\
146,26,1,de,de,PRE,407,18,Pre,Pre,de,de,+CIST,75,,PRE,C/(e)\
147,26,2,france,france,NPR:obj:femi:sg,408,18,N,N,,france,CI|Z,75,,NPR,'C/V\.C/(e)\
148,26,3,qui,qui,PROCON,409,18,Qux,Qux,qui,qui,CST,75,s,PROCON,C/V\
149,26,4,ont,ont,VER:pres:3:pl,410,18,Vfin,Vfin,avoir1,avoir|devoir,+CIM|+M,75,,VER,/V\
150,26,5,pris,pris,VER:pper:masc:sg,411,18,Vpp,Vpp,prendre,prendre|prisier,+CMI|+IM,75,,VER,C/V\
151,26,6,le,le,DET:def:obj:masc:sg,412,18,Det,Det,le,le,CST,76,,DET:def,C/(e)\
152,26,7,sine,sine,NOM:obj:masc:sg,413,18,N,N,,signe3|signe4|sine|sines,+T|+T|+T|+T,76,,NOM,'C/V\.C/(e)\
153,27,1,vengier,vengier,VER:infi,422,18,Vinf,Vinf,,vengier,+IT,77,,VER,C/V\.'C/V\
154,27,2,et,et,CON:coord,423,18,Crd,Crd,et,et,ST,77,,CON:coord,/V\
155,27,3,por,por,PRE,424,18,Pre,Pre,pour,por2|por,+IST|CI,77,,PRE,C/V\
156,27,4,jerusalem,jerusalem,NPR:obj:masc:sg,425,18,N,N,,jerusalem,I|Z,77,c,NPR,C/V\.C/V\.C/V\.'C/V\
157,28,1,et,et,CON:coord,423,18,Crd,Crd,et,et,ST,77,,CON:coord,/V\
158,28,2,por,por,PRE,424,18,Pre,Pre,pour,por2|por,+IST|CI,77,,PRE,C/V\
159,28,3,jerusalem,jerusalem,NPR:obj:masc:sg,425,18,N,N,,jerusalem,I|Z,77,c,NPR,C/V\.C/V\.C/V\.'C/V\
160,28,4,conquerre,conquerre,VER:infi,426,18,Vinf,Vinf,,conquerre,+IT,78,,VER,C/V\.'C/V\.C/(e)\
161,29,1,en,en,PRE,480,19,Pre,Pre,en1,en1|en,+IST|CI,87,,PRE,/V\
162,29,2,quel,quel,ADJ:obj:femi:sg,481,19,Qux,Qux,quel,quel1|quel,I|CI,87,,ADJ,C/V\
163,29,3,maniere,maniere,NOM:obj:femi:sg,482,19,N,N,,maniere,+CIT,87,,NOM,C/V\.'C/V\.C/(e)\
164,29,4,"""","""",PON:cit,483,19,Pnc,Pnc,,QUOTED,,87,,PON:cit,
165,29,5,fait,fait,VER:pres:3:sg,484,19,Vfin,Vfin,faire,faire|farre,+CMI|M,87,,VER,C/V\
166,29,6,li,li,DET:def:suj:masc:sg,485,19,Det,Det,le,le,CST,87,,DET:def,C/V\
167,29,7,dux,dux,NOM:suj:masc:sg,486,19,N,N,,duc,I,88,,NOM,C/V\
168,30,1,li,li,DET:def:suj:masc:sg,560,20,Det,Det,le,le,CST,100,,DET:def,C/V\
169,30,2,termes,termes,NOM:suj:masc:sg,561,20,N,N,,terme|termes,+CI|+T,100,,NOM,'C/V\.C/e\
170,30,3,que,que,PROCON,562,20,Qux,Qux,que,que2|que3|que,T|S|C,100,c,PROCON,C/(e)\
171,30,4,li,li,DET:def:suj:masc:sg,563,20,Det,Det,le,le,CST,100,,DET:def,C/V\
172,30,5,dux,dux,NOM:suj:masc:sg,564,20,N,N,,duc,I,100,,NOM,C/V\
173,30,6,lor,lor,PRO:pers:dat:3:pl,565,20,Prn,Prn$$,3p,il|lor2,CIST|S,100,,PRO:pers,C/V\
174,30,7,mist,mist,VER:simp:3:sg,566,20,Vfin,Vfin,mettre,manoir|metre|mettre,M|CIM|M,101,,VER,C/V\
175,31,1,ne,ne,PRO:clit,580,20,Neg,Neg$$,ne1,en2|ne,S|C,103,,PRO:clit,C/(e)\
176,31,2,vos,vos,PRO:pers:2:pl,581,20,Prn,Prn$$,2pp,ous2|vos1|vos,T|S|I,103,,PRO:pers,C/V\
177,31,3,puis,puis,VER:pres:1:sg,582,20,Vfin,Vfin,pouvoir2,pondre|pöoir,+M|+I,103,,VER,C/V\
178,31,4,mie,mie,ADV,583,20,Neg,Neg,mie3,mie,C,103,,ADV,'C/V\./(e)\
179,31,5,raconter,raconter,VER:infi,584,20,Vinf,Vinf,raconter,raconter,+MT,103,,VER,C/V\.C/V\.'C/V\
180,32,1,nos,nos,PRO:pers:1:pl,639,21,Prn,Prn$,1pp,nos1|nos|noz1,S|CI|T,113,s,PRO:pers,C/V\
181,32,2,ferons,ferons,VER:futu:1:pl,640,21,Vfin,Vfin,faire,faire|ferir,+CIM|+M,113,,VER,C/V\.'C/V\
182,32,3,uissiers,uissiers,NOM:obj:masc:pl,641,21,N,N,,uissier,*+T,113,,NOM,/V\.'C/V\
183,32,4,a,a,PRE,642,21,Pre,Pre,à,a3|a,+T|CGIS,113,,PRE,/V\
184,32,5,passer,passer,VER:infi,643,21,Vinf,Vinf,passer,passer1|passer,+T|IM,113,,VER,C/V\.'C/V\
185,33,1,a,a,PRE,642,21,Pre,Pre,à,a3|a,+T|CGIS,113,,PRE,/V\
186,33,2,passer,passer,VER:infi,643,21,Vinf,Vinf,passer,passer1|passer,+T|IM,113,,VER,C/V\.'C/V\
187,33,3,.iv.,.iv.,ADJ:card,644,21,QIs,QIs,4,deus|ii,*I|C,113,,ADJ:card,'C/V\.C/(e)\
188,33,4,.m.,.m.,ADJ:card,645,21,QIs,QIs,1000,deus|ii,*I|C,114,,ADJ:card,'C/V\.C/(e)\
189,33,5,et,et,CON:coord,646,21,Crd,Crd,et,et,ST,114,,CON:coord,/V\
190,33,6,.v.,.v.,ADJ:card,647,21,QIs,QIs,5,deus|ii,*I|C,114,,ADJ:card,C/V\
191,34,1,.iv.,.iv.,ADJ:card,644,21,QIs,QIs,4,deus|ii,*I|C,113,,ADJ:card,'C/V\.C/(e)\
192,34,2,.m.,.m.,ADJ:card,645,21,QIs,QIs,1000,deus|ii,*I|C,114,,ADJ:card,'C/V\.C/(e)\
193,34,3,et,et,CON:coord,646,21,Crd,Crd,et,et,ST,114,,CON:coord,/V\
194,34,4,.v.,.v.,ADJ:card,647,21,QIs,QIs,5,deus|ii,*I|C,114,,ADJ:card,C/V\
195,34,5,.c.,.c.,ADJ:card,648,21,QIs,QIs,100,deus|ii,*I|C,114,,ADJ:card,C/V\
196,34,6,chevaus,chevaus,NOM:obj:masc:pl,649,21,N,N,,chevel,*+IT,114,,NOM,C/V\.'C/V\
197,35,1,.m.,.m.,ADJ:card,645,21,QIs,QIs,1000,deus|ii,*I|C,114,,ADJ:card,'C/V\.C/(e)\
198,35,2,et,et,CON:coord,646,21,Crd,Crd,et,et,ST,114,,CON:coord,/V\
199,35,3,.v.,.v.,ADJ:card,647,21,QIs,QIs,5,deus|ii,*I|C,114,,ADJ:card,C/V\
200,35,4,.c.,.c.,ADJ:card,648,21,QIs,QIs,100,deus|ii,*I|C,114,,ADJ:card,C/V\
201,35,5,chevaus,chevaus,NOM:obj:masc:pl,649,21,N,N,,chevel,*+IT,114,,NOM,C/V\.'C/V\
202,35,6,et,et,CON:coord,650,21,Crd,Crd,et,et,ST,115,,CON:coord,/V\
203,35,7,.ix.,.ix.,ADJ:card,651,21,QIs,QIs,9,deus|ii,*I|C,115,,ADJ:card,C/V\
204,36,1,chevaus,chevaus,NOM:obj:masc:pl,649,21,N,N,,chevel,*+IT,114,,NOM,C/V\.'C/V\
205,36,2,et,et,CON:coord,650,21,Crd,Crd,et,et,ST,115,,CON:coord,/V\
206,36,3,.ix.,.ix.,ADJ:card,651,21,QIs,QIs,9,deus|ii,*I|C,115,,ADJ:card,C/V\
207,36,4,mille,mille,ADJ:card,652,21,QIs,QIs,1000,mil1,T,115,,ADJ:card,'C/V\.C/(e)\
208,36,5,escuiers,escuiers,NOM:obj:masc:pl,653,21,N,N,,escuier2|escuier,+I|CI,115,,NOM,/V\.C/V\.'C/V\
209,37,1,mille,mille,ADJ:card,652,21,QIs,QIs,1000,mil1,T,115,,ADJ:card,'C/V\.C/(e)\
210,37,2,escuiers,escuiers,NOM:obj:masc:pl,653,21,N,N,,escuier2|escuier,+I|CI,115,,NOM,/V\.C/V\.'C/V\
211,37,3,et,et,CON:coord,654,21,Crd,Crd,et,et,ST,115,,CON:coord,/V\
212,37,4,es,es,PREDET:en:obj:femi:pl,655,21,Pre+Det,Pre+Det,en1+le,en1+le|le,S|C,116,,PREDET:en,/V\
213,37,5,nes,nés,NOM:obj:femi:pl,656,21,N,N,,nef2|nés,+I|+I,116,,NOM,C/V\
214,37,6,.iv.,.iv.,ADJ:card,657,21,QIs,QIs,4,deus|ii,*I|C,116,,ADJ:card,'C/V\.C/(e)\
215,38,1,.m.,.m.,ADJ:card,658,21,QIs,QIs,1000,deus|ii,*I|C,116,,ADJ:card,'C/V\.C/(e)\
216,38,2,chevaliers,chevaliers,NOM:obj:masc:pl,659,21,N,N,,chevalier,+I,116,,NOM,C/V\.C/V\.'C/V\
217,38,3,et,et,CON:coord,660,21,Crd,Crd,et,et,ST,116,,CON:coord,/V\
218,38,4,.v.,.v.,ADJ:card,661,21,QIs,QIs,5,deus|ii,*I|C,117,,ADJ:card,C/V\
219,38,5,.c.,.c.,ADJ:card,662,21,QIs,QIs,100,deus|ii,*I|C,117,,ADJ:card,C/V\
220,39,1,et,et,CON:coord,663,21,Crd,Crd,et,et,ST,117,,CON:coord,/V\
221,39,2,.xx.,.xx.,ADJ:card,664,21,QIs,QIs,20,deus|ii,*I|C,117,,ADJ:card,C/V\
222,39,3,mille,mille,ADJ:card,665,21,QIs,QIs,1000,mil1,T,117,,ADJ:card,'C/V\.C/(e)\
223,39,4,serjanz,serjanz,NOM:obj:masc:pl,666,21,N,N,,serjant,+I,117,,NOM,C/V\.'C/V\
224,39,5,a,a,PRE,667,21,Pre,Pre,à,a3|a,+T|CGIS,117,,PRE,/V\
225,39,6,pie,pié,NOM:obj:masc:sg,668,21,N,N,,pie,+T,118,,NOM,C/V\
226,40,1,.iv.,.iv.,ADJ:card,702,21,QIs,QIs,4,deus|ii,*I|C,122,,ADJ:card,'C/V\.C/(e)\
227,40,2,mars,mars,NOM:obj:masc:pl,703,21,N,N,,marc1|marz,+I|+CT,122,,NOM,C/V\
228,40,3,et,et,CON:coord,704,21,Crd,Crd,et,et,ST,123,,CON:coord,/V\
229,40,4,por,por,PRE,705,21,Pre,Pre,pour,por2|por,+IST|CI,123,,PRE,C/V\
230,40,5,l,l,DET:def:obj:masc:sg,706,21,Det,Det,le,le,CS,123,,DET:def,C/\
231,40,6,ome,ome,NOM:obj:masc:sg,707,21,N,N,,ome,+IT,123,,NOM,'/V\.C/(e)\
232,40,7,.ii.,.ii.,ADJ:card,708,21,QIs,QIs,2,deus|ii,*I|C,123,c,ADJ:card,C/V\
233,41,1,que,que,PROCON,725,22,Sub,Sub,que,que2|que3|que,T|S|C,127,,PROCON,C/(e)\
234,41,2,nos,nos,PRO:pers:1:pl,726,22,Prn,Prn$,1pp,nos1|nos|noz1,S|CI|T,127,s,PRO:pers,C/V\
235,41,3,departirons,departirons,VER:futu:1:pl,727,22,Vfin,Vfin,départir,departir,+Z,127,,VER,C/V\.C/V\.C/V\.'C/V\
236,41,4,del,del,PREDET:de:obj:masc:sg,728,22,Pre+Det,Pre+Det,de+le,de+le,S,128,,PREDET:de,C/V\
237,41,5,port,port,NOM:obj:masc:sg,729,22,N,N,,port1|port2,+T|+IT,128,,NOM,C/V\
238,42,1,a,a,PRE,732,22,Pre,Pre,à,a3|a,+T|CGIS,128,,PRE,/V\
239,42,2,faire,faire,VER:infi,733,22,Vinf,Vinf,faire,faire,+MIT,128,,VER,'C/V\.C/(e)\
240,42,3,le,le,DET:def:obj:masc:sg,734,22,Det,Det,le,le,CST,128,,DET:def,C/(e)\
241,42,4,servise,servise,NOM:obj:masc:sg,735,22,N,N,,servise,+IT,128,,NOM,C/V\.'C/V\.C/(e)\
242,42,5,dieu,dieu,NOM:obj:masc:sg,736,22,N,N,,dieu,+CIT,129,,NOM,C/V\
243,43,1,que,que,PROCON,780,23,Sub,Sub,que,que2|que3|que,T|S|C,136,,PROCON,C/(e)\
244,43,2,tant,tant,ADV,781,23,QIs,QIs,tant,tant,CI,137,,ADV,C/V\
245,43,3,con,con,CON:subord,782,23,Sub,Sub,comme,come1,T,137,,CON:subord,C/V\
246,43,4,nostre,nostre,DET:poss:suj:femi:sg,783,23,Det,Det,notre,nostre,CS,137,,DET:poss,'C/V\.C/(e)\
247,43,5,compaignie,compaignie,NOM:suj:femi:sg,784,23,N,N,,compagne1|compagne2,*+IT|+IT,137,,NOM,C/V\.C/V\.'C/V\./(e)\
248,44,1,et,et,CON:coord,841,24,Crd,Crd,et,et,ST,148,,CON:coord,/V\
249,44,2,si,si,PROCON,842,24,Adv,Adv,si4,si,C,148,,PROCON,C/V\
250,44,3,s,s,PROCON,843,24,Prn,Prn$$,soi,se,C,148,,PROCON,C/\
251,44,4,acorderent,acorderent,VER:simp:3:pl,844,24,Vfin,Vfin,,acorder,+I,148,,VER,/V\.C/V\.'C/V\.C/e\
252,44,5,al,al,PREDET:a:obj:masc:sg,845,24,Pre+Det,Pre+Det,à+le,a+le|le,S|C,148,,PREDET:a,/V\
253,44,6,faire,faire,VER:infi,846,24,Vinf,Vinf,faire,faire,+MIT,148,,VER,'C/V\.C/(e)\
254,45,1,nos,nos,PRO:pers:1:pl,857,24,Prn,Prn$,1pp,nos1|nos|noz1,S|CI|T,150,s,PRO:pers,C/V\
255,45,2,somes,somes,VER:pres:1:pl,858,24,Vfin,Vfin,être1|ester,estre1|estre,+I|IM,150,,VER,'C/V\.C/e\
256,45,3,prest,prest,ADJ:suj:masc:pl,859,24,Adj,Adj,,prest1|prest,+IT|I,150,,ADJ,C/V\
257,45,4,d,d,PRE,860,24,Pre,Pre,de,de,+CS,151,,PRE,C/\
258,45,5,aseurer,aseurer,VER:infi,861,24,Vinf,Vinf,assurer,assëurer,+MIdMd,151,,VER,/V\.C/(V)\./V\.'C/V\
259,46,1,qui,qui,PROCON,895,25,Qux,Qux,qui,qui,CST,157,s,PROCON,C/V\
260,46,2,mult,mult,ADV,896,25,QIs,QIs,moult,mout,I,157,,ADV,C/V\
261,46,3,ere,ere,VER:impf:3:sg,897,25,Vfin,Vfin,être1|ester,arer|estre1,+M|+I,157,,VER,'/V\.C/(e)\
262,46,4,sages,sages,ADJ:suj:masc:sg,898,25,Adj,Adj,sage,sage,+I,157,,ADJ,'C/V\.C/e\
263,46,5,et,et,CON:coord,899,25,Crd,Crd,et,et,ST,157,,CON:coord,/V\
264,46,6,proz,proz,ADJ:suj:masc:sg,900,25,Adj,Adj,preux,pro,I,157,,ADJ,C/V\
265,47,1,et,et,CON:coord,920,25,Crd,Crd,et,et,ST,160,,CON:coord,/V\
266,47,2,engin,engin,NOM:obj:masc:sg,921,25,N,N,,engin|gin,+IT|+T,160,,NOM,/V\.'C/V\
267,47,3,que,que,PROCON,922,25,Sub,Sub,que,que2|que3|que,T|S|C,160,c,PROCON,C/(e)\
268,47,4,il,il,PRO:pers:suj:3:masc:sg:unb,923,25,Prn,Prn$,3p,il,CIST,160,s,PRO:pers,/V\
269,47,5,avoit,avoit,VER:impf:3:sg,924,25,Vfin,Vfin,avoir1,avoiier|avoir,+MI|+MI,161,,VER,/V\.'C/V\
270,47,6,mult,mult,ADV,925,25,QIs,QIs,moult,mout,I,161,,ADV,C/V\
271,47,7,cler,cler,ADJ:obj:masc:sg,926,25,Adj,Adj,clair1,cler,+IT,161,,ADJ,C/V\
272,48,1,que,que,PROCON,922,25,Sub,Sub,que,que2|que3|que,T|S|C,160,c,PROCON,C/(e)\
273,48,2,il,il,PRO:pers:suj:3:masc:sg:unb,923,25,Prn,Prn$,3p,il,CIST,160,s,PRO:pers,/V\
274,48,3,avoit,avoit,VER:impf:3:sg,924,25,Vfin,Vfin,avoir1,avoiier|avoir,+MI|+MI,161,,VER,/V\.'C/V\
275,48,4,mult,mult,ADV,925,25,QIs,QIs,moult,mout,I,161,,ADV,C/V\
276,48,5,cler,cler,ADJ:obj:masc:sg,926,25,Adj,Adj,clair1,cler,+IT,161,,ADJ,C/V\
277,48,6,et,et,CON:coord,927,25,Crd,Crd,et,et,ST,161,,CON:coord,/V\
278,48,7,mult,mult,ADV,928,25,QIs,QIs,moult,mout,I,161,,ADV,C/V\
279,48,8,bon,bon,ADJ:obj:masc:sg,929,25,Adj,Adj,bon,bon,+CIT,161,,ADJ,C/V\
280,49,1,en,en,PRE,963,25,Pre,Pre,en1,en1|en,+IST|CI,167,,PRE,/V\
281,49,2,la,la,DET:def:obj:femi:sg,964,25,Det,Det,le,le,CST,168,,DET:def,C/V\
282,49,3,chapelle,chapelle,NOM:obj:femi:sg,965,25,N,N,,chapele,*+IT,168,,NOM,C/V\.'C/V\.C/(e)\
283,49,4,de,de,PRE,966,25,Pre,Pre,de,de,+CIST,168,,PRE,C/(e)\
284,49,5,saint,saint,ADJ:obj:masc:sg,967,25,Adj,Adj,saint,saint1|saint,T|CI,168,,ADJ,C/V\
285,49,6,marc,marc,NPR:obj:masc:sg,968,25,N,N,,marc1|marc2|merc,+IT|+T|+T,168,,NOM,C/V\
286,50,1,li,li,DET:def:suj:masc:sg,1013,26,Det,Det,le,le,CST,176,,DET:def,C/V\
287,50,2,dux,dux,NOM:suj:masc:sg,1014,26,N,N,,duc,I,176,,NOM,C/V\
288,50,3,manda,manda,VER:simp:3:sg,1015,26,Vfin,Vfin,mander,mander,+IM,177,,VER,C/V\.'C/V\
289,50,4,por,por,PRE,1016,26,Pre,Pre,pour,por2|por,+IST|CI,177,,PRE,C/V\
290,50,5,les,les,DET:def:obj:masc:pl,1017,26,Det,Det,le,le,CST,177,,DET:def,C/V\
291,50,6,messages,messages,NOM:obj:masc:pl,1018,26,N,N,,message2|message,+I|I,177,,NOM,C/V\.'C/V\.C/e\
292,51,1,jofrois,jofrois,NPR:suj:masc:sg,1055,27,N,N,,UNKNOWN,,185,,NPR,C/V\.'C/V\
293,51,2,de,de,PRE,1056,27,Pre,Pre,de,de,+CIST,185,,PRE,C/(e)\
294,51,3,vilehardoin,vilehardoin,NPR:obj:masc:sg,1057,27,N,N,,UNKNOWN,,185,,NPR,C/V\.C/e\.C/V\.C/V\.'C/V\
295,52,1,qui,qui,PROCON,1107,27,Qux,Qux,qui,qui,CST,193,s,PROCON,C/V\
296,52,2,est,est,VER:pres:3:sg,1108,27,Vfin,Vfin,être1|ester,ester|estre1,+M|+I,193,,VER,/V\
297,52,3,en,en,PRO:clit,1109,27,Pre,Pre,en1,en1|en,+IST|CI,193,,PRE,/V\
298,52,4,servage,servage,NOM:obj:masc:sg,1110,27,N,N,,servage,+IT,194,,NOM,C/V\.'C/V\.C/(e)\
299,52,5,de,de,PRE,1111,27,Pre,Pre,de,de,+CIST,194,,PRE,C/(e)\
300,52,6,turs,turs,NOM:obj:femi:pl,1112,27,N,N,,tor,I,194,,NOM,C/V\
301,53,1,n,n,PRO:clit,1139,27,Neg,Neg$$,ne1,en2|ne,S|C,199,,PRO:clit,C/\
302,53,2,ont,ont,VER:pres:3:pl,1140,27,Vfin,Vfin,avoir1,avoir|devoir,+CIM|+M,199,,VER,/V\
303,53,3,si,si,PROCON,1141,27,Adv,Adv,si4,si,C,199,,PROCON,C/V\
304,53,4,grant,grant,ADJ:obj:masc:sg,1142,27,Adj,Adj,grand,grant,+CIT,200,,ADJ,C/V\
305,53,5,pooir,pooir,VER:infi,1143,27,Vinf,Vinf,pouvoir2,pöoir,+IIdTd,200,,VER,C/V\.'C/V\
306,53,6,qui,qui,PROCON,1144,27,Qux,Qux,qui,qui,CST,200,s,PROCON,C/V\
307,53,7,sor,sor,PRE,1145,27,PrA,PrA,sur,sor2|sur1,+IST|+T,200,,PRE,C/V\
308,53,8,mer,mer,NOM:obj:femi:sg,1146,27,N,N,,mer,+IT,200,,NOM,C/V\
309,54,1,conme,conme,CON:subord,1148,27,Sub,Sub,comme,come,*C,201,,CON:subord,'C/V\.C/(e)\
310,54,2,vos,vos,PRO:pers:2:pl,1149,27,Prn,Prn,2pp,ous2|vos1|vos,T|S|I,201,,PRO:pers,C/V\
311,54,3,et,et,CON:coord,1150,27,Crd,Crd,et,et,ST,201,,CON:coord,/V\
312,54,4,la,la,DET:def:suj:femi:sg,1151,27,Det,Det,le,le,CST,201,,DET:def,C/V\
313,54,5,vostre,vostre,DET:poss:suj:femi:sg,1152,27,Det,Det,votre,vostre,IS,201,,ADJ:poss,'C/V\.C/(e)\
314,54,6,genz,genz,NOM:suj:femi:sg,1153,27,N,N,,gent1,+I,202,,NOM,C/V\
315,55,1,nos,nos,PRO:pers:1:pl,1217,28,Prn,Prn$,1pp,nos1|nos|noz1,S|CI|T,213,s,PRO:pers,C/V\
316,55,2,l,l,PRO:pers:obj:3:masc:sg:unb,1218,28,Prn,Prn$$,3p,il,CS,213,c,PRO:pers,C/\
317,55,3,otrions,otrions,VER:pres:1:pl,1219,28,Vfin,Vfin,octroyer,octroyer,M,213,,VER,/V\.C/V\.'C/V\
318,55,4,nos,nos,PRO:pers:1:pl,1220,28,Prn,Prn$,1pp,nos1|nos|noz1,S|CI|T,213,s,PRO:pers,C/V\
319,55,5,l,l,PRO:pers:obj:3:masc:sg:unb,1221,28,Prn,Prn$$,3p,il,CS,213,c,PRO:pers,C/\
320,55,6,otrions,otrions,VER:pres:1:pl,1222,28,Vfin,Vfin,octroyer,octroyer,M,213,,VER,/V\.C/V\.'C/V\
321,56,1,que,que,PROCON,1233,28,Sub,Sub,que,que2|que3|que,T|S|C,215,,PROCON,C/(e)\
322,56,2,il,il,PRO:pers:suj:3:masc:sg:unb,1234,28,Prn,Prn$,3p,il,CIST,215,s,PRO:pers,/V\
323,56,3,sembla,sembla,VER:simp:3:sg,1235,28,Vfin,Vfin,sembler,sembler,*+T,215,,VER,C/V\.'C/V\
324,56,4,que,que,PROCON,1236,28,Sub,Sub,que,que2|que3|que,T|S|C,216,,PROCON,C/(e)\
325,56,5,terre,terre,NOM:suj:femi:sg,1237,28,N,N,,terre,+CIT,216,s,NOM,'C/V\.C/(e)\
326,56,6,fondist,fondist,VER:subi:3:sg,1238,28,Vfin,Vfin,fondre,fondre,+M,216,,VER,C/V\.'C/V\
327,57,1,remest,remest,VER:simp:3:sg,1244,29,Vfin,Vfin,remanoir,remanoir,+I,218,,VER,C/V\.'C/V\
328,57,2,et,et,CON:coord,1245,29,Crd,Crd,et,et,ST,219,,CON:coord,/V\
329,57,3,cele,cele,DET:demo:suj:femi:sg,1246,29,Dem,Dem,cil,cel,CS,219,,DET:demo,'C/V\.C/(e)\
330,57,4,grant,grant,ADJ:suj:femi:sg,1247,29,Adj,Adj,grand,grant,+CIT,219,,ADJ,C/V\
331,57,5,pitie,pitié,NOM:suj:femi:sg,1248,29,N,N,,pitié,*+I,219,,NOM,C/V\.'C/V\
332,58,1,que,que,PROCON,1249,29,Sub,Sub,que,que2|que3|que,T|S|C,219,,PROCON,C/(e)\
333,58,2,onques,onques,ADV,1250,29,Adv,Adv,onques,onque,+CIT,219,,ADV,'/V\.C/e\
334,58,3,plus,plus,ADV,1251,29,Adv,Adv,plus,plus,CI,220,,ADV,C/V\
335,58,4,grant,grant,ADJ:obj:femi:sg,1252,29,Adj,Adj,grand,grant,+CIT,220,,ADJ,C/V\
336,58,5,ne,ne,PRO:clit,1253,29,Neg,Neg$$,ne1,en2|ne,S|C,220,,PRO:clit,C/(e)\
337,58,6,vit,vit,VER:simp:3:sg,1254,29,Vfin,Vfin,voir1,vivre1|vëoir,+I|+I,220,,VER,C/V\
338,58,7,nus,nus,DET:ind:suj:masc:sg,1255,29,QIs,QIs,nul,nul,S,220,,DET:ind,C/V\
339,58,8,hom,hom,NOM:suj:masc:sg,1256,29,N,N,,ome,+CI,220,,NOM,/V\
340,59,1,qui,qui,PROCON,1262,29,Qux,Qux,qui,qui,CST,221,s,PROCON,C/V\
341,59,2,mult,mult,ADV,1263,29,QIs,QIs,moult,mout,I,221,,ADV,C/V\
342,59,3,ere,ere,VER:impf:3:sg,1264,29,Vfin,Vfin,être1|ester,arer|estre1,+M|+I,221,,VER,'/V\.C/(e)\
343,59,4,sages,sages,ADJ:suj:masc:sg,1265,29,Adj,Adj,sage,sage,+I,221,,ADJ,'C/V\.C/e\
344,59,5,et,et,CON:coord,1266,29,Crd,Crd,et,et,ST,222,,CON:coord,/V\
345,59,6,proz,proz,ADJ:suj:masc:sg,1267,29,Adj,Adj,preux,pro,I,222,,ADJ,C/V\
346,60,1,et,et,CON:coord,1266,29,Crd,Crd,et,et,ST,222,,CON:coord,/V\
347,60,2,proz,proz,ADJ:suj:masc:sg,1267,29,Adj,Adj,preux,pro,I,222,,ADJ,C/V\
348,60,3,monta,monta,VER:simp:3:sg,1268,29,Vfin,Vfin,monter,monter,+I,222,,VER,C/V\.'C/V\
349,60,4,el,el,PREDET:en:obj:masc:sg,1269,29,Pre+Det,Pre+Det,en1+le,en1+le,S,222,,PREDET:en,/V\
350,60,5,leteri,leteri,NOM:obj:masc:sg,1270,29,N,N,,UNKNOWN,,222,,NOM,C/V\.C/V\.'C/V\
351,61,1,et,et,CON:coord,1271,29,Crd,Crd,et,et,ST,223,,CON:coord,/V\
352,61,2,parla,parla,VER:simp:3:sg,1272,29,Vfin,Vfin,parler,parler,+MI,223,,VER,C/V\.'C/V\
353,61,3,au,au,PREDET:a:obj:masc:sg,1273,29,Pre+Det,Pre+Det,à+le,a+le|le,S|C,223,,PREDET:a,/V\
354,61,4,pueple,pueple,NOM:obj:masc:sg,1274,29,N,N,,pueple,+IT,223,,NOM,'C/V\.C/(e)\
355,61,5,et,et,CON:coord,1275,29,Crd,Crd,et,et,ST,223,,CON:coord,/V\
356,61,6,lor,lor,PRO:pers:dat:3:pl,1276,29,Prn,Prn$$,3p,il|lor2,CIST|S,223,,PRO:pers,C/V\
357,61,7,dist,dist,VER:simp:3:sg,1277,29,Vfin,Vfin,dire,dire,+CMI,223,,VER,C/V\
358,62,1,seingnor,seingnor,NOM:suj:masc:pl,1279,29,N,N,,seignor,+C,224,,NOM,C/V\.'C/V\
359,62,2,veez,veez,VER:impe:2:pl,1280,29,Vfin,Vfin,voir1,vëer|vëoir,+I|+I,224,,VER,C/(V)\.'/V\
360,62,3,l,l,DET:def:obj:femi:sg,1281,29,Det,Det,le,le,CS,224,,DET:def,C/\
361,62,4,onor,onor,NOM:obj:femi:sg,1282,29,N,N,,onor,+IT,224,,NOM,/V\.'C/V\
362,62,5,que,que,PROCON,1283,29,Qux,Qux,que,que2|que3|que,T|S|C,224,c,PROCON,C/(e)\
363,62,6,diex,diex,NOM:suj:masc:sg,1284,29,N,N,,dieu,*+CIT,224,s,NOM,C/V\
364,63,1,ont,ont,VER:pres:3:pl,1294,29,Vfin,Vfin,avoir1,avoir|devoir,+CIM|+M,226,,VER,/V\
365,63,2,guerpi,guerpi,VER:pper:masc:sg,1295,29,Vpp,Vpp,guerpir,guerpir,+MI,226,,VER,C/V\.'C/V\
366,63,3,tote,tote,DET:ind:obj:femi:sg,1296,29,QIs,QIs,tout,tot,CS,226,,DET:ind,'C/V\.C/(e)\
367,63,4,l,l,DET:def:obj:femi:sg,1297,29,Det,Det,le,le,CS,226,,DET:def,C/\
368,63,5,autre,autre,ADJ:obj:femi:sg,1298,29,Adj,Adj,autre,autre,CIId,227,,ADJ,'/V\.C/(e)\
369,63,6,genz,genz,NOM:obj:femi:sg,1299,29,N,N,,gent1,+I,227,,NOM,C/V\
370,64,1,que,que,PROCON,1320,30,Sub,Sub,que,que2|que3|que,T|S|C,232,c,PROCON,C/(e)\
371,64,2,li,li,DET:def:suj:masc:sg,1321,30,Det,Det,le,le,CST,232,,DET:def,C/V\
372,64,3,dux,dux,NOM:suj:masc:sg,1322,30,N,N,,duc,I,232,,NOM,C/V\
373,64,4,dist,dist,VER:simp:3:sg,1323,30,Vfin,Vfin,dire,dire,+CMI,232,,VER,C/V\
374,64,5,bones,bones,ADJ:obj:femi:pl,1324,30,Adj,Adj,bon,bon,+CI,232,,ADJ,'C/V\.C/e\
375,64,6,et,et,CON:coord,1325,30,Crd,Crd,et,et,ST,233,,CON:coord,/V\
376,64,7,belles,belles,ADJ:obj:femi:pl,1326,30,Adj,Adj,beau,bel,*I,233,,ADJ,'C/V\.C/e\
377,65,1,poroient,poroient,VER:cond:3:pl,1369,30,Vfin,Vfin,pouvoir2,pouvoir,*M,241,,VER,C/V\.'C/V\./e\
378,65,2,miels,miels,ADV,1370,30,Adv,Adv,mieux,mieus,Z,241,,ADV,C/V\
379,65,3,les,les,DET:def:obj:masc:pl,1371,30,Det,Det,le,le,CST,241,,DET:def,C/V\
380,65,4,turs,turs,NOM:obj:masc:pl,1372,30,N,N,,tor,I,241,,NOM,C/V\
381,65,5,destruire,destruire,VER:infi,1373,30,Vinf,Vinf,détruire,destruire,+IT,241,,VER,C/V\.'C/V\.C/(e)\
382,66,1,destruire,destruire,VER:infi,1373,30,Vinf,Vinf,détruire,destruire,+IT,241,,VER,C/V\.'C/V\.C/(e)\
383,66,2,que,que,PROCON,1374,30,Sub,Sub,que,que2|que3|que,T|S|C,241,,PROCON,C/(e)\
384,66,3,par,par,PRE,1375,30,Pre,Pre,par1,par,CIS,242,,PRE,C/V\
385,66,4,altre,altre,ADJ:obj:femi:sg,1376,30,Adj,Adj,autre,altre|autre,G|I,242,,ADJ,'/V\.C/(e)\
386,66,5,terre,terre,NOM:obj:femi:sg,1377,30,N,N,,terre,+CIT,242,,NOM,'C/V\.C/(e)\
387,67,1,il,il,PRO:pers:suj:3:masc:sg:unb,1388,30,Prn,Prn$,3p,il,CIST,244,s,PRO:pers,/V\
388,67,2,estoit,estoit,VER:impf:3:sg,1389,30,Vfin,Vfin,être1|ester,ester|estre1,+IM|+I,244,,VER,/V\.'C/V\
389,67,3,adonques,adonques,ADV,1390,30,Adv,Adv,adonc,adonc|adonques,+IT|G,244,,ADV,/V\.'C/V\.C/e\
390,67,4,quaresme,quaresme,NOM:suj:masc:sg,1391,30,N,N,,caresme,+Z,244,a,NOM,C/V\.'C/V\.C/(e)\
391,68,1,que,que,PROCON,1395,30,Sub,Sub,que,que2|que3|que,T|S|C,245,,PROCON,C/(e)\
392,68,2,de,de,PRE,1396,30,Pre,Pre,de,de,+CIST,245,,PRE,C/(e)\
393,68,3,sain,sain,ADJ:obj:masc:sg,1397,30,Adj,Adj,,sain,+IT,245,,ADJ,C/V\
394,68,4,johan,johan,NPR:obj:masc:sg,1398,30,N,N,,jehan,C|I|Z,245,,NPR,C/V\.'C/V\
395,68,5,en,en,PRE,1399,30,Pre,Pre,en1,en1|en,+IST|CI,245,,PRE,/V\
396,68,6,un,un,DET:ndf:obj:masc:sg,1400,30,QIs,QIs,un,un,CS,245,,DET:ndf,/V\
397,68,7,an,an,NOM:obj:masc:sg,1401,30,N,N,,an,+CIT,245,,NOM,/V\
398,69,1,estre,estre,VER:infi,1421,30,Vinf,Vinf,être1|ester,entr'estre|estre1,+M|+IT,248,,VER,'/V\.C/(e)\
399,69,2,en,en,PRE,1422,30,Pre,Pre,en1,en1|en,+IST|CI,248,,PRE,/V\
400,69,3,venise,venise,NPR:obj:masc:sg,1423,30,N,N,,venise,Z,248,,NPR,C/V\.'C/V\.C/(e)\
401,69,4,et,et,CON:coord,1424,30,Crd,Crd,et,et,ST,249,,CON:coord,/V\
402,69,5,li,li,DET:def:suj:masc:pl,1425,30,Det,Det,le,le,CST,249,,DET:def,C/V\
403,69,6,vassial,vassial,NOM:suj:masc:pl,1426,30,N,N,,UNKNOWN,,249,,NOM,C/V\.'C/V\
404,70,1,et,et,CON:coord,1424,30,Crd,Crd,et,et,ST,249,,CON:coord,/V\
405,70,2,li,li,DET:def:suj:masc:pl,1425,30,Det,Det,le,le,CST,249,,DET:def,C/V\
406,70,3,vassial,vassial,NOM:suj:masc:pl,1426,30,N,N,,UNKNOWN,,249,,NOM,C/V\.'C/V\
407,70,4,appareillié,appareillié,VER:pper:masc:sg,1427,30,Vpp,Vpp,,apareillier1|apareillier,*+I|I,249,,VER,/V\.C/V\.C/V\.'C/V\
408,71,1,devant,devant,PRE,1439,31,PrA,PrA,devant,devant,IST,252,,PRE,C/V\.'C/V\
409,71,2,le,le,DET:def:obj:masc:sg,1440,31,Det,Det,le,le,CST,252,,DET:def,C/(e)\
410,71,3,duc,duc,NOM:obj:masc:sg,1441,31,N,N,,duc1|duc2,+T|+IT,252,,NOM,C/V\
411,71,4,el,el,PREDET:en:obj:masc:sg,1442,31,Pre+Det,Pre+Det,en1+le,en1+le,S,253,,PREDET:en,/V\
412,71,5,grant,grant,ADJ:obj:masc:sg,1443,31,Adj,Adj,grand,grant,+CIT,253,,ADJ,C/V\
413,71,6,palais,palais,NOM:obj:masc:sg,1444,31,N,N,,palais2|palais3|palé,+T|+T|+T,253,,NOM,C/V\.'C/V\
414,72,1,si,si,PROCON,1462,31,Adv,Adv,si4,si,C,255,,PROCON,C/V\
415,72,2,s,s,PROCON,1463,31,Prn,Prn$$,soi,se,C,256,,PROCON,C/\
416,72,3,agenoilla,agenoilla,VER:simp:3:sg,1464,31,Vfin,Vfin,,agenoiller,*I,256,,VER,/V\.C/e\.C/V\.'C/V\
417,72,4,mult,mult,ADV,1465,31,QIs,QIs,moult,mout,I,256,,ADV,C/V\
418,72,5,plorant,plorant,VER:ppre,1466,31,Vprs,Vprs,pleurer,plorer,+I,256,,VER,C/V\.'C/V\
419,73,1,a,a,PRE,1471,31,Pre,Pre,à,a3|a,+T|CGIS,257,,PRE,/V\
420,73,2,bone,bone,ADJ:obj:femi:sg,1472,31,Adj,Adj,bon,bon,+CI,257,,ADJ,'C/V\.C/(e)\
421,73,3,foi,foi,NOM:obj:femi:sg,1473,31,N,N,,foi,+CIT,257,,NOM,C/V\
422,73,4,a,a,PRE,1474,31,Pre,Pre,à,a3|a,+T|CGIS,257,,PRE,/V\
423,73,5,bien,bien,ADV,1475,31,Adv,Adv,bien,bien1|bien2|bien,+IT|C|I,257,,ADV,C/V\
424,73,6,tenir,tenir,VER:infi,1476,31,Vinf,Vinf,tenir,tenir1|tenir|tenoir,+T|MI|M,258,,VER,C/V\.'C/V\
425,74,1,les,les,DET:def:obj:masc:pl,1477,31,Det,Det,le,le,CST,258,,DET:def,C/V\
426,74,2,convenz,convenz,NOM:obj:masc:pl,1478,31,N,N,,covent1|covent2,*+T|+T,258,,NOM,C/V\.'C/V\
427,74,3,qui,qui,PROCON,1479,31,Qux,Qux,qui,qui,CST,258,s,PROCON,C/V\
428,74,4,erent,erent,VER:impf:3:pl,1480,31,Vfin,Vfin,être1|ester,arer|arer|estre1,+M|+MI|+I,258,,VER,'/V\.C/e\
429,74,5,es,es,PREDET:en:obj:femi:pl,1481,31,Pre+Det,Pre+Det,en1+le,en1+le|le,S|C,258,,PREDET:en,/V\
430,74,6,chartres,chartres,NOM:obj:femi:pl,1482,31,N,N,,chartres,Z,258,,NPR,'C/V\.C/e\
431,75,1,aisi,aisi,ADV,1487,31,Adv,Adv,ainsi,ainsi,+Z,259,,ADV,/V\.'C/V\
432,75,2,qui,qui,PROCON,1488,31,Qux,Qux,qui,qui,CST,259,s,PROCON,C/V\
433,75,3,ere,ere,VER:impf:3:sg,1489,31,Vfin,Vfin,être1|ester,arer|estre1,+M|+I,259,,VER,'/V\.C/(e)\
434,75,4,de,de,PRE,1490,31,Pre,Pre,de,de,+CIST,260,,PRE,C/(e)\
435,75,5,.xl.,.xl.,ADJ:card,1491,31,QIs,QIs,40,deus|ii,*I|C,260,,ADJ:card,C/V\.'C/V\.C/(e)\
436,76,1,a,a,PRE,1500,31,Pre,Pre,à,a3|a,+T|CGIS,261,,PRE,/V\
437,76,2,tenir,tenir,VER:infi,1501,31,Vinf,Vinf,tenir,tenir1|tenir|tenoir,+T|MI|M,261,,VER,C/V\.'C/V\
438,76,3,et,et,CON:coord,1502,31,Crd,Crd,et,et,ST,262,,CON:coord,/V\
439,76,4,les,les,DET:def:obj:masc:pl,1503,31,Det,Det,le,le,CST,262,,DET:def,C/V\
440,76,5,sairemenz,sairemenz,NOM:obj:masc:pl,1504,31,N,N,,sairement,*+CIT,262,,NOM,C/V\.C/e\.'C/V\
441,77,1,sachiez,sachiez,VER:impe:2:pl,1518,31,Vfin,Vfin,savoir,savoir,+IM,264,,VER,C/V\.'C/V\
442,77,2,que,que,PROCON,1519,31,Sub,Sub,que,que2|que3|que,T|S|C,264,,PROCON,C/(e)\
443,77,3,la,la,ADV,1520,31,Adv,Adv,là,ele|il,C|IST,264,,PRO:pers,C/V\
444,77,4,ot,ot,VER:simp:3:sg,1521,31,Vfin,Vfin,avoir1|ouïr,avoir|öir,+IM|+I,264,,VER,/V\
445,77,5,mainte,mainte,DET:ind:obj:femi:sg,1522,31,QIs,QIs,maint,maint,S,265,,DET:ind,'C/V\.C/(e)\
446,77,6,lerme,lerme,NOM:obj:femi:sg,1523,31,N,N,,larme,+IT,265,,NOM,'C/V\.C/(e)\
447,78,1,l,l,DET:def:suj:femi:sg,1532,31,Det,Det,le,le,CS,266,,DET:def,C/\
448,78,2,une,une,DET:ndf:suj:femi:sg,1533,31,QIs,QIs,un,un,CS,266,,DET:ndf,'/V\.C/(e)\
449,78,3,partie,partie,NOM:suj:femi:sg,1534,31,N,N,,partie,+CIT,266,,NOM,C/V\.'C/V\./(e)\
450,78,4,et,et,CON:coord,1535,31,Crd,Crd,et,et,ST,266,,CON:coord,/V\
451,78,5,l,l,DET:def:suj:femi:sg,1536,31,Det,Det,le,le,CS,267,,DET:def,C/\
452,78,6,autre,autre,ADJ:suj:femi:sg,1537,31,Adj,Adj,autre,autre,CIId,267,,ADJ,'/V\.C/(e)\
453,78,7,a,a,PRE,1538,31,Pre,Pre,à,a3|a,+T|CGIS,267,,PRE,/V\
454,78,8,rome,rome,NPR:obj:masc:sg,1539,31,N,N,,rome,CI|Z,267,,NPR,'C/V\.C/(e)\
455,79,1,et,et,CON:coord,1548,31,Crd,Crd,et,et,ST,269,,CON:coord,/V\
456,79,2,il,il,PRO:pers:suj:3:masc:sg:unb,1549,31,Prn,Prn$,3p,il,CIST,269,s,PRO:pers,/V\
457,79,3,le,le,PRO:pers:obj:3:masc:sg:unb,1550,31,Prn,Prn$$,3p,il,CIST,269,c,PRO:pers,C/(e)\
458,79,4,fist,fist,VER:simp:3:sg,1551,31,Vfin,Vfin,faire,faire|feire|fere,+CMI|M|M,269,,VER,C/V\
459,79,5,mult,mult,ADV,1552,31,QIs,QIs,moult,mout,I,269,,ADV,C/V\
460,79,6,volentiers,volentiers,ADV,1553,31,Adv,Adv,volentiers,volentiers,+IT,269,,ADV,C/V\.C/V\.'C/V\
461,80,1,et,et,CON:coord,1565,32,Crd,Crd,et,et,ST,272,,CON:coord,/V\
462,80,2,si,si,PROCON,1566,32,Adv,Adv,si4,si,C,272,,PROCON,C/V\
463,80,3,les,les,PRO:pers:acc:3:masc:pl,1567,32,Prn,Prn$$,3p,il,CIST,273,c,PRO:pers,C/V\
464,80,4,baillerent,baillerent,VER:simp:3:pl,1568,32,Vfin,Vfin,bailler,baillier,+M,273,,VER,C/V\.'C/V\.C/e\
465,80,5,le,le,DET:def:obj:masc:sg,1569,32,Det,Det,le,le,CST,273,,DET:def,C/(e)\
466,80,6,duc,duc,NOM:obj:masc:sg,1570,32,N,N,,duc1|duc2,+T|+IT,273,,NOM,C/V\
467,81,1,si,si,PROCON,1607,32,Adv,Adv,si4,si,C,280,,PROCON,C/V\
468,81,2,s,s,PROCON,1608,32,Prn,Prn$$,soi,se,C,280,,PROCON,C/\
469,81,3,en,en,PRO:clit,1609,32,Prn,Prn$$,en2,en2|en,S|C,280,,PRO:clit,/V\
470,81,4,alerent,alerent,VER:simp:3:pl,1610,32,Vfin,Vfin,aller,aler,+IM,281,,VER,/V\.'C/V\.C/e\
471,81,5,droit,droit,ADJ:obj:masc:sg,1611,32,Adj,Adj,droit2,dreste|droit2|droit,+T|C|IT,281,,ADJ,C/V\
472,81,6,en,en,PRE,1612,32,Pre,Pre,en1,en1|en,+IST|CI,281,,PRE,/V\
473,81,7,france,france,NPR:obj:femi:sg,1613,32,N,N,,france,CI|Z,281,,NPR,'C/V\.C/(e)\
474,82,1,conquerre,conquerre,VER:infi,1657,33,Vinf,Vinf,,conquerre,+IT,289,,VER,C/V\.'C/V\.C/(e)\
475,82,2,la,la,DET:def:obj:femi:sg,1658,33,Det,Det,le,le,CST,289,,DET:def,C/V\
476,82,3,terre,terre,NOM:obj:femi:sg,1659,33,N,N,,terre,+CIT,289,,NOM,'C/V\.C/(e)\
477,82,4,sa,sa,DET:poss:obj:femi:sg,1660,33,Det,Det,son4,son4|son,S|C,290,,DET:poss,C/V\
478,82,5,fame,fame,NOM:obj:femi:sg,1661,33,N,N,,fame|feme,+T|+CI,290,,NOM,'C/V\.C/(e)\
479,83,1,avec,avec,PRE,1679,33,PrA,PrA,avec,avuec,ST,293,,PRE,/V\.'C/V\
480,83,2,lui,lui,PRO:pers:obj:3:masc:sg:bet,1680,33,Prn,Prn,3p,il|loi1,CIST|S,293,,PRO:pers,C/V\
481,83,3,en,en,PRO:clit,1681,33,Prn,Prn$$,en2,en2|en,S|C,293,,PRO:clit,/V\
482,83,4,aloit,aloit,VER:impf:3:sg,1682,33,Vfin,Vfin,aller,aler,+IM,294,,VER,/V\.'C/V\
483,83,5,gautiers,gautiers,NPR:suj:masc:sg,1683,33,N,N,,gautier,C|Z,294,,NPR,C/V\.'C/V\
484,84,1,et,et,CON:coord,1686,33,Crd,Crd,et,et,ST,294,,CON:coord,/V\
485,84,2,eutaices,eutaices,NPR:suj:masc:sg,1687,33,N,N,,UNKNOWN,,294,,NPR,/V\.'C/V\.C/e\
486,84,3,de,de,PRE,1688,33,Pre,Pre,de,de,+CIST,294,,PRE,C/(e)\
487,84,4,covelans,covelans,NPR:obj:masc:sg,1689,33,N,N,,UNKNOWN,,294,,NPR,C/V\.C/e\.'C/V\
488,85,1,de,de,PRE,1696,33,Pre,Pre,de,de,+CIST,295,,PRE,C/(e)\
489,85,2,la,la,DET:def:obj:femi:sg,1697,33,Det,Det,le,le,CST,295,,DET:def,C/V\
490,85,3,bone,bone,ADJ:obj:femi:sg,1698,33,Adj,Adj,bon,bon,+CI,296,,ADJ,'C/V\.C/(e)\
491,85,4,gent,gent,NOM:obj:femi:sg,1699,33,N,N,,gent1|giant,+IT|+T,296,,NOM,C/V\
492,85,5,de,de,PRE,1700,33,Pre,Pre,de,de,+CIST,296,,PRE,C/(e)\
493,85,6,champaigne,champaigne,NPR:obj:femi:sg,1701,33,N,N,,champaigne,C|Z,296,,NPR,C/V\.'C/V\.C/(e)\
494,86,1,avienent,avienent,VER:pres:3:pl,1747,34,Vfin,Vfin,avenir,avenir,+I,307,,VER,/V\.'C/V\.C/e\
495,86,2,ensi,ensi,ADV,1748,34,Adv,Adv,ainsi,ainsi,+IT,307,,ADV,/V\.'C/V\
496,86,3,con,con,CON:subord,1749,34,Sub,Sub,comme,come1,T,307,,CON:subord,C/V\
497,86,4,dieu,dieu,NOM:obj:masc:sg,1750,34,N,N,,dieu,+CIT,307,,NOM,C/V\
498,86,5,plaist,plaist,VER:pres:3:sg,1751,34,Vfin,Vfin,plaire,plaire,+MI,308,,VER,C/V\
499,87,1,que,que,PROCON,1757,34,Sub,Sub,que,que2|que3|que,T|S|C,309,,PROCON,C/(e)\
500,87,2,plus,plus,ADV,1758,34,Adv,Adv,plus,plus,CI,309,,ADV,C/V\
501,87,3,assemblassent,assemblassent,VER:subi:3:pl,1759,34,Vfin,Vfin,assembler,assembler,*+IT,309,,VER,/V\.C/V\.'C/V\.C/e\
502,87,4,en,en,PRO:clit,1760,34,Pre,Pre,en1,en1|en,+IST|CI,310,,PRE,/V\
503,87,5,l,l,DET:def:obj:femi:sg,1761,34,Det,Det,le,le,CS,310,,DET:def,C/\
504,87,6,ost,ost,NOM:obj:femi:sg,1762,34,N,N,,ost,+IT,310,,NOM,/V\
505,88,1,si,si,PROCON,1778,34,Adv,Adv,si4,si,C,313,,PROCON,C/V\
506,88,2,tint,tint,VER:simp:3:sg,1779,34,Vfin,Vfin,tenir,tinter,+M,313,,VER,C/V\
507,88,3,cascuns,cascuns,PRO:ind:suj:masc:sg,1780,34,QIs,QIs,chacun,chascun,IS,314,s,PRO:ind,C/V\.'C/V\
508,88,4,sa,sa,DET:poss:obj:femi:sg,1781,34,Det,Det,son4,son4|son,S|C,314,,DET:poss,C/V\
509,88,5,voie,voie,NOM:obj:femi:sg,1782,34,N,N,,voie,+CIT,314,,NOM,'C/V\./(e)\
510,88,6,tant,tant,ADV,1783,35,QIs,QIs,tant,tant,CI,316,,ADV,C/V\
511,89,1,que,que,PROCON,1791,35,Sub,Sub,que,que2|que3|que,T|S|C,317,,PROCON,C/(e)\
512,89,2,il,il,PRO:pers:suj:3:masc:sg:unb,1792,35,Prn,Prn$,3p,il,CIST,317,s,PRO:pers,/V\
513,89,3,vint,vint,VER:simp:3:sg,1793,35,Vfin,Vfin,venir,venir|voir,+CI|M,317,,VER,C/V\
514,89,4,a,a,PRE,1794,35,Pre,Pre,à,a3|a,+T|CGIS,318,,PRE,/V\
515,89,5,troies,troies,NPR:obj:masc:sg,1795,35,N,N,,troies,I|C|Z,318,,NPR,'C/V\./e\
516,89,6,en,en,PRE,1796,35,Pre,Pre,en1,en1|en,+IST|CI,318,,PRE,/V\
517,89,7,campaigne,campaigne,NPR:obj:femi:sg,1797,35,N,N,,campaigne|champaigne,Z|Z,318,,NPR,C/V\.'C/V\.C/(e)\
518,90,1,et,et,CON:coord,1845,35,Crd,Crd,et,et,ST,327,,CON:coord,/V\
519,90,2,leva,leva,VER:simp:3:sg,1846,35,Vfin,Vfin,lever,lever,+IM,328,,VER,C/V\.'C/V\
520,90,3,sus,sus,ADV,1847,35,PrA,PrA,sus,sus,I,328,,ADV,C/V\
521,90,4,et,et,CON:coord,1848,35,Crd,Crd,et,et,ST,328,,CON:coord,/V\
522,90,5,chevalcha,chevalcha,VER:simp:3:sg,1849,35,Vfin,Vfin,chevaucher,chevauchier,+I,328,,VER,C/V\.C/V\.'C/V\
523,91,1,ne,ne,PRO:clit,1857,35,Neg,Neg$$,ne1,en2|ne,S|C,330,,PRO:clit,C/(e)\
524,91,2,chevalcha,chevalcha,VER:simp:3:sg,1858,35,Vfin,Vfin,chevaucher,chevauchier,+I,330,,VER,C/V\.C/V\.'C/V\
525,91,3,que,que,PROCON,1859,35,Sub,Sub,que,que2|que3|que,T|S|C,330,,PROCON,C/(e)\
526,91,4,cele,cele,DET:demo:obj:femi:sg,1860,35,Dem,Dem,cil,cel,CS,331,,DET:demo,'C/V\.C/(e)\
527,91,5,foiz,foiz,NOM:obj:femi:sg,1861,35,N,N,,foi|foiz,+C|+CIT,331,,NOM,C/V\
528,92,1,que,que,PROCON,1880,36,Sub,Sub,que,que2|que3|que,T|S|C,336,c,PROCON,C/(e)\
529,92,2,il,il,PRO:pers:suj:3:masc:sg:unb,1881,36,Prn,Prn$,3p,il,CIST,336,s,PRO:pers,/V\
530,92,3,devoit,devoit,VER:impf:3:sg,1882,36,Vfin,Vfin,devoir2,devoir,+MI,336,,VER,C/V\.'C/V\
531,92,4,porter,porter,VER:infi,1883,36,Vinf,Vinf,porter,porter,+MIT,337,,VER,C/V\.'C/V\
532,92,5,a,a,PRE,1884,36,Pre,Pre,à,a3|a,+T|CGIS,337,,PRE,/V\
533,92,6,ses,ses,DET:poss:obj:masc:pl,1885,36,Det,Det,son4,son4|son,S|C,337,,DET:poss,C/V\
534,92,7,homes,homes,NOM:obj:masc:pl,1886,36,N,N,,ome,+CI,337,,NOM,'/V\.C/e\
535,93,1,ensi,ensi,ADV,1926,36,Adv,Adv,ainsi,ainsi,+IT,345,,ADV,/V\.'C/V\
536,93,2,con,con,CON:subord,1927,36,Sub,Sub,comme,come1,T,345,,CON:subord,C/V\
537,93,3,il,il,PRO:pers:suj:3:masc:sg:unb,1928,36,Prn,Prn$,3p,il,CIST,345,s,PRO:pers,/V\
538,93,4,l,l,PRO:pers:obj:3:masc:sg:unb,1929,36,Prn,Prn$$,3p,il,CS,345,c,PRO:pers,C/\
539,93,5,avoit,avoit,VER:impf:3:sg,1930,36,Vfin,Vfin,avoir1,avoiier|avoir,+MI|+MI,345,,VER,/V\.'C/V\
540,93,6,promis,promis,VER:pper:masc:sg,1931,36,Vpp,Vpp,promettre,prometre,+CI,346,,VER,C/V\.'C/V\
541,94,1,de,de,PRE,1952,36,Pre,Pre,de,de,+CIST,349,,PRE,C/(e)\
542,94,2,son,son,DET:poss:obj:masc:sg,1953,36,Det,Det,son4,son4|son,S|C,349,,DET:poss,C/V\
543,94,3,avoir,avoir,VER:infi,1954,36,Vinf,Vinf,avoir1,avoir,+MIT,350,,VER,/V\.'C/V\
544,94,4,a,a,PRE,1955,36,Pre,Pre,à,a3|a,+T|CGIS,350,,PRE,/V\
545,94,5,retenir,retenir,VER:infi,1956,36,Vinf,Vinf,retenir,retenir|tenir,+IT|M,350,,VER,C/V\.C/e\.'C/V\
546,95,1,a,a,PRE,1955,36,Pre,Pre,à,a3|a,+T|CGIS,350,,PRE,/V\
547,95,2,retenir,retenir,VER:infi,1956,36,Vinf,Vinf,retenir,retenir|tenir,+IT|M,350,,VER,C/V\.C/e\.'C/V\
548,95,3,et,et,CON:coord,1957,36,Crd,Crd,et,et,ST,350,,CON:coord,/V\
549,95,4,por,por,PRE,1958,36,Pre,Pre,pour,por2|por,+IST|CI,350,,PRE,C/V\
550,95,5,porter,porter,VER:infi,1959,36,Vinf,Vinf,porter,porter,+MIT,350,,VER,C/V\.'C/V\
551,96,1,et,et,CON:coord,1978,37,Crd,Crd,et,et,ST,354,,CON:coord,/V\
552,96,2,fu,fu,VER:simp:3:sg,1979,37,Vfin,Vfin,être1|ester,estre1|estre,+I|CMI,355,,VER,C/V\
553,96,3,uns,uns,DET:ndf:suj:masc:sg,1980,37,QIs,QIs,un,un,CS,355,,DET:ndf,/V\
554,96,4,des,des,PREDET:de:obj:masc:pl,1981,37,Pre+Det,Pre+Det,de+le,de+le|le,S|C,355,,PREDET:de,C/V\
555,96,5,homes,homes,NOM:obj:masc:pl,1982,37,N,N,,ome,+CI,355,,NOM,'/V\.C/e\
556,96,6,del,del,PREDET:de:obj:masc:sg,1983,37,Pre+Det,Pre+Det,de+le,de+le,S,356,,PREDET:de,C/V\
557,96,7,monde,monde,NOM:obj:masc:sg,1984,37,N,N,,monde1|monde,+IT|CI,356,,NOM,'C/V\.C/(e)\
558,97,1,de,de,PRE,1996,37,Pre,Pre,de,de,+CIST,358,,PRE,C/(e)\
559,97,2,son,son,DET:poss:obj:masc:sg,1997,37,Det,Det,son4,son4|son,S|C,359,,DET:poss,C/V\
560,97,3,lignage,lignage,NOM:obj:masc:sg,1998,37,N,N,,lignage,+IT,359,,NOM,C/V\.'C/V\.C/(e)\
561,97,4,et,et,CON:coord,1999,37,Crd,Crd,et,et,ST,359,,CON:coord,/V\
562,97,5,de,de,PRE,2000,37,Pre,Pre,de,de,+CIST,359,,PRE,C/(e)\
563,97,6,ses,ses,DET:poss:obj:masc:pl,2001,37,Det,Det,son4,son4|son,S|C,359,,DET:poss,C/V\
564,97,7,homes,homes,NOM:obj:masc:pl,2002,37,N,N,,ome,+CI,360,,NOM,'/V\.C/e\
565,98,1,por,por,PRE,2021,37,Pre,Pre,pour,por2|por,+IST|CI,363,,PRE,C/V\
566,98,2,home,home,NOM:obj:masc:sg,2022,37,N,N,,ome,+CIT,364,,NOM,'/V\.C/(e)\
567,98,3,et,et,CON:coord,2023,37,Crd,Crd,et,et,ST,364,,CON:coord,/V\
568,98,4,il,il,PRO:pers:suj:3:masc:sg:unb,2024,37,Prn,Prn$,3p,il,CIST,364,s,PRO:pers,/V\
569,98,5,le,le,PRO:pers:obj:3:masc:sg:unb,2025,37,Prn,Prn$$,3p,il,CIST,364,c,PRO:pers,C/(e)\
570,98,6,dut,dut,VER:simp:3:sg,2026,37,Vfin,Vfin,devoir2,devoir,+MI,364,,VER,C/V\
571,98,7,bien,bien,ADV,2027,37,Adv,Adv,bien,bien1|bien2|bien,+IT|C|I,364,,ADV,C/V\
572,98,8,estre,estre,VER:infi,2028,37,Vinf,Vinf,être1|ester,entr'estre|estre1,+M|+IT,365,c,VER,'/V\.C/(e)\
573,99,1,car,car,CON:coord,2029,37,Crd,Crd,car,car,ST,365,,CON:coord,C/V\
574,99,2,onques,onques,ADV,2030,37,Adv,Adv,onques,onque,+CIT,365,,ADV,'/V\.C/e\
575,99,3,hom,hom,NOM:suj:masc:sg,2031,37,N,N,,ome,+CI,365,,NOM,/V\
576,99,4,de,de,PRE,2032,37,Pre,Pre,de,de,+CIST,365,,PRE,C/(e)\
577,99,5,son,son,DET:poss:obj:masc:sg,2033,37,Det,Det,son4,son4|son,S|C,365,,DET:poss,C/V\
578,99,6,aage,aage,NOM:obj:masc:sg,2034,37,N,N,,ëage,+ITd,366,,NOM,/(V)\.'/V\
579,100,1,ne,ne,PRO:clit,2035,37,Neg,Neg$$,ne1,en2|ne,S|C,366,,PRO:clit,C/(e)\
580,100,2,fu,fu,VER:simp:3:sg,2036,37,Vfin,Vfin,être1|ester,estre1|estre,+I|CMI,366,,VER,C/V\
581,100,3,plus,plus,ADV,2037,37,Adv,Adv,plus,plus,CI,366,,ADV,C/V\
582,100,4,amés,amés,VER:pper:masc:pl,2038,37,Vpp,Vpp,aimer,amer,M,366,,VER,/V\.'C/V\
583,100,5,de,de,PRE,2039,37,Pre,Pre,de,de,+CIST,366,,PRE,C/(e)\
584,100,6,ses,ses,DET:poss:obj:masc:pl,2040,37,Det,Det,son4,son4|son,S|C,367,,DET:poss,C/V\
585,100,7,homes,homes,NOM:obj:masc:pl,2041,37,N,N,,ome,+CI,367,,NOM,'/V\.C/e\
586,101,1,enterrez,enterrez,VER:pper:masc:pl,2047,37,Vpp,Vpp,,enterrer,+I,368,,VER,/V\.C/e\.'C/V\
587,101,2,fu,fu,VER:simp:3:sg,2048,37,Vfin,Vfin,être1|ester,estre1|estre,+I|CMI,368,,VER,C/V\
588,101,3,delez,delez,PRE,2049,37,PrA,PrA,delez,dalez,CIS,368,,PRE,C/V\.'C/V\
589,101,4,son,son,DET:poss:obj:masc:sg,2050,37,Det,Det,son4,son4|son,S|C,368,,DET:poss,C/V\
590,101,5,pere,pere,NOM:obj:masc:sg,2051,37,N,N,,paire|pere1|piere,+T|+T|+T,368,,NOM,'C/V\.C/(e)\
591,102,1,fu,fu,VER:simp:3:sg,2048,37,Vfin,Vfin,être1|ester,estre1|estre,+I|CMI,368,,VER,C/V\
592,102,2,delez,delez,PRE,2049,37,PrA,PrA,delez,dalez,CIS,368,,PRE,C/V\.'C/V\
593,102,3,son,son,DET:poss:obj:masc:sg,2050,37,Det,Det,son4,son4|son,S|C,368,,DET:poss,C/V\
594,102,4,pere,pere,NOM:obj:masc:sg,2051,37,N,N,,paire|pere1|piere,+T|+T|+T,368,,NOM,'C/V\.C/(e)\
595,102,5,au,au,PREDET:a:obj:masc:sg,2052,37,Pre+Det,Pre+Det,à+le,a+le|le,S|C,369,,PREDET:a,/V\
596,102,6,mostier,mostier,NOM:obj:masc:sg,2053,37,N,N,,mostier,+IT,369,,NOM,C/V\.'C/V\
597,103,1,la,la,DET:def:suj:femi:sg,2061,37,Det,Det,le,le,CST,370,,DET:def,C/V\
598,103,2,contesse,contesse,NOM:suj:femi:sg,2062,37,N,N,,contesse,+CIT,370,,NOM,C/V\.'C/V\.C/(e)\
599,103,3,remest,remest,VER:simp:3:sg,2063,37,Vfin,Vfin,remanoir,remanoir,+I,370,,VER,C/V\.'C/V\
600,103,4,sa,sa,DET:poss:suj:femi:sg,2064,37,Det,Det,son4,son4|son,S|C,371,,DET:poss,C/V\
601,103,5,feme,feme,NOM:suj:femi:sg,2065,37,N,N,,fame|feme|fiene,+T|+CIT|+T,371,,NOM,'C/V\.C/(e)\
602,104,1,de,de,PRE,2102,38,Pre,Pre,de,de,+CIST,379,,PRE,C/(e)\
603,104,2,monfort,monfort,NPR:obj:masc:sg,2103,38,N,N,,monfort,Z,379,,NPR,C/V\.'C/V\
604,104,3,joffrois,joffrois,NPR:suj:masc:sg,2104,38,N,N,,joffroi,C|Z,379,,NPR,C/V\.'C/V\
605,104,4,de,de,PRE,2105,38,Pre,Pre,de,de,+CIST,379,,PRE,C/(e)\
606,104,5,joenvile,joenvile,NPR:obj:masc:sg,2106,38,N,N,,UNKNOWN,,379,,NPR,C/V\.'C/V\.C/(e)\
607,105,1,qui,qui,PROCON,2130,38,Qux,Qux,qui,qui,CST,384,s,PROCON,C/V\
608,105,2,a,a,PRE,2131,38,Pre,Pre,à,a3|a,+T|CGIS,384,,PRE,/V\
609,105,3,la,la,DET:def:obj:femi:sg,2132,38,Det,Det,le,le,CST,384,,DET:def,C/V\
610,105,4,terre,terre,NOM:obj:femi:sg,2133,38,N,N,,terre,+CIT,384,,NOM,'C/V\.C/(e)\
611,105,5,d,d,PRE,2134,38,Pre,Pre,de,de,+CS,384,,PRE,C/\
612,105,6,outremer,outremer,ADV,2135,38,Adv,Adv,outremer,outremer,Z,384,,ADV,/V\.C/e\.'C/V\
613,106,1,alsi,alsi,ADV,2184,38,Adv,Adv,aussi,alsi,G,393,,ADV,/V\.'C/V\
614,106,2,com,com,CON:subord,2185,38,Sub,Sub,comme,come1,ST,394,,CON:subord,C/V\
615,106,3,nos,nos,PRO:pers:1:pl,2186,38,Prn,Prn$,1pp,nos1|nos|noz1,S|CI|T,394,s,PRO:pers,C/V\
616,106,4,feissiens,feissiens,VER:subi:1:pl,2187,38,Vfin,Vfin,faire,faire,+MMd,394,,VER,C/(V)\./V\.'C/V\
617,106,5,lui,lui,PRO:pers:obj:3:masc:sg:bet,2188,38,Prn,Prn,3p,il|loi1,CIST|S,394,,PRO:pers,C/V\
618,107,1,sachiez,sachiez,VER:impe:2:pl,2197,39,Vfin,Vfin,savoir,savoir,+IM,397,,VER,C/V\.'C/V\
619,107,2,que,que,PROCON,2198,39,Sub,Sub,que,que2|que3|que,T|S|C,398,,PROCON,C/(e)\
620,107,3,il,il,PRO:pers:suj:3:masc:sg:unb,2199,39,Prn,Prn$,3p,il,CIST,398,s,PRO:pers,/V\
621,107,4,peust,peust,VER:subi:3:sg,2200,39,Vfin,Vfin,pouvoir2,paistre|pöoir,+MMd|+Id,398,,VER,C/(V)\.'/V\
622,107,5,bien,bien,ADV,2201,39,Adv,Adv,bien,bien1|bien2|bien,+IT|C|I,398,,ADV,C/V\
623,107,6,mielx,mielx,ADV,2202,39,Adv,Adv,mieux,mieus,Z,399,,ADV,C/V\
624,107,7,faire,faire,VER:infi,2203,39,Vinf,Vinf,faire,faire,+MIT,399,,VER,'C/V\.C/(e)\
625,108,1,el,el,PREDET:en:obj:masc:sg,2243,40,Pre+Det,Pre+Det,en1+le,en1+le,S,406,,PREDET:en,/V\
626,108,2,servise,servise,NOM:obj:masc:sg,2244,40,N,N,,servise,+IT,407,,NOM,C/V\.'C/V\.C/(e)\
627,108,3,dieu,dieu,NOM:obj:masc:sg,2245,40,N,N,,dieu,+CIT,407,o,NOM,C/V\
628,108,4,de,de,PRE,2246,40,Pre,Pre,de,de,+CIST,407,,PRE,C/(e)\
629,108,5,la,la,DET:def:obj:femi:sg,2247,40,Det,Det,le,le,CST,407,,DET:def,C/V\
630,108,6,mort,mort,NOM:obj:femi:sg,2248,40,N,N,,mort,+CIT,407,,NOM,C/V\
631,109,1,de,de,PRE,2246,40,Pre,Pre,de,de,+CIST,407,,PRE,C/(e)\
632,109,2,la,la,DET:def:obj:femi:sg,2247,40,Det,Det,le,le,CST,407,,DET:def,C/V\
633,109,3,mort,mort,NOM:obj:femi:sg,2248,40,N,N,,mort,+CIT,407,,NOM,C/V\
634,109,4,le,le,DET:def:obj:masc:sg,2249,40,Det,Det,le,le,CST,407,,DET:def,C/(e)\
635,109,5,conte,conte,NOM:obj:masc:sg,2250,40,N,N,,conte1|conte2,+IT|+IT,408,,NOM,'C/V\.C/(e)\
636,109,6,thibaut,thibaut,NPR:obj:masc:sg,2251,40,N,N,,thibaut,Z,408,,NPR,C/V\.'C/V\
637,110,1,le,le,DET:def:obj:masc:sg,2249,40,Det,Det,le,le,CST,407,,DET:def,C/(e)\
638,110,2,conte,conte,NOM:obj:masc:sg,2250,40,N,N,,conte1|conte2,+IT|+IT,408,,NOM,'C/V\.C/(e)\
639,110,3,thibaut,thibaut,NPR:obj:masc:sg,2251,40,N,N,,thibaut,Z,408,,NPR,C/V\.'C/V\
640,110,4,de,de,PRE,2252,40,Pre,Pre,de,de,+CIST,408,,PRE,C/(e)\
641,110,5,campaigne,campaigne,NPR:obj:femi:sg,2253,40,N,N,,campaigne|champaigne,Z|Z,408,,NPR,C/V\.'C/V\.C/(e)\
642,111,1,del,del,PREDET:de:obj:masc:sg,2260,40,Pre+Det,Pre+Det,de+le,de+le,S,409,,PREDET:de,C/V\
643,111,2,mois,mois,NOM:obj:masc:sg,2261,40,N,N,,mes4|mois2|mois3|mois,+T|+IT|+T|+CIT,409,,NOM,C/V\
644,111,3,a,a,PRE,2262,40,Pre,Pre,à,a3|a,+T|CGIS,409,,PRE,/V\
645,111,4,seissons,seissons,NPR:obj:masc:sg,2263,40,N,N,,UNKNOWN,,410,,NPR,C/V\.'C/V\
646,111,5,por,por,PRE,2264,40,Pre,Pre,pour,por2|por,+IST|CI,410,,PRE,C/V\
647,111,6,savoir,savoir,VER:infi,2265,40,Vinf,Vinf,savoir,savoir,+MIT,410,,VER,C/V\.'C/V\
648,112,1,por,por,PRE,2264,40,Pre,Pre,pour,por2|por,+IST|CI,410,,PRE,C/V\
649,112,2,savoir,savoir,VER:infi,2265,40,Vinf,Vinf,savoir,savoir,+MIT,410,,VER,C/V\.'C/V\
650,112,3,que,que,PROCON,2266,40,Sub,Sub,que,que2|que3|que,T|S|C,410,,PROCON,C/(e)\
651,112,4,il,il,PRO:pers:suj:3:masc:pl,2267,40,Prn,Prn$,3p,il,CIST,410,s,PRO:pers,/V\
652,112,5,porroient,porroient,VER:cond:3:pl,2268,40,Vfin,Vfin,pouvoir2,pöoir,+I,411,,VER,C/V\.'C/V\./e\
653,112,6,faire,faire,VER:infi,2269,40,Vinf,Vinf,faire,faire,+MIT,411,c,VER,'C/V\.C/(e)\
654,113,1,enqui,enqui,ADV,2270,40,Adv,Adv,encui,encui|iqui,+CIT|+T,411,a,ADV,/V\.'C/V\
655,113,2,furent,furent,VER:simp:3:pl,2271,40,Vfin,Vfin,être1|ester,estre1|estre,+I|CMI,411,,VER,'C/V\.C/e\
656,113,3,li,li,DET:def:suj:masc:sg,2272,40,Det,Det,le,le,CST,411,,DET:def,C/V\
657,113,4,cuens,cuens,NOM:suj:masc:sg,2273,40,N,N,,conte1|conte,+IT|I,411,,NOM,C/V\
658,113,5,baudoins,baudoins,NPR:suj:masc:sg,2274,40,N,N,,baudoin,Z,411,,NPR,C/V\.'C/V\
659,114,1,et,et,CON:coord,2285,40,Crd,Crd,et,et,ST,413,,CON:coord,/V\
660,114,2,de,de,PRE,2286,40,Pre,Pre,de,de,+CIST,414,,PRE,C/(e)\
661,114,3,chartain,chartain,NPR:obj:masc:sg,2287,40,N,N,,chartain,Z,414,,NPR,C/V\.'C/V\
662,114,4,li,li,DET:def:suj:masc:sg,2288,40,Det,Det,le,le,CST,414,,DET:def,C/V\
663,114,5,cuens,cuens,NOM:suj:masc:sg,2289,40,N,N,,conte1|conte,+IT|I,414,,NOM,C/V\
664,114,6,joffrois,joffrois,NPR:suj:masc:sg,2290,40,N,N,,joffroi,C|Z,415,,NPR,C/V\.'C/V\
665,115,1,lor,lor,PRO:pers:dat:3:pl,2306,41,Prn,Prn$$,3p,il|lor2,CIST|S,418,,PRO:pers,C/V\
666,115,2,mostra,mostra,VER:simp:3:sg,2307,41,Vfin,Vfin,montrer,mostrer,+I,418,,VER,C/V\.'C/V\
667,115,3,la,la,DET:def:obj:femi:sg,2308,41,Det,Det,le,le,CST,418,,DET:def,C/V\
668,115,4,parole,parole,NOM:obj:femi:sg,2309,41,N,N,,parole,+IT,418,,NOM,C/V\.'C/V\.C/(e)\
669,115,5,et,et,CON:coord,2310,41,Crd,Crd,et,et,ST,419,,CON:coord,/V\
670,115,6,l,l,DET:def:obj:femi:sg,2311,41,Det,Det,le,il,CS,419,,PRO:pers,C/\
671,115,7,offre,offre,NOM:obj:femi:sg,2312,41,N,N,,ofrir,+MI,419,,VER,'/V\.C/(e)\
672,116,1,et,et,CON:coord,2310,41,Crd,Crd,et,et,ST,419,,CON:coord,/V\
673,116,2,l,l,DET:def:obj:femi:sg,2311,41,Det,Det,le,il,CS,419,,PRO:pers,C/\
674,116,3,offre,offre,NOM:obj:femi:sg,2312,41,N,N,,ofrir,+MI,419,,VER,'/V\.C/(e)\
675,116,4,que,que,PROCON,2313,41,Qux,Qux,que,que2|que3|que,T|S|C,419,c,PROCON,C/(e)\
676,116,5,il,il,PRO:pers:suj:3:masc:pl,2314,41,Prn,Prn$,3p,il,CIST,419,s,PRO:pers,/V\
677,116,6,avoient,avoient,VER:impf:3:pl,2315,41,Vfin,Vfin,avoir1,avoiier|avoir,+M|+MI,420,,VER,/V\.'C/V\./e\
678,116,7,faite,faite,VER:pper:femi:sg,2316,41,Vpp,Vpp,faire,faire,+CMI,420,,VER,'C/V\.C/(e)\
679,117,1,que,que,PROCON,2313,41,Sub,Sub,que,que2|que3|que,T|S|C,419,c,PROCON,C/(e)\
680,117,2,il,il,PRO:pers:suj:3:masc:pl,2314,41,Prn,Prn$,3p,il,CIST,419,s,PRO:pers,/V\
681,117,3,avoient,avoient,VER:impf:3:pl,2315,41,Vfin,Vfin,avoir1,avoiier|avoir,+M|+MI,420,,VER,/V\.'C/V\./e\
682,117,4,faite,faite,VER:pper:femi:sg,2316,41,Vpp,Vpp,faire,faire,+CMI,420,,VER,'C/V\.C/(e)\
683,117,5,le,le,DET:def:obj:masc:sg,2317,41,Det,Det,le,le,CST,420,,DET:def,C/(e)\
684,117,6,duc,duc,NOM:obj:masc:sg,2318,41,N,N,,duc1|duc2,+T|+IT,420,,NOM,C/V\
685,118,1,le,le,DET:def:obj:masc:sg,2317,41,Det,Det,le,le,CST,420,,DET:def,C/(e)\
686,118,2,duc,duc,NOM:obj:masc:sg,2318,41,N,N,,duc1|duc2,+T|+IT,420,,NOM,C/V\
687,118,3,de,de,PRE,2319,41,Pre,Pre,de,de,+CIST,420,,PRE,C/(e)\
688,118,4,borgoigne,borgoigne,NPR:obj:femi:sg,2320,41,N,N,,borgoigne,I|Z,420,,NPR,C/V\.'C/V\.C/(e)\
689,118,5,et,et,CON:coord,2321,41,Crd,Crd,et,et,ST,421,,CON:coord,/V\
690,118,6,le,le,DET:def:obj:masc:sg,2322,41,Det,Det,le,le,CST,421,,DET:def,C/(e)\
691,118,7,conte,conte,NOM:obj:masc:sg,2323,41,N,N,,conte1|conte2,+IT|+IT,421,,NOM,'C/V\.C/(e)\
692,119,1,et,et,CON:coord,2321,41,Crd,Crd,et,et,ST,421,,CON:coord,/V\
693,119,2,le,le,DET:def:obj:masc:sg,2322,41,Det,Det,le,le,CST,421,,DET:def,C/(e)\
694,119,3,conte,conte,NOM:obj:masc:sg,2323,41,N,N,,conte1|conte2,+IT|+IT,421,,NOM,'C/V\.C/(e)\
695,119,4,de,de,PRE,2324,41,Pre,Pre,de,de,+CIST,421,,PRE,C/(e)\
696,119,5,barleduc,barleduc,NPR:obj:masc:sg,2325,41,N,N,,UNKNOWN,C,421,,NPR,C/V\.C/e\.'C/V\
697,120,1,je,je,PRO:pers:suj:1:sg:unb,2339,41,Prn,Prn$,1ps,je,CIST,424,s,PRO:pers,C/(e)\
698,120,2,vos,vos,PRO:pers:2:pl,2340,41,Prn,Prn$$,2pp,ous2|vos1|vos,T|S|I,424,,PRO:pers,C/V\
699,120,3,loeroie,loeroie,VER:cond:1:sg,2341,41,Vfin,Vfin,louer,löer1,+Id,424,,VER,C/V\.C/e\.'C/V\./(e)\
700,120,4,une,une,DET:ndf:obj:femi:sg,2342,41,QIs,QIs,un,un,CS,424,,DET:ndf,'/V\.C/(e)\
701,120,5,chose,chose,NOM:obj:femi:sg,2343,41,N,N,,chose,+CIT,425,,NOM,'C/V\.C/(e)\
702,121,1,de,de,PRE,2351,41,Pre,Pre,de,de,+CIST,426,,PRE,C/(e)\
703,121,2,monferat,monferat,NPR:obj:masc:sg,2352,41,N,N,,UNKNOWN,,427,,NPR,C/V\.C/e\.'C/V\
704,121,3,est,est,VER:pres:3:sg,2353,41,Vfin,Vfin,être1|ester,ester|estre1,+M|+I,427,,VER,/V\
705,121,4,mult,mult,ADV,2354,41,QIs,QIs,moult,mout,I,427,,ADV,C/V\
706,121,5,prodom,prodom,NOM:suj:masc:sg,2355,41,N,N,,pro,I,427,,NOM,C/V\.'C/V\
707,122,1,et,et,CON:coord,2374,41,Crd,Crd,et,et,ST,431,,CON:coord,/V\
708,122,2,prist,prist,VER:subi:3:sg,2375,41,Vfin,Vfin,prendre,prendre|prisier,+MI|+M,431,,VER,C/V\
709,122,3,le,le,DET:def:obj:masc:sg,2376,41,Det,Det,le,le,CST,431,,DET:def,C/(e)\
710,122,4,signe,signe,NOM:obj:masc:sg,2377,41,N,N,,signe1|signe2|signe3|signe4|sine|sines|sinne|sisne,+T|+T|+T|+T|+T|+T|+T|+T,431,,NOM,'C/V\.C/(e)\
711,122,5,de,de,PRE,2378,41,Pre,Pre,de,de,+CIST,431,,PRE,C/(e)\
712,122,6,la,la,DET:def:obj:femi:sg,2379,41,Det,Det,le,le,CST,431,,DET:def,C/V\
713,122,7,croiz,croiz,NOM:obj:femi:sg,2380,41,N,N,,croiz,+CIT,432,,NOM,C/V\
714,123,1,et,et,CON:coord,2381,41,Crd,Crd,et,et,ST,432,,CON:coord,/V\
715,123,2,se,se,PROCON,2382,41,Prn,Prn$$,soi,se,C,432,,PROCON,C/(e)\
716,123,3,meist,meist,VER:subi:3:sg,2383,41,Vfin,Vfin,mettre,metre|mettre,IdMMd|MMd,432,,VER,C/(V)\.'/V\
717,123,4,el,el,PREDET:en:obj:masc:sg,2384,41,Pre+Det,Pre+Det,en1+le,en1+le,S,432,,PREDET:en,/V\
718,123,5,leu,leu,NOM:obj:masc:sg,2385,41,N,N,,lieu|lou,+CIT|+T,432,,NOM,C/V\
719,123,6,le,le,DET:def:obj:masc:sg,2386,41,Det,Det,le,le,CST,432,,DET:def,C/(e)\
720,123,7,conte,conte,NOM:obj:masc:sg,2387,41,N,N,,conte1|conte2,+IT|+IT,433,,NOM,'C/V\.C/(e)\
721,124,1,de,de,PRE,2395,41,Pre,Pre,de,de,+CIST,434,,PRE,C/(e)\
722,124,2,l,l,DET:def:obj:femi:sg,2396,41,Det,Det,le,le,CS,434,,DET:def,C/\
723,124,3,ost,ost,NOM:obj:femi:sg,2397,41,N,N,,ost,+IT,434,,NOM,/V\
724,124,4,assez,assez,ADV,2398,41,Adv,Adv,assez,assez,+IT,434,,ADV,/V\.'C/V\
725,124,5,tost,tost,ADV,2399,41,Adv,Adv,tôt,tost1|tost|tot,+T|CI|I,434,,ADV,C/V\
726,124,6,la,la,PRO:pers:acc:3:femi:sg,2400,41,Prn,Prn$$,3p,ele|il,C|IST,434,c,PRO:pers,C/V\
727,124,7,prendroit,prendroit,VER:cond:3:sg,2401,41,Vfin,Vfin,prendre,prendre,+M,434,,VER,C/V\.'C/V\
728,125,1,assez,assez,ADV,2403,42,Adv,Adv,assez,assez,+IT,436,,ADV,/V\.'C/V\
729,125,2,i,i,PRO:clit,2404,42,Prn,Prn$$,y,i2|i|y,S|C|C,436,,PRO:clit,/V\
730,125,3,ot,ot,VER:simp:3:sg,2405,42,Vfin,Vfin,avoir1|ouïr,avoir|öir,+IM|+I,436,,VER,/V\
731,125,4,paroles,paroles,NOM:obj:femi:pl,2406,42,N,N,,parole,+I,436,c,NOM,C/V\.'C/V\.C/e\
732,125,5,dites,dites,VER:pper:femi:pl,2407,42,Vpp,Vpp,dire,dire,+CMI,436,,VER,'C/V\.C/e\
733,126,1,que,que,PROCON,2419,42,Sub,Sub,que,que2|que3|que,T|S|C,438,,PROCON,C/(e)\
734,126,2,tuit,tuit,PRO:ind:suj:masc:pl,2420,42,QIs,QIs,tout,tot,CS,438,s,PRO:ind,C/V\
735,126,3,se,se,PROCON,2421,42,Prn,Prn$$,soi,se,C,438,,PROCON,C/(e)\
736,126,4,accorderent,accorderent,VER:simp:3:pl,2422,42,Vfin,Vfin,,acorder,*+I,439,,VER,/V\.C/V\.'C/V\.C/e\
737,126,5,li,li,DET:def:suj:masc:pl,2423,42,Det,Det,le,le,CST,439,,DET:def,C/V\
738,126,6,grant,grant,ADJ:suj:masc:pl,2424,42,Adj,Adj,grand,grant,+CIT,439,,ADJ,C/V\
739,127,1,et,et,CON:coord,2428,42,Crd,Crd,et,et,ST,440,,CON:coord,/V\
740,127,2,furent,furent,VER:simp:3:pl,2429,42,Vfin,Vfin,être1|ester,estre1|estre,+I|CMI,440,,VER,'C/V\.C/e\
741,127,3,les,les,DET:def:suj:femi:pl,2430,42,Det,Det,le,le,CST,440,,DET:def,C/V\
742,127,4,letres,letres,NOM:suj:femi:pl,2431,42,N,N,,letre,+CI,440,,NOM,'C/V\.C/e\
743,127,5,escrites,escrites,VER:pper:femi:pl,2432,42,Vpp,Vpp,écrire,escrire,+CI,441,,VER,/V\.'C/V\.C/e\
744,128,1,eslit,eslit,VER:pper:masc:sg,2436,42,Vpp,Vpp,élire,eslire,+Z,441,,VER,/V\.'C/V\
745,128,2,et,et,CON:coord,2437,42,Crd,Crd,et,et,ST,442,,CON:coord,/V\
746,128,3,fu,fu,VER:simp:3:sg,2438,42,Vfin,Vfin,être1|ester,estre1|estre,+I|CMI,442,,VER,C/V\
747,128,4,envoiez,envoiez,VER:pper:masc:pl,2439,42,Vpp,Vpp,envoyer,envoiier,+I,442,,VER,/V\.C/V\.'C/V\
748,128,5,querre,querre,VER:infi,2440,42,Vinf,Vinf,quérir,querre,+IT,442,,VER,'C/V\.C/(e)\
749,129,1,que,que,PROCON,2446,42,Sub,Sub,que,que2|que3|que,T|S|C,443,,PROCON,C/(e)\
750,129,2,il,il,PRO:pers:suj:3:masc:pl,2447,42,Prn,Prn$,3p,il,CIST,443,s,PRO:pers,/V\
751,129,3,li,li,PRO:pers:suj:3:masc:sg:bet,2448,42,Prn,Prn$$,3p,ele|il,C|CIST,444,,PRO:pers,C/V\
752,129,4,orent,orent,VER:simp:3:pl,2449,42,Vfin,Vfin,avoir1,avoir|orer2,+IM|+I,444,,VER,'/V\.C/e\
753,129,5,mis,mis,VER:pper:masc:sg,2450,42,Vpp,Vpp,mettre,manoir|metre|mettre,M|CIM|M,444,,VER,C/V\
754,129,6,par,par,PRE,2451,42,Pre,Pre,par1,par,CIS,444,,PRE,C/V\
755,129,7,campaigne,campaigne,NPR:obj:femi:sg,2452,42,N,N,,campaigne|champaigne,Z|Z,444,,NPR,C/V\.'C/V\.C/(e)\
756,130,1,de,de,PRE,2465,42,Pre,Pre,de,de,+CIST,446,,PRE,C/(e)\
757,130,2,france,france,NPR:obj:femi:sg,2466,42,N,N,,france,CI|Z,447,,NPR,'C/V\.C/(e)\
758,130,3,cui,cui,PROCON,2467,42,Qux,Qux,cui,cui|qui,C|T,447,,PROCON,C/V\
759,130,4,cusin,cusin,NOM:suj:masc:sg,2468,42,N,N,,cosin,+I,447,a,NOM,C/V\.'C/V\
760,130,5,il,il,PRO:pers:suj:3:masc:sg:unb,2469,42,Prn,Prn$,3p,il,CIST,447,s,PRO:pers,/V\
761,130,6,ere,ere,VER:impf:3:sg,2470,42,Vfin,Vfin,être1|ester,arer|estre1,+M|+I,447,,VER,'/V\.C/(e)\
762,131,1,ensi,ensi,ADV,2471,43,Adv,Adv,ainsi,ainsi,+IT,449,,ADV,/V\.'C/V\
763,131,2,vint,vint,VER:simp:3:sg,2472,43,Vfin,Vfin,venir,venir|voir,+CI|M,449,,VER,C/V\
764,131,3,a,a,PRE,2473,43,Pre,Pre,à,a3|a,+T|CGIS,449,,PRE,/V\
765,131,4,un,un,DET:ndf:obj:masc:sg,2474,43,QIs,QIs,un,un,CS,449,,DET:ndf,/V\
766,131,5,parlement,parlement,NOM:obj:masc:sg,2475,43,N,N,,parlement,+IT,449,,NOM,C/V\.C/e\.'C/V\
767,132,1,et,et,CON:coord,2481,43,Crd,Crd,et,et,ST,450,,CON:coord,/V\
768,132,2,illuec,illuec,ADV,2482,43,Adv,Adv,illuec,iluec,*+IT,450,a,ADV,/V\.'C/V\
769,132,3,fu,fu,VER:simp:3:sg,2483,43,Vfin,Vfin,être1|ester,estre1|estre,+I|CMI,450,,VER,C/V\
770,132,4,la,la,DET:def:suj:femi:sg,2484,43,Det,Det,le,le,CST,451,,DET:def,C/V\
771,132,5,grant,grant,ADJ:suj:femi:sg,2485,43,Adj,Adj,grand,grant,+CIT,451,,ADJ,C/V\
772,132,6,foisons,foisons,NOM:suj:femi:sg,2486,43,N,N,,foison,*+IT,451,,NOM,C/V\.'C/V\
773,133,1,et,et,CON:coord,2489,43,Crd,Crd,et,et,ST,451,,CON:coord,/V\
774,133,2,des,des,PREDET:de:obj:masc:pl,2490,43,Pre+Det,Pre+Det,de+le,de+le|le,S|C,452,,PREDET:de,C/V\
775,133,3,barons,barons,NOM:obj:masc:pl,2491,43,N,N,,baron,+I,452,,NOM,C/V\.'C/V\
776,133,4,et,et,CON:coord,2492,43,Crd,Crd,et,et,ST,452,,CON:coord,/V\
777,133,5,des,des,PREDET:de:obj:masc:pl,2493,43,Pre+Det,Pre+Det,de+le,de+le|le,S|C,452,,PREDET:de,C/V\
778,133,6,croisiez,croisiez,VER:pper:masc:pl,2494,43,Vpp,Vpp,,croissir,+M,453,,VER,C/V\.'C/V\
779,134,1,si,si,PROCON,2502,43,Adv,Adv,si4,si,C,454,,PROCON,C/V\
780,134,2,alerent,alerent,VER:simp:3:pl,2503,43,Vfin,Vfin,aller,aler,+IM,454,,VER,/V\.'C/V\.C/e\
781,134,3,encontre,encontre,PRE,2504,43,PrA,PrA,encontre2,encontre1|encontre,IST|CI,455,,PRE,/V\.'C/V\.C/(e)\
782,134,4,lui,lui,PRO:pers:obj:3:masc:sg:bet,2505,43,Prn,Prn,3p,il|loi1,CIST|S,455,,PRO:pers,C/V\
783,135,1,en,en,PRE,2516,43,Pre,Pre,en1,en1|en,+IST|CI,457,,PRE,/V\
784,135,2,un,un,DET:ndf:obj:masc:sg,2517,43,QIs,QIs,un,un,CS,457,,DET:ndf,/V\
785,135,3,vergier,vergier,NOM:obj:masc:sg,2518,43,N,N,,vergier1|vergier,+IT|I,457,,NOM,C/V\.'C/V\
786,135,4,a,a,PRE,2519,43,Pre,Pre,à,a3|a,+T|CGIS,457,,PRE,/V\
787,135,5,l,l,DET:def:obj:femi:sg,2520,43,Det,Det,le,le,CS,458,,DET:def,C/\
788,135,6,abaie,abaie,NOM:obj:femi:sg,2521,43,N,N,,abeie,+Id,458,,NOM,/V\.C/V\.'C/V\./(e)\
789,136,1,enqui,enqui,ADV,2528,43,Adv,Adv,encui,encui|iqui,+CIT|+T,459,,ADV,/V\.'C/V\
790,136,2,requistrent,requistrent,VER:simp:3:pl,2529,43,Vfin,Vfin,requérir,requerre,+I,460,,VER,C/V\.'C/V\.C/e\
791,136,3,le,le,DET:def:obj:masc:sg,2530,43,Det,Det,le,le,CST,460,,DET:def,C/(e)\
792,136,4,marchis,marchis,NOM:obj:masc:sg,2531,43,N,N,,marchis,IT,460,,NOM,C/V\.'C/V\
793,137,1,et,et,CON:coord,2546,43,Crd,Crd,et,et,ST,462,,CON:coord,/V\
794,137,2,recoive,recoive,VER:subp:3:sg,2547,43,Vfin,Vfin,recevoir,recevoir,+IdMMd,463,,VER,C/V\.'C/V\.C/(e)\
795,137,3,la,la,DET:def:obj:femi:sg,2548,43,Det,Det,le,le,CST,463,,DET:def,C/V\
796,137,4,seignorie,seignorie,NOM:obj:femi:sg,2549,43,N,N,,seignorie,+CIT,463,,NOM,C/V\.C/V\.'C/V\./(e)\
797,138,1,le,le,DET:def:obj:masc:sg,2557,43,Det,Det,le,le,CST,464,,DET:def,C/(e)\
798,138,2,conte,conte,NOM:obj:masc:sg,2558,43,N,N,,conte1|conte2,+IT|+IT,464,,NOM,'C/V\.C/(e)\
799,138,3,thibaut,thibaut,NPR:obj:masc:sg,2559,43,N,N,,thibaut,Z,465,,NPR,C/V\.'C/V\
800,138,4,de,de,PRE,2560,43,Pre,Pre,de,de,+CIST,465,,PRE,C/(e)\
801,138,5,campaigne,campaigne,NPR:obj:femi:sg,2561,43,N,N,,campaigne|champaigne,Z|Z,465,,NPR,C/V\.'C/V\.C/(e)\
802,139,1,ensi,ensi,ADV,2641,44,Adv,Adv,ainsi,ainsi,+IT,481,,ADV,/V\.'C/V\
803,139,2,fina,fina,VER:simp:3:sg,2642,44,Vfin,Vfin,finer,finer|finir,+IM|M,481,,VER,C/V\.'C/V\
804,139,3,cis,cis,DET:demo:suj:masc:sg,2643,44,Dem,Dem,cist,cel|cest,CS|S,481,,DET:demo,C/V\
805,139,4,parlemenz,parlemenz,NOM:suj:masc:sg,2644,44,N,N,,parlement,*+IT,482,,NOM,C/V\.C/e\.'C/V\
806,140,1,et,et,CON:coord,2645,44,Crd,Crd,et,et,ST,482,,CON:coord,/V\
807,140,2,l,l,DET:def:obj:masc:sg,2646,44,Det,Det,le,le,CS,482,,DET:def,C/\
808,140,3,endemain,endemain,NOM:obj:masc:sg,2647,44,N,N,,endemain|lendemain,+IT|+T,482,,NOM,/V\.C/e\.'C/V\
809,140,4,si,si,PROCON,2648,44,Adv,Adv,si4,si,C,482,,PROCON,C/V\
810,140,5,prist,prist,VER:simp:3:sg,2649,44,Vfin,Vfin,prendre,prendre|prisier,+MI|+M,483,,VER,C/V\
811,140,6,congie,congie,NOM:obj:masc:sg,2650,44,N,N,,congié,*+I,483,c,NOM,C/V\.'C/V\
812,141,1,en,en,PRE,2653,44,Pre,Pre,en1,en1|en,+IST|CI,483,,PRE,/V\
813,141,2,son,son,DET:poss:obj:masc:sg,2654,44,Det,Det,son4,son4|son,S|C,484,,DET:poss,C/V\
814,141,3,pais,pais,NOM:obj:masc:sg,2655,44,N,N,,pais|päis,+CIT|+IdTd,484,,NOM,C/V\
815,141,4,et,et,CON:coord,2656,44,Crd,Crd,et,et,ST,484,,CON:coord,/V\
816,141,5,por,por,PRE,2657,44,Pre,Pre,pour,por2|por,+IST|CI,484,,PRE,C/V\
817,141,6,atorner,atorner,VER:infi,2658,44,Vinf,Vinf,,atorner,+IT,484,,VER,/V\.C/V\.'C/V\
818,142,1,et,et,CON:coord,2656,44,Crd,Crd,et,et,ST,484,,CON:coord,/V\
819,142,2,por,por,PRE,2657,44,Pre,Pre,pour,por2|por,+IST|CI,484,,PRE,C/V\
820,142,3,atorner,atorner,VER:infi,2658,44,Vinf,Vinf,,atorner,+IT,484,,VER,/V\.C/V\.'C/V\
821,142,4,son,son,DET:poss:obj:masc:sg,2659,44,Det,Det,son4,son4|son,S|C,484,,DET:poss,C/V\
822,142,5,afaire,afaire,NOM:obj:masc:sg,2660,44,N,N,,afaire2|afaire,+T|GI,485,,NOM,/V\.'C/V\.C/(e)\
823,143,1,ensi,ensi,ADV,2675,45,Adv,Adv,ainsi,ainsi,+IT,489,,ADV,/V\.'C/V\
824,143,2,s,s,PROCON,2676,45,Prn,Prn$$,soi,se,C,489,,PROCON,C/\
825,143,3,en,en,PRO:clit,2677,45,Prn,Prn$$,en2,en2|en,S|C,489,,PRO:clit,/V\
826,143,4,ala,ala,VER:simp:3:sg,2678,45,Vfin,Vfin,aller,aler,+CIM,489,,VER,/V\.'C/V\
827,143,5,li,li,DET:def:suj:masc:sg,2679,45,Det,Det,le,le,CST,489,,DET:def,C/V\
828,143,6,marchis,marchis,NOM:suj:masc:sg,2680,45,N,N,,marchis,IT,490,,NOM,C/V\.'C/V\
829,144,1,enqui,enqui,ADV,2693,45,Adv,Adv,encui,encui|iqui,+CIT|+T,492,,ADV,/V\.'C/V\
830,144,2,trova,trova,VER:simp:3:sg,2694,45,Vfin,Vfin,trouver,trover,+I,492,,VER,C/V\.'C/V\
831,144,3,mult,mult,ADV,2695,45,QIs,QIs,moult,mout,I,493,,ADV,C/V\
832,144,4,grant,grant,ADJ:obj:femi:sg,2696,45,Adj,Adj,grand,grant,+CIT,493,,ADJ,C/V\
833,144,5,plente,plenté,NOM:obj:femi:sg,2697,45,N,N,,plante1|plante2,*+T|+T,493,,NOM,C/V\.'C/V\
834,145,1,i,i,PRO:clit,2711,45,Prn,Prn$$,y,i2|i|y,S|C|C,496,,PRO:clit,/V\
835,145,2,ala,ala,VER:simp:3:sg,2712,45,Vfin,Vfin,aller,aler,+CIM,496,,VER,/V\.'C/V\
836,145,3,por,por,PRE,2713,45,Pre,Pre,pour,por2|por,+IST|CI,496,,PRE,C/V\
837,145,4,parler,parler,VER:infi,2714,45,Vinf,Vinf,parler,parler,+MIT,496,,VER,C/V\.'C/V\
838,145,5,des,des,PREDET:de:obj:femi:pl,2715,45,Pre+Det,Pre+Det,de+le,de+le|le,S|C,496,,PREDET:de,C/V\
839,145,6,croiz,croiz,NOM:obj:femi:pl,2716,45,N,N,,croiz,+CIT,497,,NOM,C/V\
840,146,1,oedes,oedes,NPR:suj:masc:sg,2732,45,N,N,,odon,Z,500,,NPR,'/V\.C/e\
841,146,2,ses,ses,DET:poss:suj:masc:sg,2733,45,Det,Det,son4,son4|son,S|C,500,,DET:poss,C/V\
842,146,3,freres,freres,NOM:suj:masc:sg,2734,45,N,N,,frere,+CI,500,,NOM,'C/V\.C/e\
843,146,4,guis,guis,NPR:suj:masc:sg,2735,45,N,N,,guion,Z,500,,NPR,C/V\
844,146,5,de,de,PRE,2736,45,Pre,Pre,de,de,+CIST,500,,PRE,C/(e)\
845,146,6,pesmes,pesmes,ADJ:suj:masc:sg,2737,45,Adj,Adj,pesme,pesme,+I,500,,ADJ,'C/V\.C/e\
846,147,1,guis,guis,NPR:suj:masc:sg,2735,45,N,N,,guion,Z,500,,NPR,C/V\
847,147,2,de,de,PRE,2736,45,Pre,Pre,de,de,+CIST,500,,PRE,C/(e)\
848,147,3,pesmes,pesmes,ADJ:suj:masc:sg,2737,45,Adj,Adj,pesme,pesme,+I,500,,ADJ,'C/V\.C/e\
849,147,4,hainmes,hainmes,NPR:suj:masc:sg,2738,45,N,N,,UNKNOWN,,500,,NPR,'C/V\.C/e\
850,147,5,ses,ses,DET:poss:suj:masc:sg,2739,45,Det,Det,son4,son4|son,S|C,501,,DET:poss,C/V\
851,147,6,freres,freres,NOM:suj:masc:sg,2740,45,N,N,,frere,+CI,501,,NOM,'C/V\.C/e\
852,148,1,apres,aprés,PRE,2758,45,PrA,PrA,après,apres|après,C|IdSTd,504,,PRE,/V\.'C/V\
853,148,2,se,se,PROCON,2759,45,Prn,Prn$$,soi,se,C,505,,PROCON,C/(e)\
854,148,3,croisa,croisa,VER:simp:3:sg,2760,45,Vfin,Vfin,,croisier,+M,505,,VER,C/V\.'C/V\
855,148,4,li,li,DET:def:suj:masc:sg,2761,45,Det,Det,le,le,CST,505,,DET:def,C/V\
856,148,5,evesques,evesques,NOM:suj:masc:sg,2762,45,N,N,,evesque,+I,505,,NOM,/V\.'C/V\.C/e\
857,149,1,guigues,guigues,NPR:suj:masc:sg,2765,45,N,N,,UNKNOWN,,506,,NPR,'C/V\.C/e\
858,149,2,li,li,DET:def:suj:masc:sg,2766,45,Det,Det,le,le,CST,506,,DET:def,C/V\
859,149,3,cuens,cuens,NOM:suj:masc:sg,2767,45,N,N,,conte1|conte,+IT|I,506,,NOM,C/V\
860,149,4,de,de,PRE,2768,45,Pre,Pre,de,de,+CIST,506,,PRE,C/(e)\
861,149,5,forois,forois,NPR:obj:masc:sg,2769,45,N,N,,UNKNOWN,,507,,NPR,C/V\.'C/V\
862,149,6,huges,huges,NPR:suj:masc:sg,2770,45,N,N,,UNKNOWN,,507,,NPR,'C/V\.C/e\
863,150,1,de,de,PRE,2768,45,Pre,Pre,de,de,+CIST,506,,PRE,C/(e)\
864,150,2,forois,forois,NPR:obj:masc:sg,2769,45,N,N,,UNKNOWN,,507,,NPR,C/V\.'C/V\
865,150,3,huges,huges,NPR:suj:masc:sg,2770,45,N,N,,UNKNOWN,,507,,NPR,'C/V\.C/e\
866,150,4,de,de,PRE,2771,45,Pre,Pre,de,de,+CIST,507,,PRE,C/(e)\
867,150,5,bergi,bergi,NPR:obj:masc:sg,2772,45,N,N,,UNKNOWN,,507,,NPR,C/V\.'C/V\
868,151,1,de,de,PRE,2771,45,Pre,Pre,de,de,+CIST,507,,PRE,C/(e)\
869,151,2,bergi,bergi,NPR:obj:masc:sg,2772,45,N,N,,UNKNOWN,,507,,NPR,C/V\.'C/V\
870,151,3,le,le,DET:def:obj:masc:sg,2773,45,Det,Det,le,le,CST,507,,DET:def,C/(e)\
871,151,4,pere,pere,NOM:obj:masc:sg,2774,45,N,N,,paire|pere1|piere,+T|+T|+T,508,,NOM,'C/V\.C/(e)\
872,151,5,et,et,CON:coord,2775,45,Crd,Crd,et,et,ST,508,,CON:coord,/V\
873,151,6,le,le,DET:def:obj:masc:sg,2776,45,Det,Det,le,le,CST,508,,DET:def,C/(e)\
874,151,7,fil,fil,NOM:obj:masc:sg,2777,45,N,N,,fil1|fil2|fils1|fils2,+IT|+IT|+T|+T,508,,NOM,C/V\
875,152,1,pierres,pierres,NPR:suj:masc:sg,2784,45,N,N,,pierre,C|Z,509,,NPR,'C/V\.C/e\
876,152,2,bromonz,bromonz,NPR:suj:masc:sg,2785,45,N,N,,UNKNOWN,,509,,NPR,C/V\.'C/V\
877,152,3,et,et,CON:coord,2786,45,Crd,Crd,et,et,ST,509,,CON:coord,/V\
878,152,4,autres,autres,ADJ:suj:femi:pl,2787,45,Adj,Adj,autre,autre,CI,510,,ADJ,'/V\.C/e\
879,152,5,genz,genz,NOM:suj:femi:pl,2788,45,N,N,,gent1,+I,510,,NOM,C/V\
880,153,1,assez,assez,ADV,2789,45,Adv,Adv,assez,assez,+IT,510,,ADV,/V\.'C/V\
881,153,2,dont,dont,PRO:invar,2790,45,Qux,Qux,dont,dont,CS,510,,PRO:invar,C/V\
882,153,3,nos,nos,PRO:pers:1:pl,2791,45,Prn,Prn$,1pp,nos1|nos|noz1,S|CI|T,510,s,PRO:pers,C/V\
883,153,4,ne,ne,PRO:clit,2792,45,Neg,Neg$$,ne1,en2|ne,S|C,511,,PRO:clit,C/(e)\
884,153,5,savonz,savonz,VER:pres:1:pl,2793,45,Vfin,Vfin,savoir,savoir,+Z,511,,VER,C/V\.'C/V\
885,153,6,pas,pas,NOM:obj:masc:pl,2794,45,N,N,,pas|past2,+IT|+T,511,,NOM,C/V\
886,154,1,et,et,CON:coord,2851,46,Crd,Crd,et,et,ST,523,,CON:coord,/V\
887,154,2,menast,menast,VER:subi:3:sg,2852,46,Vfin,Vfin,mener,mener,+MI,524,,VER,C/V\.'C/V\
888,154,3,ses,ses,DET:poss:obj:masc:pl,2853,46,Det,Det,son4,son4|son,S|C,524,,DET:poss,C/V\
889,154,4,homes,homes,NOM:obj:masc:pl,2854,46,N,N,,ome,+CI,524,,NOM,'/V\.C/e\
890,154,5,en,en,PRE,2855,46,Pre,Pre,en1,en1|en,+IST|CI,524,,PRE,/V\
891,154,6,l,l,DET:def:obj:femi:sg,2856,46,Det,Det,le,le,CS,524,,DET:def,C/\
892,154,7,ost,ost,NOM:obj:femi:sg,2857,46,N,N,,ost,+IT,525,,NOM,/V\
893,155,1,fu,fu,VER:simp:3:sg,2895,46,Vfin,Vfin,être1|ester,estre1|estre,+I|CMI,532,,VER,C/V\
894,155,2,grant,grant,ADJ:suj:masc:sg,2896,46,Adj,Adj,grand,grant,+CIT,532,,ADJ,C/V\
895,155,3,dielx,dielx,NOM:suj:masc:sg,2897,46,N,N,,UNKNOWN,,533,,NOM,C/V\
896,155,4,par,par,PRE,2898,46,Pre,Pre,par1,par,CIS,533,,PRE,C/V\
897,155,5,tote,tote,DET:ind:obj:femi:sg,2899,46,QIs,QIs,tout,tot,CS,533,,DET:ind,'C/V\.C/(e)\
898,155,6,sa,sa,DET:poss:obj:femi:sg,2900,46,Det,Det,son4,son4|son,S|C,533,,DET:poss,C/V\
899,155,7,terre,terre,NOM:obj:femi:sg,2901,46,N,N,,terre,+CIT,533,,NOM,'C/V\.C/(e)\
900,156,1,encomencierent,encomencierent,VER:simp:3:pl,2908,47,Vfin,Vfin,,encomencier,*+IT,536,,VER,/V\.C/V\.C/V\.'C/V\.C/e\
901,156,2,a,a,PRE,2909,47,Pre,Pre,à,a3|a,+T|CGIS,536,,PRE,/V\
902,156,3,movoir,movoir,VER:infi,2910,47,Vinf,Vinf,mouvoir,movoir,+IT,536,,VER,C/V\.'C/V\
903,157,1,li,li,DET:def:suj:masc:pl,2911,47,Det,Det,le,le,CST,536,,DET:def,C/V\
904,157,2,pelerin,pelerin,NOM:suj:masc:pl,2912,47,N,N,,pelerin,IT,537,,NOM,C/V\.C/e\.'C/V\
905,157,3,de,de,PRE,2913,47,Pre,Pre,de,de,+CIST,537,,PRE,C/(e)\
906,157,4,lor,lor,DET:poss:obj:masc:sg,2914,47,Det,Det,leur2,lor2|lor,S|C,537,,DET:poss,C/V\
907,157,5,pais,païs,NOM:obj:masc:sg,2915,47,N,N,,pais|päis,+CIT|+IdTd,537,,NOM,C/V\.'C/V\
908,158,1,i,i,PRO:clit,2921,47,Prn,Prn$$,y,i2|i|y,S|C|C,538,,PRO:clit,/V\
909,158,2,fu,fu,VER:simp:3:sg,2922,47,Vfin,Vfin,être1|ester,estre1|estre,+I|CMI,539,,VER,C/V\
910,158,3,ploree,ploree,VER:pper:femi:sg,2923,47,Vpp,Vpp,pleurer,plorer,+I,539,,VER,C/V\.'C/V\./(e)\
911,158,4,de,de,PRE,2924,47,Pre,Pre,de,de,+CIST,539,,PRE,C/(e)\
912,158,5,pitie,pitié,NOM:obj:femi:sg,2925,47,N,N,,pitié,*+I,539,,NOM,C/V\.'C/V\
913,159,1,de,de,PRE,2931,47,Pre,Pre,de,de,+CIST,540,,PRE,C/(e)\
914,159,2,lor,lor,DET:poss:obj:femi:pl,2932,47,Det,Det,leur2,lor2|lor,S|C,540,,DET:poss,C/V\
915,159,3,genz,genz,NOM:obj:femi:pl,2933,47,N,N,,gent1,+I,541,,NOM,C/V\
916,159,4,et,et,CON:coord,2934,47,Crd,Crd,et,et,ST,541,,CON:coord,/V\
917,159,5,de,de,PRE,2935,47,Pre,Pre,de,de,+CIST,541,,PRE,C/(e)\
918,159,6,lor,lor,DET:poss:obj:masc:pl,2936,47,Det,Det,leur2,lor2|lor,S|C,541,,DET:poss,C/V\
919,159,7,amis,amis,NOM:obj:masc:pl,2937,47,N,N,,ami,+I,541,,NOM,/V\.'C/V\
920,160,1,et,et,CON:coord,2942,47,Crd,Crd,et,et,ST,542,,CON:coord,/V\
921,160,2,parmi,parmi,PRE,2943,47,PrA,PrA,parmi,parmi,CIST,542,,PRE,C/V\.'C/V\
922,160,3,les,les,DET:def:obj:masc:pl,2944,47,Det,Det,le,le,CST,542,,DET:def,C/V\
923,160,4,monz,monz,NOM:obj:masc:pl,2945,47,N,N,,monde1|monde,+I|I,542,,NOM,C/V\
924,160,5,de,de,PRE,2946,47,Pre,Pre,de,de,+CIST,542,,PRE,C/(e)\
925,160,6,mongeu,mongeu,NPR:obj:masc:sg,2947,47,N,N,,UNKNOWN,,543,,NPR,C/V\.'C/V\
926,161,1,de,de,PRE,2946,47,Pre,Pre,de,de,+CIST,542,,PRE,C/(e)\
927,161,2,mongeu,mongeu,NPR:obj:masc:sg,2947,47,N,N,,UNKNOWN,,543,,NPR,C/V\.'C/V\
928,161,3,et,et,CON:coord,2948,47,Crd,Crd,et,et,ST,543,,CON:coord,/V\
929,161,4,par,par,PRE,2949,47,Pre,Pre,par1,par,CIS,543,,PRE,C/V\
930,161,5,moncenis,moncenis,NPR:obj:masc:sg,2950,47,N,N,,UNKNOWN,,543,,NPR,C/V\.C/e\.'C/V\
931,162,1,et,et,CON:coord,2961,47,Crd,Crd,et,et,ST,545,,CON:coord,/V\
932,162,2,se,se,PROCON,2962,47,Prn,Prn$$,soi,se,C,545,,PROCON,C/(e)\
933,162,3,logierent,logierent,VER:simp:3:pl,2963,47,Vfin,Vfin,,logier,+I,545,,VER,C/V\.'C/V\.C/e\
934,162,4,en,en,PRO:clit,2964,47,Pre,Pre,en1,en1|en,+IST|CI,546,,PRE,/V\
935,162,5,une,une,DET:ndf:obj:femi:sg,2965,47,QIs,QIs,un,un,CS,546,,DET:ndf,'/V\.C/(e)\
936,162,6,ysle,ysle,NOM:obj:femi:sg,2966,47,N,N,,isle,+T,546,,NOM,'/V\.C/(e)\
937,163,1,que,que,PROCON,2967,47,Sub,Sub,que,que2|que3|que,T|S|C,546,c,PROCON,C/(e)\
938,163,2,on,on,PRO:invar,2968,47,Prn,Prn$,on,on,CS,546,s,PRO:invar,/V\
939,163,3,apelle,apelle,VER:pres:3:sg,2969,47,Vfin,Vfin,appeler,apeler,+M,547,,VER,/V\.'C/V\.C/(e)\
940,163,4,saint,saint,ADJ:obj:masc:sg,2970,47,Adj,Adj,saint,saint1|saint,T|CI,547,,ADJ,C/V\
941,163,5,nicholas,nicholas,NPR:obj:masc:sg,2971,47,N,N,,nicolas,C|Z,547,,NPR,C/V\.C/V\.'C/V\
942,164,1,par,par,PRE,2983,48,Pre,Pre,par1,par,CIS,550,,PRE,C/V\
943,164,2,mer,mer,NOM:obj:femi:sg,2984,48,N,N,,mer,+IT,550,,NOM,C/V\
944,164,3,u,u,PROCON,2985,48,Qux,Qux,où,o3|où,Z|TdZ,550,,PROCON,/V\
945,164,4,ot,ot,VER:simp:3:sg,2986,48,Vfin,Vfin,avoir1|ouïr,avoir|öir,+IM|+I,550,,VER,/V\
946,164,5,mult,mult,ADV,2987,48,QIs,QIs,moult,mout,I,551,,ADV,C/V\
947,164,6,grant,grant,ADJ:obj:femi:sg,2988,48,Adj,Adj,grand,grant,+CIT,551,,ADJ,C/V\
948,164,7,plente,plenté,NOM:obj:femi:sg,2989,48,N,N,,plante1|plante2,*+T|+T,551,,NOM,C/V\.'C/V\
949,165,1,si,si,PROCON,2997,48,Adv,Adv,si4,si,C,552,,PROCON,C/V\
950,165,2,fu,fu,VER:simp:3:sg,2998,48,Vfin,Vfin,être1|ester,estre1|estre,+I|CMI,552,,VER,C/V\
951,165,3,chevetaines,chevetaines,NOM:suj:masc:sg,2999,48,N,N,,chevetaine|kievetaine,*+T|+T,552,a,NOM,C/V\.C/e\.'C/V\.C/e\
952,165,4,johans,johans,NPR:suj:masc:sg,3000,48,N,N,,jehan,Z,553,,NPR,C/V\.'C/V\
953,166,1,qui,qui,PROCON,3008,48,Qux,Qux,qui,qui,CST,554,s,PROCON,C/V\
954,166,2,fu,fu,VER:simp:3:sg,3009,48,Vfin,Vfin,être1|ester,estre1|estre,+I|CMI,554,,VER,C/V\
955,166,3,fils,fils,NOM:suj:masc:sg,3010,48,N,N,,fil1|fil2|fils1|fils2,+T|+T|+T|+T,554,,NOM,C/V\
956,166,4,le,le,DET:def:obj:masc:sg,3011,48,Det,Det,le,le,CST,554,,DET:def,C/(e)\
957,166,5,conte,conte,NOM:obj:masc:sg,3012,48,N,N,,conte1|conte2,+IT|+IT,554,,NOM,'C/V\.C/(e)\
958,166,6,phelippe,phelippe,NPR:obj:masc:sg,3013,48,N,N,,felipon,Z,555,,NPR,C/V\.'C/V\.C/(e)\
959,167,1,le,le,DET:def:obj:masc:sg,3011,48,Det,Det,le,le,CST,554,,DET:def,C/(e)\
960,167,2,conte,conte,NOM:obj:masc:sg,3012,48,N,N,,conte1|conte2,+IT|+IT,554,,NOM,'C/V\.C/(e)\
961,167,3,phelippe,phelippe,NPR:obj:masc:sg,3013,48,N,N,,felipon,Z,555,,NPR,C/V\.'C/V\.C/(e)\
962,167,4,de,de,PRE,3014,48,Pre,Pre,de,de,+CIST,555,,PRE,C/(e)\
963,167,5,flandres,flandres,NPR:obj:femi:pl,3015,48,N,N,,flandres,I|Z,555,,NPR,'C/V\.C/e\
964,168,1,que,que,PROCON,3030,48,Sub,Sub,que,que2|que3|que,T|S|C,558,,PROCON,C/(e)\
965,168,2,il,il,PRO:pers:suj:3:masc:pl,3031,48,Prn,Prn$,3p,il,CIST,559,s,PRO:pers,/V\
966,168,3,iroient,iroient,VER:cond:3:pl,3032,48,Vfin,Vfin,aller,aler,+I,559,,VER,/V\.'C/V\./e\
967,168,4,par,par,PRE,3033,48,Pre,Pre,par1,par,CIS,559,,PRE,C/V\
968,168,5,le,le,DET:def:obj:masc:sg,3034,48,Det,Det,le,le,CST,559,,DET:def,C/(e)\
969,168,6,detroiz,detroiz,NOM:obj:masc:sg,3035,48,N,N,,UNKNOWN,,559,,NOM,C/V\.'C/V\
970,169,1,et,et,CON:coord,3038,48,Crd,Crd,et,et,ST,560,,CON:coord,/V\
971,169,2,assembleroient,assembleroient,VER:cond:3:pl,3039,48,Vfin,Vfin,assembler,assembler,*+IT,560,,VER,/V\.C/V\.C/e\.'C/V\./e\
972,169,3,a,a,PRE,3040,48,Pre,Pre,à,a3|a,+T|CGIS,560,,PRE,/V\
973,169,4,l,l,DET:def:obj:femi:sg,3041,48,Det,Det,le,le,CS,560,,DET:def,C/\
974,169,5,ost,ost,NOM:obj:femi:sg,3042,48,N,N,,ost,+IT,560,,NOM,/V\
975,170,1,de,de,PRE,3070,48,Pre,Pre,de,de,+CIST,566,,PRE,C/(e)\
976,170,2,lor,lor,DET:poss:obj:femi:pl,3071,48,Det,Det,leur2,lor2|lor,S|C,566,,DET:poss,C/V\
977,170,3,nes,nés,NOM:obj:femi:pl,3072,48,N,N,,nef2|nés,+I|+I,566,,NOM,C/V\
978,170,4,chargies,chargies,VER:pper:femi:pl,3073,48,Vpp,Vpp,,chargier,+M,566,,VER,C/V\.'C/V\./e\
979,170,5,de,de,PRE,3074,48,Pre,Pre,de,de,+CIST,566,,PRE,C/(e)\
980,170,6,dras,dras,NOM:obj:masc:pl,3075,48,N,N,,drap,+I,566,,NOM,C/V\
