wd_id,line_id,linewd,word,lex_id,old_wd_id,para_id,syntag,syntag2,lemma,syllabified
1,1,1,de,de,8,12,Pre,Pre,de,C/(e)\
2,1,2,campaigne,campaigne,9,12,N,N,,C/V\.'C/V\.C/(e)\
3,1,3,et,et,10,12,Crd,Crd,et,/V\
4,1,4,de,de,11,12,Pre,Pre,de,C/(e)\
5,1,5,brie,brie,12,12,N,N,,'C/V\./(e)\
6,2,1,.ii.,.ii.,13,12,QIs,QIs,deux,C/V\
7,2,2,et,et,14,12,Crd,Crd,et,/V\
8,2,3,baudoins,baudoins,15,12,N,N,,C/V\.'C/V\
9,2,4,li,li,16,12,Det,Det,le,C/V\
10,2,5,quens,quens,17,12,N,N,,C/V\
11,3,1,de,de,18,12,Pre,Pre,de,C/(e)\
12,3,2,flandres,flandres,19,12,N,N,,'C/V\.C/e\
13,3,3,et,et,20,12,Crd,Crd,et,/V\
14,3,4,hennaut,hennaut,21,12,N,N,,C/V\.'C/V\
15,4,1,.ii.,.ii.,22,12,QIs,QIs,deux,C/V\
16,4,2,et,et,23,12,Crd,Crd,et,/V\
17,4,3,lois,loïs,24,12,N,N,,C/V\.'C/V\
18,4,4,li,li,25,12,Det,Det,le,C/V\
19,4,5,quens,quens,26,12,N,N,,C/V\
20,5,1,de,de,37,12,Pre,Pre,de,C/(e)\
21,5,2,vileardoin,vileardoin,38,12,N,N,,C/V\.C/e\.C/V\.C/V\.'C/V\
22,6,1,et,et,43,12,Crd,Crd,et,/V\
23,6,2,miles,miles,44,12,N,N,,'C/V\.C/e\
24,6,3,li,li,45,12,Det,Det,le,C/V\
25,6,4,braibanz,braibanz,46,12,N,N,,C/V\.'C/V\
26,7,1,le,le,50,12,Det,Det,le,C/(e)\
27,7,2,conte,conte,51,12,N,N,,'C/V\.C/(e)\
28,7,3,baudoin,baudoin,52,12,N,N,,C/V\.C/V\.'C/V\
29,8,1,et,et,57,12,Crd,Crd,et,/V\
30,8,2,alars,alars,58,12,N,N,,/V\.'C/V\
31,8,3,maqueriaus,maqueriaus,59,12,N,N,,C/V\.C/V\.'C/V\
32,9,1,de,de,67,12,Pre,Pre,de,C/(e)\
33,9,2,friaise,friaise,68,12,N,N,,C/V\.'C/V\.C/(e)\
34,9,3,et,et,69,12,Crd,Crd,et,/V\
35,9,4,gautiers,gautiers,70,12,N,N,,C/V\.'C/V\
36,10,1,si,si,76,13,Adv,Adv,si4,C/V\
37,10,2,mistrent,mistrent,77,13,Vfin,Vfin,mettre,'C/V\.C/e\
38,10,3,lor,lor,78,13,Det,Det,leur2,C/V\
39,10,4,afaire,afaire,79,13,N,N,,/V\.'C/V\.C/(e)\
40,11,1,que,que,91,13,Sub,Sub,que,C/(e)\
41,11,2,il,il,92,13,Prn,Prn$,il,/V\
42,11,3,tendroient,tendroient,93,13,Vfin,Vfin,tenir,C/V\.'C/V\./e\
43,11,4,ferm,ferm,94,13,Adj,Adj,,C/V\
44,12,1,de,de,104,13,Pre,Pre,de,C/(e)\
45,12,2,mer,mer,105,13,N,N,,C/V\
46,12,3,en,en,106,13,Pre,Pre,en,/V\
47,12,4,quelque,quelque,107,13,QIs,QIs,quelque,'C/V\.C/(e)\
48,12,5,leu,leu,108,13,N,N,,C/V\
49,13,1,de,de,112,13,Pre,Pre,de,C/(e)\
50,13,2,totes,totes,113,13,QIs,QIs,tout,'C/V\.C/e\
51,13,3,convenances,convenances,114,13,N,N,,C/V\.C/e\.'C/V\
52,14,1,et,et,132,14,Crd,Crd,et,/V\
53,14,2,fu,fu,133,14,Vfin,Vfin,être,C/V\
54,14,3,tels,tels,134,14,Adj,Adj,tel,C/V\
55,14,4,lor,lor,135,14,Det,Det,leur2,C/V\
56,14,5,consaux,consaux,136,14,N,N,,C/V\.'C/V\
57,15,1,que,que,150,14,Sub,Sub,que,C/(e)\
58,15,2,a,a,151,14,Pre,Pre,à,/V\
59,15,3,nul,nul,152,14,QIs,QIs,nul,C/V\
60,15,4,autre,autre,153,14,Adj,Adj,autre,'/V\.C/(e)\
61,15,5,port,port,154,14,N,N,,C/V\
62,16,1,ce,ce,242,15,Prn,Prn,ce,C/(e)\
63,16,2,que,que,243,15,Qux,Qux,que,C/(e)\
64,16,3,cist,cist,244,15,Dem,Dem,cist,C/V\
65,16,4,.vi.,.vi.,245,15,QIs,QIs,six,C/V\
66,16,5,feroient,feroient,246,15,Vfin,Vfin,faire,C/V\.'C/V\./e\
67,17,1,et,et,247,16,Crd,Crd,et,/V\
68,17,2,li,li,248,16,Det,Det,le,C/V\
69,17,3,duc,duc,249,16,N,N,,C/V\
70,17,4,lor,lor,250,16,Prn,Prn$$,leur,C/V\
71,17,5,respont,respont,251,16,Vfin,Vfin,répondre,C/V\.'C/V\
72,18,1,seingnor,seingnor,253,16,N,N,,C/V\.'C/V\
73,18,2,je,je,254,16,Prn,Prn$,je,C/(e)\
74,18,3,ai,ai,255,16,Vfin,Vfin,avoir,/V\
75,18,4,veues,veües,256,16,Vpp,Vpp,voir,C/(V)\.'/V\./e\
76,19,1,bien,bien,259,16,Adv,Adv,bien,C/V\
77,19,2,avons,avons,260,16,Vfin,Vfin,avoir,/V\.'C/V\
78,19,3,queneu,queneu,261,16,Vpp,Vpp,connaître,C/V\.C/(V)\.'/V\
79,20,1,qui,qui,270,16,Qux,Qux,qui,C/V\
80,20,2,soient,soient,271,16,Vfin,Vfin,être,'C/V\./e\
81,20,3,sanz,sanz,272,16,Pre,Pre,sans,C/V\
82,20,4,corone,corone,273,16,N,N,,C/V\.'C/V\.C/(e)\
83,21,1,demain,demain,326,17,Adv,Adv,demain,C/V\.'C/V\
84,21,2,se,se,327,17,Sub,Sub,si3,C/(e)\
85,21,3,il,il,328,17,Prn,Prn$,il,/V\
86,21,4,vos,vos,329,17,Prn,Prn$$,vous,C/V\
87,21,5,plaist,plaist,330,17,Vfin,Vfin,plaire,C/V\
88,22,1,ce,ce,354,17,Prn,Prn,ce,C/(e)\
89,22,2,que,que,355,17,Qux,Qux,que,C/(e)\
90,22,3,il,il,356,17,Prn,Prn$,il,/V\
91,22,4,requeroient,requeroient,357,17,Vfin,Vfin,requérir,C/V\.C/e\.'C/V\./e\
92,23,1,et,et,378,18,Crd,Crd,et,/V\
93,23,2,troverent,troverent,379,18,Vfin,Vfin,trouver,C/V\.'C/V\.C/e\
94,23,3,le,le,380,18,Det,Det,le,C/(e)\
95,23,4,duc,duc,381,18,N,N,,C/V\
96,24,1,et,et,388,18,Crd,Crd,et,/V\
97,24,2,distrent,distrent,389,18,Vfin,Vfin,dire,'C/V\.C/e\
98,24,3,lor,lor,390,18,Det,Det,leur2,C/V\
99,24,4,message,message,391,18,N,N,,C/V\.'C/V\.C/(e)\
100,25,1,de,de,402,18,Pre,Pre,de,C/(e)\
101,25,2,par,par,403,18,Pre,Pre,par,C/V\
102,25,3,les,les,404,18,Det,Det,le,C/V\
103,25,4,hals,hals,405,18,Adj,Adj,haut,C/V\
104,25,5,barons,barons,406,18,N,N,,C/V\.'C/V\
105,26,1,de,de,407,18,Pre,Pre,de,C/(e)\
106,26,2,france,france,408,18,N,N,,'C/V\.C/(e)\
107,26,3,qui,qui,409,18,Qux,Qux,qui,C/V\
108,26,4,ont,ont,410,18,Vfin,Vfin,avoir,/V\
109,26,5,pris,pris,411,18,Vpp,Vpp,prendre,C/V\
110,27,1,le,le,412,18,Det,Det,le,C/(e)\
111,27,2,sine,sine,413,18,N,N,,'C/V\.C/(e)\
112,27,3,de,de,414,18,Pre,Pre,de,C/(e)\
113,27,4,la,la,415,18,Det,Det,le,C/V\
114,27,5,crois,crois,416,18,N,N,,C/V\
115,28,1,de,de,414,18,Pre,Pre,de,C/(e)\
116,28,2,la,la,415,18,Det,Det,le,C/V\
117,28,3,crois,crois,416,18,N,N,,C/V\
118,28,4,por,por,417,18,Pre,Pre,pour,C/V\
119,28,5,la,la,418,18,Det,Det,le,C/V\
120,28,6,honte,honte,419,18,N,N,,'C/V\.C/(e)\
121,29,1,et,et,423,18,Crd,Crd,et,/V\
122,29,2,por,por,424,18,Pre,Pre,pour,C/V\
123,29,3,jerusalem,jerusalem,425,18,N,N,,C/V\.C/V\.C/V\.'C/V\
124,30,1,se,se,427,18,Sub,Sub,si3,C/(e)\
125,30,2,diex,diex,428,18,N,N,,C/V\
126,30,3,le,le,429,18,Prn,Prn$$,le,C/(e)\
127,30,4,vuelt,vuelt,430,18,Vfin,Vfin,vouloir,C/V\
128,30,5,soffrir,soffrir,431,18,Vinf,Vinf,souffrir,C/V\.'C/V\
129,31,1,que,que,456,18,Sub,Sub,que,C/(e)\
130,31,2,vos,vos,457,18,Prn,Prn$,vous,C/V\
131,31,3,aiez,aiez,458,18,Vfin,Vfin,avoir,/V\.'C/V\
132,31,4,pitie,pitié,459,18,N,N,,C/V\.'C/V\
133,32,1,en,en,488,19,Pre,Pre,en,/V\
134,32,2,totes,totes,489,19,QIs,QIs,tout,'C/V\.C/e\
135,32,3,les,les,490,19,Det,Det,le,C/V\
136,32,4,manieres,manieres,491,19,N,N,,C/V\.'C/V\.C/e\
137,33,1,ne,ne,507,19,Crd,Crd,ne2,C/(e)\
138,33,2,soffrir,soffrir,508,19,Vinf,Vinf,souffrir,C/V\.'C/V\
139,33,3,puissent,puissent,509,19,Vfin,Vfin,pouvoir2,'C/V\.C/e\
140,33,4,certes,certes,510,19,Adv,Adv,certes,'C/V\.C/e\
141,34,1,li,li,560,20,Det,Det,le,C/V\
142,34,2,termes,termes,561,20,N,N,,'C/V\.C/e\
143,34,3,que,que,562,20,Qux,Qux,que,C/(e)\
144,34,4,li,li,563,20,Det,Det,le,C/V\
145,34,5,dux,dux,564,20,N,N,,C/V\
146,35,1,se,se,610,20,Sub,Sub,si3,C/(e)\
147,35,2,nos,nos,611,20,Prn,Prn$,nous,C/V\
148,35,3,i,i,612,20,Prn,Prn$$,y2,/V\
149,35,4,poons,poons,613,20,Vfin,Vfin,pouvoir2,C/V\.'C/V\
150,35,5,metre,metre,614,20,Vinf,Vinf,mettre,'C/V\.C/(e)\
151,36,1,a,a,642,21,Pre,Pre,à,/V\
152,36,2,passer,passer,643,21,Vinf,Vinf,passer,C/V\.'C/V\
153,36,3,.iv.,.iv.,644,21,QIs,QIs,quatre,'C/V\.C/(e)\
154,36,4,.m.,.m.,645,21,QIs,QIs,mille,'C/V\.C/(e)\
155,37,1,.iv.,.iv.,644,21,QIs,QIs,quatre,'C/V\.C/(e)\
156,37,2,.m.,.m.,645,21,QIs,QIs,mille,'C/V\.C/(e)\
157,37,3,et,et,646,21,Crd,Crd,et,/V\
158,37,4,.v.,.v.,647,21,QIs,QIs,cinq,C/V\
159,37,5,.c.,.c.,648,21,QIs,QIs,cent,C/V\
160,38,1,.m.,.m.,645,21,QIs,QIs,mille,'C/V\.C/(e)\
161,38,2,et,et,646,21,Crd,Crd,et,/V\
162,38,3,.v.,.v.,647,21,QIs,QIs,cinq,C/V\
163,38,4,.c.,.c.,648,21,QIs,QIs,cent,C/V\
164,38,5,chevaus,chevaus,649,21,N,N,,C/V\.'C/V\
165,39,1,et,et,650,21,Crd,Crd,et,/V\
166,39,2,.ix.,.ix.,651,21,QIs,QIs,neuf,C/V\
167,39,3,mille,mille,652,21,QIs,QIs,mille,'C/V\.C/(e)\
168,39,4,escuiers,escuiers,653,21,N,N,,/V\.C/V\.'C/V\
169,40,1,et,et,663,21,Crd,Crd,et,/V\
170,40,2,.xx.,.xx.,664,21,QIs,QIs,vingt,C/V\
171,40,3,mille,mille,665,21,QIs,QIs,mille,'C/V\.C/(e)\
172,40,4,serjanz,serjanz,666,21,N,N,,C/V\.'C/V\
173,41,1,mille,mille,665,21,QIs,QIs,mille,'C/V\.C/(e)\
174,41,2,serjanz,serjanz,666,21,N,N,,C/V\.'C/V\
175,41,3,a,a,667,21,Pre,Pre,à,/V\
176,41,4,pie,pié,668,21,N,N,,C/V\
177,42,1,et,et,669,21,Crd,Crd,et,/V\
178,42,2,a,a,670,21,Pre,Pre,à,/V\
179,42,3,toz,toz,671,21,QIs,QIs,tout,C/V\
180,42,4,ces,ces,672,21,Dem,Dem,cist,C/V\
181,42,5,chevaus,chevaus,673,21,N,N,,C/V\.'C/V\
182,43,1,iert,iert,677,21,Vfin,Vfin,être,/V\
183,43,2,telx,telx,678,21,Adj,Adj,tel,C/V\
184,43,3,la,la,679,21,Det,Det,le,C/V\
185,43,4,convenance,convenance,680,21,N,N,,C/V\.C/e\.'C/V\.C/(e)\
186,44,1,.iv.,.iv.,702,21,QIs,QIs,quatre,'C/V\.C/(e)\
187,44,2,mars,mars,703,21,N,N,,C/V\
188,44,3,et,et,704,21,Crd,Crd,et,/V\
189,44,4,por,por,705,21,Pre,Pre,pour,C/V\
190,44,5,l,l,706,21,Det,Det,le,C/\
191,44,6,ome,ome,707,21,N,N,,'/V\.C/(e)\
192,45,1,que,que,713,22,Qux,Qux,que,C/(e)\
193,45,2,nos,nos,714,22,Prn,Prn$,nous,C/V\
194,45,3,vos,vos,715,22,Prn,Prn$,vous,C/V\
195,45,4,devisons,devisons,716,22,Vfin,Vfin,,C/V\.C/V\.'C/V\
196,46,1,vos,vos,717,22,Prn,Prn$$,vous,C/V\
197,46,2,tendrons,tendrons,718,22,Vfin,Vfin,tenir,C/V\.'C/V\
198,46,3,par,par,719,22,Pre,Pre,par,C/V\
199,46,4,un,un,720,22,QIs,QIs,un,/V\
200,46,5,an,an,721,22,N,N,,/V\
201,47,1,a,a,732,22,Pre,Pre,à,/V\
202,47,2,faire,faire,733,22,Vinf,Vinf,faire,'C/V\.C/(e)\
203,47,3,le,le,734,22,Det,Det,le,C/(e)\
204,47,4,servise,servise,735,22,N,N,,C/V\.'C/V\.C/(e)\
205,48,1,et,et,737,22,Crd,Crd,et,/V\
206,48,2,la,la,738,22,Det,Det,le,C/V\
207,48,3,crestiente,crestienté,739,22,N,N,,C/V\.C/{V}\./V\.'C/V\
208,49,1,si,si,756,22,Adv,Adv,si4,C/V\
209,49,2,monte,monte,757,22,Vfin,Vfin,monter,'C/V\.C/(e)\
210,49,3,.xc.,.xc.,758,22,QIs,QIs,quatre.vingt.dix,C/V\.C/e\.'C/V\
211,50,1,que,que,789,23,Qux,Qux,que,C/(e)\
212,50,2,nos,nos,790,23,Prn,Prn$,nous,C/V\
213,50,3,ferons,ferons,791,23,Vfin,Vfin,faire,C/V\.'C/V\
214,50,4,par,par,792,23,Pre,Pre,par,C/V\
215,50,5,mer,mer,793,23,N,N,,C/V\
216,51,1,en,en,799,23,Prn,Prn$$,en2,/V\
217,51,2,avrons,avrons,800,23,Vfin,Vfin,avoir,/V\.'C/V\
218,51,3,et,et,801,23,Crd,Crd,et,/V\
219,51,4,vos,vos,802,23,Prn,Prn,vous,C/V\
220,51,5,l,l,803,23,Det,Det,le,C/\
221,51,6,autre,autre,804,23,Adj,Adj,autre,'/V\.C/(e)\
222,52,1,li,li,817,24,Det,Det,le,C/V\
223,52,2,message,message,818,24,N,N,,C/V\.'C/V\.C/(e)\
224,52,3,s,s,819,24,Prn,Prn$$,se,C/\
225,52,4,en,en,820,24,Prn,Prn$$,en2,/V\
226,52,5,vont,vont,821,24,Vfin,Vfin,aller,C/V\
227,53,1,et,et,836,24,Crd,Crd,et,/V\
228,53,2,parlerent,parlerent,837,24,Vfin,Vfin,parler,C/V\.'C/V\.C/e\
229,53,3,ensemble,ensemble,838,24,Adv,Adv,ensemble,/V\.'C/V\.C/(e)\
230,54,1,sire,sire,856,24,N,N,,'C/V\.C/(e)\
231,54,2,nos,nos,857,24,Prn,Prn$,nous,C/V\
232,54,3,somes,somes,858,24,Vfin,Vfin,être,'C/V\.C/e\
233,54,4,prest,prest,859,24,Adj,Adj,,C/V\
234,55,1,l,l,887,25,Det,Det,le,C/\
235,55,2,endemain,endemain,888,25,N,N,,/V\.C/e\.'C/V\
236,55,3,al,al,889,25,Pre+Det,Pre+Det,à.le,/V\
237,55,4,tierz,tierz,890,25,Adj,Adj,tiers,C/V\
238,55,5,jor,jor,891,25,N,N,,C/V\
239,56,1,et,et,899,25,Crd,Crd,et,/V\
240,56,2,proz,proz,900,25,Adj,Adj,preux,C/V\
241,56,3,son,son,901,25,Det,Det,son4,C/V\
242,56,4,grant,grant,902,25,Adj,Adj,grand,C/V\
243,56,5,conseil,conseil,903,25,N,N,,C/V\.'C/V\
244,57,1,ere,ere,907,25,Vfin,Vfin,être,'/V\.C/(e)\
245,57,2,de,de,908,25,Pre,Pre,de,C/(e)\
246,57,3,.xl.,.xl.,909,25,QIs,QIs,quarante,C/V\.'C/V\.C/(e)\
247,57,4,homes,homes,910,25,N,N,,'/V\.C/e\
248,58,1,per,per,917,25,Pre,Pre,par,C/V\
249,58,2,son,son,918,25,Det,Det,son4,C/V\
250,58,3,sens,sens,919,25,N,N,,C/V\
251,58,4,et,et,920,25,Crd,Crd,et,/V\
252,58,5,engin,engin,921,25,N,N,,/V\.'C/V\
253,59,1,que,que,922,25,Qux,Qux,que,C/(e)\
254,59,2,il,il,923,25,Prn,Prn$,il,/V\
255,59,3,avoit,avoit,924,25,Vfin,Vfin,avoir,/V\.'C/V\
256,59,4,mult,mult,925,25,QIs,QIs,moult,C/V\
257,59,5,cler,cler,926,25,Adj,Adj,clair,C/V\
258,60,1,de,de,966,25,Pre,Pre,de,C/(e)\
259,60,2,saint,saint,967,25,Adj,Adj,saint,C/V\
260,60,3,marc,marc,968,25,N,N,,C/V\
261,60,4,la,la,969,25,Det,Det,le,C/V\
262,60,5,plus,plus,970,25,Adv,Adv,plus,C/V\
263,60,6,bele,bele,971,25,Adj,Adj,beau,'C/V\.C/(e)\
264,61,1,la,la,969,25,Det,Det,le,C/V\
265,61,2,plus,plus,970,25,Adv,Adv,plus,C/V\
266,61,3,bele,bele,971,25,Adj,Adj,beau,'C/V\.C/(e)\
267,61,4,qui,qui,972,25,Qux,Qux,qui,C/V\
268,61,5,soit,soit,973,25,Vfin,Vfin,être,C/V\
269,62,1,quant,quant,1008,26,Sub,Sub,quand,C/V\
270,62,2,la,la,1009,26,Det,Det,le,C/V\
271,62,3,messe,messe,1010,26,N,N,,'C/V\.C/(e)\
272,62,4,fu,fu,1011,26,Vfin,Vfin,être,C/V\
273,62,5,dite,dite,1012,26,Vpp,Vpp,dire,'C/V\.C/(e)\
274,63,1,manda,manda,1015,26,Vfin,Vfin,mander,C/V\.'C/V\
275,63,2,por,por,1016,26,Pre,Pre,pour,C/V\
276,63,3,les,les,1017,26,Det,Det,le,C/V\
277,63,4,messages,messages,1018,26,N,N,,C/V\.'C/V\.C/e\
278,64,1,mult,mult,1041,26,QIs,QIs,moult,C/V\
279,64,2,furent,furent,1042,26,Vfin,Vfin,être,'C/V\.C/e\
280,64,3,esgardé,esgardé,1043,26,Vpp,Vpp,égarder,/V\.C/V\.'C/V\
281,65,1,de,de,1056,27,Pre,Pre,de,C/(e)\
282,65,2,vilehardoin,vilehardoin,1057,27,N,N,,C/V\.C/e\.C/V\.C/V\.'C/V\
283,66,1,et,et,1068,27,Crd,Crd,et,/V\
284,66,2,par,par,1069,27,Pre,Pre,par,C/V\
285,66,3,la,la,1070,27,Det,Det,le,C/V\
286,66,4,volente,volenté,1071,27,N,N,,C/V\.C/V\.'C/V\
287,67,1,de,de,1082,27,Pre,Pre,de,C/(e)\
288,67,2,france,france,1083,27,N,N,,'C/V\.C/(e)\
289,67,3,li,li,1084,27,Det,Det,le,C/V\
290,67,4,plus,plus,1085,27,Adv,Adv,plus,C/V\
291,67,5,halt,halt,1086,27,Adj,Adj,haut,C/V\
292,68,1,voilliez,voilliez,1117,27,Vfin,Vfin,vouloir,C/V\.'C/V\
293,68,2,lor,lor,1118,27,Det,Det,leur2,C/V\
294,68,3,compaignie,compaignie,1119,27,N,N,,C/V\.C/V\.'C/V\./(e)\
295,69,1,pooir,pooir,1143,27,N,N,pouvoir,C/V\.'C/V\
296,69,2,qui,qui,1144,27,Qux,Qux,qui,C/V\
297,69,3,sor,sor,1145,27,PrA,PrA,sur,C/V\
298,69,4,mer,mer,1146,27,N,N,,C/V\
299,69,5,soient,soient,1147,27,Vfin,Vfin,être,'C/V\./e\
300,70,1,enki,enki,1224,28,Adv,Adv,encui,/V\.'C/V\
301,70,2,ot,ot,1225,28,Vfin,Vfin,avoir,/V\
302,70,3,si,si,1226,28,Adv,Adv,si4,C/V\
303,70,4,grant,grant,1227,28,Adj,Adj,grand,C/V\
304,70,5,bruit,bruit,1228,28,N,N,,C/V\
305,71,1,que,que,1233,28,Sub,Sub,que,C/(e)\
306,71,2,il,il,1234,28,Prn,Prn$,il,/V\
307,71,3,sembla,sembla,1235,28,Vfin,Vfin,sembler,C/V\.'C/V\
308,71,4,que,que,1236,28,Sub,Sub,que,C/(e)\
309,71,5,terre,terre,1237,28,N,N,,'C/V\.C/(e)\
310,72,1,et,et,1239,29,Crd,Crd,et,/V\
311,72,2,quant,quant,1240,29,Sub,Sub,quand,C/V\
312,72,3,cele,cele,1241,29,Dem,Dem,cil,'C/V\.C/(e)\
313,72,4,grant,grant,1242,29,Adj,Adj,grand,C/V\
314,72,5,noise,noise,1243,29,N,N,,'C/V\.C/(e)\
315,73,1,li,li,1257,29,Det,Det,le,C/V\
316,73,2,bons,bons,1258,29,Adj,Adj,bon,C/V\
317,73,3,dux,dux,1259,29,N,N,,C/V\
318,73,4,de,de,1260,29,Pre,Pre,de,C/(e)\
319,73,5,venise,venise,1261,29,N,N,,C/V\.'C/V\.C/(e)\
320,74,1,monta,monta,1268,29,Vfin,Vfin,monter,C/V\.'C/V\
321,74,2,el,el,1269,29,Pre+Det,Pre+Det,en.le,/V\
322,74,3,leteri,leteri,1270,29,N,N,,C/V\.C/V\.'C/V\
323,75,1,seingnor,seingnor,1279,29,N,N,,C/V\.'C/V\
324,75,2,veez,veez,1280,29,Vfin,Vfin,voir,C/(V)\.'/V\
325,75,3,l,l,1281,29,Det,Det,le,C/\
326,75,4,onor,onor,1282,29,N,N,,/V\.'C/V\
327,76,1,veez,veez,1280,29,Vfin,Vfin,voir,C/(V)\.'/V\
328,76,2,l,l,1281,29,Det,Det,le,C/\
329,76,3,onor,onor,1282,29,N,N,,/V\.'C/V\
330,76,4,que,que,1283,29,Qux,Qux,que,C/(e)\
331,76,5,diex,diex,1284,29,N,N,,C/V\
332,77,1,ensi,ensi,1332,30,Adv,Adv,ainsi,/V\.'C/V\
333,77,2,fina,fina,1333,30,Vfin,Vfin,finer,C/V\.'C/V\
334,77,3,la,la,1334,30,Det,Det,le,C/V\
335,77,4,chose,chose,1335,30,N,N,,'C/V\.C/(e)\
336,78,1,et,et,1336,30,Crd,Crd,et,/V\
337,78,2,de,de,1337,30,Pre,Pre,de,C/(e)\
338,78,3,faire,faire,1338,30,Vinf,Vinf,faire,'C/V\.C/(e)\
339,78,4,les,les,1339,30,Det,Det,le,C/V\
340,78,5,chartres,chartres,1340,30,N,N,,'C/V\.C/e\
341,79,1,pristrent,pristrent,1341,30,Vfin,Vfin,prendre,'C/V\.C/e\
342,79,2,l,l,1342,30,Det,Det,le,C/\
343,79,3,endemain,endemain,1343,30,N,N,,/V\.C/e\.'C/V\
344,79,4,jor,jor,1344,30,N,N,,C/V\
345,80,1,quant,quant,1350,30,Sub,Sub,quand,C/V\
346,80,2,eles,eles,1351,30,Prn,Prn$,elle,'/V\.C/e\
347,80,3,furent,furent,1352,30,Vfin,Vfin,être,'C/V\.C/e\
348,80,4,faites,faites,1353,30,Vpp,Vpp,faire,'C/V\.C/e\
349,81,1,poroient,poroient,1369,30,Vfin,Vfin,pouvoir2,C/V\.'C/V\./e\
350,81,2,miels,miels,1370,30,Adv,Adv,mieux,C/V\
351,81,3,les,les,1371,30,Det,Det,le,C/V\
352,81,4,turs,turs,1372,30,N,N,,C/V\
353,82,1,qui,qui,1402,30,Qux,Qux,qui,C/V\
354,82,2,fu,fu,1403,30,Vfin,Vfin,être,C/V\
355,82,3,.m.,.m.,1404,30,QIs,QIs,mille,'C/V\.C/(e)\
356,82,4,et,et,1405,30,Crd,Crd,et,/V\
357,82,5,.cc.,.cc.,1406,30,QIs,QIs,deux.cent,C/V\.'C/V\
358,83,1,devoient,devoient,1415,30,Vfin,Vfin,devoir2,C/V\.'C/V\./e\
359,83,2,li,li,1416,30,Det,Det,le,C/V\
360,83,3,baron,baron,1417,30,N,N,,C/V\.'C/V\
361,84,1,et,et,1418,30,Crd,Crd,et,/V\
362,84,2,li,li,1419,30,Det,Det,le,C/V\
363,84,3,pelerin,pelerin,1420,30,N,N,,C/V\.C/e\.'C/V\
364,84,4,estre,estre,1421,30,Vinf,Vinf,être,'/V\.C/(e)\
365,85,1,appareillié,appareillié,1427,30,Vpp,Vpp,,/V\.C/V\.C/V\.'C/V\
366,85,2,contre,contre,1428,30,PrA,PrA,contre3,'C/V\.C/(e)\
367,85,3,als,als,1429,30,Prn,Prn,eux,/V\
368,86,1,quant,quant,1430,31,Sub,Sub,quand,C/V\
369,86,2,eles,eles,1431,31,Prn,Prn$,elle,'/V\.C/e\
370,86,3,furent,furent,1432,31,Vfin,Vfin,être,'C/V\.C/e\
371,86,4,faites,faites,1433,31,Vpp,Vpp,faire,'C/V\.C/e\
372,87,1,si,si,1436,31,Adv,Adv,si4,C/V\
373,87,2,furent,furent,1437,31,Vfin,Vfin,être,'C/V\.C/e\
374,87,3,aportees,aportees,1438,31,Vpp,Vpp,apporter,/V\.C/V\.'C/V\./e\
375,88,1,ploree,ploree,1524,31,Vpp,Vpp,pleurer,C/V\.'C/V\./(e)\
376,88,2,de,de,1525,31,Pre,Pre,de,C/(e)\
377,88,3,pitie,pitié,1526,31,N,N,,C/V\.'C/V\
378,89,1,l,l,1532,31,Det,Det,le,C/\
379,89,2,une,une,1533,31,QIs,QIs,un,'/V\.C/(e)\
380,89,3,partie,partie,1534,31,N,N,,C/V\.'C/V\./(e)\
381,89,4,et,et,1535,31,Crd,Crd,et,/V\
382,89,5,l,l,1536,31,Det,Det,le,C/\
383,89,6,autre,autre,1537,31,Adj,Adj,autre,'/V\.C/(e)\
384,90,1,ensi,ensi,1575,32,Adv,Adv,ainsi,/V\.'C/V\
385,90,2,pristrent,pristrent,1576,32,Vfin,Vfin,prendre,'C/V\.C/e\
386,90,3,congie,congie,1577,32,N,N,,C/V\.'C/V\
387,91,1,et,et,1604,32,Crd,Crd,et,/V\
388,91,2,alarz,alarz,1605,32,N,N,,/V\.'C/V\
389,91,3,makeriaus,makeriaus,1606,32,N,N,,C/V\.C/e\.'C/V\
390,92,1,si,si,1607,32,Adv,Adv,si4,C/V\
391,92,2,s,s,1608,32,Prn,Prn$$,se,C/\
392,92,3,en,en,1609,32,Prn,Prn$$,en2,/V\
393,92,4,alerent,alerent,1610,32,Vfin,Vfin,aller,/V\.'C/V\.C/e\
394,92,5,droit,droit,1611,32,Adv,Adv,droit2,C/V\
395,93,1,por,por,1625,32,Pre,Pre,pour,C/V\
396,93,2,savoir,savoir,1626,32,Vinf,Vinf,savoir,C/V\.'C/V\
397,93,3,quele,quele,1627,32,Qux,Qux,quel,'C/V\.C/(e)\
398,93,4,aie,aïe,1628,32,N,N,,/V\.'C/V\./(e)\
399,94,1,si,si,1644,33,Adv,Adv,si4,C/V\
400,94,2,encontra,encontra,1645,33,Vfin,Vfin,encontrer,/V\.C/V\.'C/V\
401,94,3,le,le,1646,33,Det,Det,le,C/(e)\
402,94,4,conte,conte,1647,33,N,N,,'C/V\.C/(e)\
403,95,1,qui,qui,1651,33,Qux,Qux,qui,C/V\
404,95,2,s,s,1652,33,Prn,Prn$$,se,C/\
405,95,3,en,en,1653,33,Prn,Prn$$,en2,/V\
406,95,4,aloit,aloit,1654,33,Vfin,Vfin,aller,/V\.'C/V\
407,95,5,en,en,1655,33,Pre,Pre,en,/V\
408,95,6,puile,puile,1656,33,N,N,,'C/V\.C/(e)\
409,96,1,puisque,puisque,1666,33,Sub,Sub,puisque,'C/V\.C/(e)\
410,96,2,il,il,1667,33,Prn,Prn$,il,/V\
411,96,3,ot,ot,1668,33,Vfin,Vfin,avoir,/V\
412,96,4,la,la,1669,33,Det,Det,le,C/V\
413,96,5,croiz,croiz,1670,33,N,N,,C/V\
414,96,6,prise,prise,1671,33,Vpp,Vpp,prendre,'C/V\.C/(e)\
415,97,1,de,de,1688,33,Pre,Pre,de,C/(e)\
416,97,2,covelans,covelans,1689,33,N,N,,C/V\.C/e\.'C/V\
417,97,3,roberz,roberz,1690,33,N,N,,C/V\.'C/V\
418,98,1,en,en,1716,34,Prn,Prn$$,en2,/V\
419,98,2,firent,firent,1717,34,Vfin,Vfin,faire,'C/V\.C/e\
420,98,3,mult,mult,1718,34,QIs,QIs,moult,C/V\
421,98,4,grant,grant,1719,34,Adj,Adj,grand,C/V\
422,98,5,joie,joie,1720,34,N,N,,'C/V\./(e)\
423,99,1,nos,nos,1730,34,Prn,Prn$,nous,C/V\
424,99,2,somes,somes,1731,34,Vfin,Vfin,être,'C/V\.C/e\
425,99,3,ja,ja,1732,34,Adv,Adv,jà,C/V\
426,99,4,meu,meü,1733,34,Vpp,Vpp,mouvoir,C/(V)\.'/V\
427,100,1,ne,ne,1752,34,Crd,Crd,ne2,C/(e)\
428,100,2,n,n,1753,34,Neg,Neg$$,ne,C/\
429,100,3,orent,orent,1754,34,Vfin,Vfin,avoir,'/V\.C/e\
430,100,4,nul,nul,1755,34,QIs,QIs,nul,C/V\
431,100,5,pooir,pooir,1756,34,N,N,pouvoir,C/V\.'C/V\
432,101,1,ce,ce,1763,34,Prn,Prn,ce,C/(e)\
433,101,2,fu,fu,1764,34,Vfin,Vfin,être,C/V\
434,101,3,mult,mult,1765,34,QIs,QIs,moult,C/V\
435,101,4,granz,granz,1766,34,Adj,Adj,grand,C/V\
436,101,5,domages,domages,1767,34,N,N,,C/V\.'C/V\.C/e\
437,102,1,que,que,1768,34,Crd,Crd,que,C/(e)\
438,102,2,mult,mult,1769,34,QIs,QIs,moult,C/V\
439,102,3,estoient,estoient,1770,34,Vfin,Vfin,être,/V\.'C/V\./e\
440,102,4,preu,preu,1771,34,Adj,Adj,preux,C/V\
441,103,1,et,et,1774,34,Crd,Crd,et,/V\
442,103,2,ensi,ensi,1775,34,Adv,Adv,ainsi,/V\.'C/V\
443,103,3,se,se,1776,34,Prn,Prn$$,se,C/(e)\
444,103,4,partirent,partirent,1777,34,Vfin,Vfin,partir,C/V\.'C/V\.C/e\
445,104,1,si,si,1778,34,Adv,Adv,si4,C/V\
446,104,2,tint,tint,1779,34,Vfin,Vfin,tenir,C/V\
447,104,3,cascuns,cascuns,1780,34,QIs,QIs,chacun,C/V\.'C/V\
448,104,4,sa,sa,1781,34,Det,Det,son4,C/V\
449,104,5,voie,voie,1782,34,N,N,,'C/V\./(e)\
450,105,1,malade,malade,1805,35,Adj,Adj,,C/V\.'C/V\.C/(e)\
451,105,2,et,et,1806,35,Crd,Crd,et,/V\
452,105,3,deshaitié,deshaitié,1807,35,Vpp,Vpp,,C/V\.C/V\.'C/V\
453,106,1,alas,alas,1850,35,Exc,Exc,,/V\.'C/V\
454,106,2,com,com,1851,35,Sub,Sub,comme,C/V\
455,106,3,grant,grant,1852,35,Adj,Adj,grand,C/V\
456,106,4,domages,domages,1853,35,N,N,,C/V\.'C/V\.C/e\
457,107,1,que,que,1880,36,Qux,Qux,que,C/(e)\
458,107,2,il,il,1881,36,Prn,Prn$,il,/V\
459,107,3,devoit,devoit,1882,36,Vfin,Vfin,devoir2,C/V\.'C/V\
460,107,4,porter,porter,1883,36,Vinf,Vinf,porter,C/V\.'C/V\
461,108,1,et,et,1887,36,Crd,Crd,et,/V\
462,108,2,a,a,1888,36,Pre,Pre,à,/V\
463,108,3,ses,ses,1889,36,Det,Det,son4,C/V\
464,108,4,compaignons,compaignons,1890,36,N,N,,C/V\.C/V\.'C/V\
465,109,1,de,de,1922,36,Pre,Pre,de,C/(e)\
466,109,2,venise,venise,1923,36,N,N,,C/V\.'C/V\.C/(e)\
467,109,3,a,a,1924,36,Pre,Pre,à,/V\
468,109,4,tenir,tenir,1925,36,Vinf,Vinf,tenir,C/V\.'C/V\
469,110,1,et,et,1957,36,Crd,Crd,et,/V\
470,110,2,por,por,1958,36,Pre,Pre,pour,C/V\
471,110,3,porter,porter,1959,36,Vinf,Vinf,porter,C/V\.'C/V\
472,110,4,en,en,1960,36,Pre,Pre,en,/V\
473,110,5,l,l,1961,36,Det,Det,le,C/\
474,110,6,ost,ost,1962,36,N,N,,/V\
475,111,1,ensi,ensi,1974,37,Adv,Adv,ainsi,/V\.'C/V\
476,111,2,morut,morut,1975,37,Vfin,Vfin,mourir,C/V\.'C/V\
477,111,3,li,li,1976,37,Det,Det,le,C/V\
478,111,4,quens,quens,1977,37,N,N,,C/V\
479,112,1,qui,qui,1985,37,Qux,Qux,qui,C/V\
480,112,2,fist,fist,1986,37,Vfin,Vfin,faire,C/V\
481,112,3,plus,plus,1987,37,Adv,Adv,plus,C/V\
482,112,4,bele,bele,1988,37,Adj,Adj,beau,'C/V\.C/(e)\
483,112,5,fin,fin,1989,37,N,N,,C/V\
484,113,1,enki,enki,1990,37,Adv,Adv,encui,/V\.'C/V\
485,113,2,ot,ot,1991,37,Vfin,Vfin,avoir,/V\
486,113,3,mult,mult,1992,37,QIs,QIs,moult,C/V\
487,113,4,grant,grant,1993,37,Adj,Adj,grand,C/V\
488,113,5,pueple,pueple,1994,37,N,N,,'C/V\.C/(e)\
489,114,1,et,et,2023,37,Crd,Crd,et,/V\
490,114,2,il,il,2024,37,Prn,Prn$,il,/V\
491,114,3,le,le,2025,37,Prn,Prn$$,le,C/(e)\
492,114,4,dut,dut,2026,37,Vfin,Vfin,devoir2,C/V\
493,114,5,bien,bien,2027,37,Adv,Adv,bien,C/V\
494,114,6,estre,estre,2028,37,Vinf,Vinf,être,'/V\.C/(e)\
495,115,1,qui,qui,2107,38,Qux,Qux,qui,C/V\
496,115,2,ere,ere,2108,38,Vfin,Vfin,être,'/V\.C/(e)\
497,115,3,seneschaus,seneschaus,2109,38,N,N,,C/V\.C/V\.'C/V\
498,116,1,alerent,alerent,2114,38,Vfin,Vfin,aller,/V\.'C/V\.C/e\
499,116,2,al,al,2115,38,Pre+Det,Pre+Det,à.le,/V\
500,116,3,duc,duc,2116,38,N,N,,C/V\
501,116,4,oedon,oedon,2117,38,N,N,,'/V\.C/e\
502,117,1,que,que,2143,38,Sub,Sub,que,C/(e)\
503,117,2,tu,tu,2144,38,Prn,Prn$,tu,C/V\
504,117,3,preignes,preignes,2145,38,Vfin,Vfin,prendre,'C/V\.C/e\
505,117,4,la,la,2146,38,Det,Det,le,C/V\
506,117,5,croiz,croiz,2147,38,N,N,,C/V\
507,118,1,telx,telx,2190,39,Adj,Adj,tel,C/V\
508,118,2,fu,fu,2191,39,Vfin,Vfin,être,C/V\
509,118,3,sa,sa,2192,39,Det,Det,son4,C/V\
510,118,4,volente,volenté,2193,39,N,N,,C/V\.C/V\.'C/V\
511,119,1,joffroi,joffroi,2204,39,N,N,,C/V\.'C/V\
512,119,2,de,de,2205,39,Pre,Pre,de,C/(e)\
513,119,3,juhenvile,juhenvile,2206,39,N,N,,C/V\.C/V\.'C/V\.C/(e)\
514,120,1,cargierent,cargierent,2207,39,Vfin,Vfin,,C/V\.'C/V\.C/e\
515,120,2,le,le,2208,39,Det,Det,le,C/(e)\
516,120,3,message,message,2209,39,N,N,,C/V\.'C/V\.C/(e)\
517,121,1,mult,mult,2230,40,QIs,QIs,moult,C/V\
518,121,2,fu,fu,2231,40,Vfin,Vfin,être,C/V\
519,121,3,granz,granz,2232,40,Adj,Adj,grand,C/V\
520,121,4,desconforz,desconforz,2233,40,N,N,,C/V\.C/V\.'C/V\
521,122,1,a,a,2262,40,Pre,Pre,à,/V\
522,122,2,seissons,seissons,2263,40,N,N,,C/V\.'C/V\
523,122,3,por,por,2264,40,Pre,Pre,pour,C/V\
524,122,4,savoir,savoir,2265,40,Vinf,Vinf,savoir,C/V\.'C/V\
525,123,1,que,que,2266,40,Qux,Qux,que,C/(e)\
526,123,2,il,il,2267,40,Prn,Prn$,il,/V\
527,123,3,porroient,porroient,2268,40,Vfin,Vfin,pouvoir2,C/V\.'C/V\./e\
528,123,4,faire,faire,2269,40,Vinf,Vinf,faire,'C/V\.C/(e)\
529,124,1,de,de,2283,40,Pre,Pre,de,C/(e)\
530,124,2,blois,blois,2284,40,N,N,,C/V\
531,124,3,et,et,2285,40,Crd,Crd,et,/V\
532,124,4,de,de,2286,40,Pre,Pre,de,C/(e)\
533,124,5,chartain,chartain,2287,40,N,N,,C/V\.'C/V\
534,125,1,li,li,2288,40,Det,Det,le,C/V\
535,125,2,cuens,cuens,2289,40,N,N,,C/V\
536,125,3,joffrois,joffrois,2290,40,N,N,,C/V\.'C/V\
537,125,4,del,del,2291,40,Pre+Det,Pre+Det,de.le,C/V\
538,125,5,perche,perche,2292,40,N,N,,'C/V\.C/(e)\
539,126,1,del,del,2291,40,Pre+Det,Pre+Det,de.le,C/V\
540,126,2,perche,perche,2292,40,N,N,,'C/V\.C/(e)\
541,126,3,li,li,2293,40,Det,Det,le,C/V\
542,126,4,cuens,cuens,2294,40,N,N,,C/V\
543,126,5,hues,hues,2295,40,N,N,,'C/V\./e\
544,127,1,et,et,2299,40,Crd,Crd,et,/V\
545,127,2,maint,maint,2300,40,QIs,QIs,maint,C/V\
546,127,3,autre,autre,2301,40,Adj,Adj,autre,'/V\.C/(e)\
547,127,4,preudome,preudome,2302,40,N,N,,C/V\.'C/V\.C/(e)\
548,128,1,joffrois,joffrois,2303,41,N,N,,C/V\.'C/V\
549,128,2,li,li,2304,41,Det,Det,le,C/V\
550,128,3,mareschaus,mareschaus,2305,41,N,N,,C/V\.C/V\.'C/V\
551,129,1,lor,lor,2306,41,Prn,Prn$$,leur,C/V\
552,129,2,mostra,mostra,2307,41,Vfin,Vfin,montrer,C/V\.'C/V\
553,129,3,la,la,2308,41,Det,Det,le,C/V\
554,129,4,parole,parole,2309,41,N,N,,C/V\.'C/V\.C/(e)\
555,130,1,que,que,2313,41,Qux,Qux,que,C/(e)\
556,130,2,il,il,2314,41,Prn,Prn$,il,/V\
557,130,3,avoient,avoient,2315,41,Vfin,Vfin,avoir,/V\.'C/V\./e\
558,130,4,faite,faite,2316,41,Vpp,Vpp,faire,'C/V\.C/(e)\
559,131,1,de,de,2319,41,Pre,Pre,de,C/(e)\
560,131,2,borgoigne,borgoigne,2320,41,N,N,,C/V\.'C/V\.C/(e)\
561,131,3,et,et,2321,41,Crd,Crd,et,/V\
562,131,4,le,le,2322,41,Det,Det,le,C/(e)\
563,131,5,conte,conte,2323,41,N,N,,'C/V\.C/(e)\
564,132,1,se,se,2344,41,Sub,Sub,si3,C/(e)\
565,132,2,vos,vos,2345,41,Prn,Prn$$,vous,C/V\
566,132,3,i,i,2346,41,Prn,Prn$$,y2,/V\
567,132,4,acordez,acordez,2347,41,Vfin,Vfin,,/V\.C/V\.'C/V\
568,133,1,li,li,2348,41,Det,Det,le,C/V\
569,133,2,marchis,marchis,2349,41,N,N,,C/V\.'C/V\
570,133,3,bonifaces,bonifaces,2350,41,N,N,,C/V\.C/V\.'C/V\.C/e\
571,134,1,et,et,2356,41,Crd,Crd,et,/V\
572,134,2,un,un,2357,41,QIs,QIs,un,/V\
573,134,3,des,des,2358,41,Pre+Det,Pre+Det,de.le,C/V\
574,134,4,plus,plus,2359,41,Adv,Adv,plus,C/V\
575,134,5,proisiez,proisiez,2360,41,Vpp,Vpp,priser,C/V\.'C/V\
576,135,1,et,et,2381,41,Crd,Crd,et,/V\
577,135,2,se,se,2382,41,Prn,Prn$$,se,C/(e)\
578,135,3,meist,meist,2383,41,Vfin,Vfin,mettre,C/(V)\.'/V\
579,135,4,el,el,2384,41,Pre+Det,Pre+Det,en.le,/V\
580,135,5,leu,leu,2385,41,N,N,,C/V\
581,136,1,le,le,2386,41,Det,Det,le,C/(e)\
582,136,2,conte,conte,2387,41,N,N,,'C/V\.C/(e)\
583,136,3,de,de,2388,41,Pre,Pre,de,C/(e)\
584,136,4,campaigne,campaigne,2389,41,N,N,,C/V\.'C/V\.C/(e)\
585,137,1,assez,assez,2398,41,Adv,Adv,assez,/V\.'C/V\
586,137,2,tost,tost,2399,41,Adv,Adv,tôt,C/V\
587,137,3,la,la,2400,41,Prn,Prn$$,le,C/V\
588,137,4,prendroit,prendroit,2401,41,Vfin,Vfin,prendre,C/V\.'C/V\
589,138,1,assez,assez,2403,42,Adv,Adv,assez,/V\.'C/V\
590,138,2,i,i,2404,42,Prn,Prn$$,y2,/V\
591,138,3,ot,ot,2405,42,Vfin,Vfin,avoir,/V\
592,138,4,paroles,paroles,2406,42,N,N,,C/V\.'C/V\.C/e\
593,139,1,et,et,2433,42,Crd,Crd,et,/V\
594,139,2,li,li,2434,42,Det,Det,le,C/V\
595,139,3,message,message,2435,42,N,N,,C/V\.'C/V\.C/(e)\
596,139,4,eslit,eslit,2436,42,Vpp,Vpp,élire,/V\.'C/V\
597,140,1,et,et,2437,42,Crd,Crd,et,/V\
598,140,2,fu,fu,2438,42,Vfin,Vfin,être,C/V\
599,140,3,envoiez,envoiez,2439,42,Vpp,Vpp,envoyer,/V\.C/V\.'C/V\
600,140,4,querre,querre,2440,42,Vinf,Vinf,quérir,'C/V\.C/(e)\
601,141,1,que,que,2446,42,Qux,Qux,que,C/(e)\
602,141,2,il,il,2447,42,Prn,Prn$,il,/V\
603,141,3,li,li,2448,42,Prn,Prn$$,li,C/V\
604,141,4,orent,orent,2449,42,Vfin,Vfin,avoir,'/V\.C/e\
605,141,5,mis,mis,2450,42,Vpp,Vpp,mettre,C/V\
606,142,1,et,et,2461,42,Crd,Crd,et,/V\
607,142,2,par,par,2462,42,Pre,Pre,par,C/V\
608,142,3,le,le,2463,42,Det,Det,le,C/(e)\
609,142,4,roi,roi,2464,42,N,N,,C/V\
610,142,5,de,de,2465,42,Pre,Pre,de,C/(e)\
611,142,6,france,france,2466,42,N,N,,'C/V\.C/(e)\
612,143,1,de,de,2465,42,Pre,Pre,de,C/(e)\
613,143,2,france,france,2466,42,N,N,,'C/V\.C/(e)\
614,143,3,cui,cui,2467,42,Qux,Qux,cui,C/V\
615,143,4,cusin,cusin,2468,42,N,N,,C/V\.'C/V\
616,144,1,a,a,2476,43,Pre,Pre,à,/V\
617,144,2,soissons,soissons,2477,43,N,N,,C/V\.'C/V\
618,144,3,qui,qui,2478,43,Qux,Qux,qui,C/V\
619,144,4,nomez,nomez,2479,43,Vpp,Vpp,,C/V\.'C/V\
620,145,1,si,si,2512,43,Adv,Adv,si4,C/V\
621,145,2,fu,fu,2513,43,Vfin,Vfin,être,C/V\
622,145,3,li,li,2514,43,Det,Det,le,C/V\
623,145,4,parlemenz,parlemenz,2515,43,N,N,,C/V\.C/e\.'C/V\
624,146,1,et,et,2536,43,Crd,Crd,et,/V\
625,146,2,li,li,2537,43,Prn,Prn$$,li,C/V\
626,146,3,prient,prient,2538,43,Vfin,Vfin,prier,'C/V\./e\
627,146,4,por,por,2539,43,Pre,Pre,pour,C/V\
628,146,5,dieu,dieu,2540,43,N,N,,C/V\
629,147,1,que,que,2541,43,Sub,Sub,que,C/(e)\
630,147,2,il,il,2542,43,Prn,Prn$,il,/V\
631,147,3,preingne,preingne,2543,43,Vfin,Vfin,prendre,'C/V\.C/(e)\
632,147,4,la,la,2544,43,Det,Det,le,C/V\
633,147,5,croiz,croiz,2545,43,N,N,,C/V\
634,148,1,et,et,2562,43,Crd,Crd,et,/V\
635,148,2,preigne,preigne,2563,43,Vfin,Vfin,prendre,'C/V\.C/(e)\
636,148,3,son,son,2564,43,Det,Det,son4,C/V\
637,148,4,avoir,avoir,2565,43,N,N,avoir2,/V\.'C/V\
638,149,1,ensi,ensi,2590,44,Adv,Adv,ainsi,/V\.'C/V\
639,149,2,fist,fist,2591,44,Vfin,Vfin,faire,C/V\
640,149,3,li,li,2592,44,Det,Det,le,C/V\
641,149,4,marchis,marchis,2593,44,N,N,,C/V\.'C/V\
642,150,1,maintenant,maintenant,2603,44,Adv,Adv,maintenant,C/V\.C/e\.'C/V\
643,150,2,li,li,2604,44,Det,Det,le,C/V\
644,150,3,evesques,evesques,2605,44,N,N,,/V\.'C/V\.C/e\
645,151,1,l,l,2626,44,Prn,Prn$$,le,C/\
646,151,2,enmainent,enmainent,2627,44,Vfin,Vfin,emmener,/V\.'C/V\.C/e\
647,151,3,a,a,2628,44,Pre,Pre,à,/V\
648,151,4,l,l,2629,44,Det,Det,le,C/\
649,151,5,yglise,yglise,2630,44,N,N,,/V\.'C/V\.C/(e)\
650,152,1,por,por,2651,44,Pre,Pre,pour,C/V\
651,152,2,raler,raler,2652,44,Vinf,Vinf,raller,C/V\.'C/V\
652,152,3,en,en,2653,44,Pre,Pre,en,/V\
653,152,4,son,son,2654,44,Det,Det,son4,C/V\
654,152,5,pais,pais,2655,44,N,N,,C/V\
655,153,1,al,al,2681,45,Pre+Det,Pre+Det,à.le,/V\
656,153,2,capitre,capitre,2682,45,N,N,,C/V\.'C/V\.C/(e)\
657,153,3,a,a,2683,45,Pre,Pre,à,/V\
658,153,4,cystials,cystials,2684,45,N,N,,C/V\.'C/V\
659,154,1,i,i,2711,45,Prn,Prn$$,y2,/V\
660,154,2,ala,ala,2712,45,Vfin,Vfin,aller,/V\.'C/V\
661,154,3,por,por,2713,45,Pre,Pre,pour,C/V\
662,154,4,parler,parler,2714,45,Vinf,Vinf,parler,C/V\.'C/V\
663,155,1,et,et,2725,45,Crd,Crd,et,/V\
664,155,2,guillealmes,guillealmes,2726,45,N,N,,C/V\.'C/V\.C/e\
665,155,3,ses,ses,2727,45,Det,Det,son4,C/V\
666,155,4,freres,freres,2728,45,N,N,,'C/V\.C/e\
667,156,1,oedes,oedes,2732,45,N,N,,'/V\.C/e\
668,156,2,ses,ses,2733,45,Det,Det,son4,C/V\
669,156,3,freres,freres,2734,45,N,N,,'C/V\.C/e\
670,156,4,guis,guis,2735,45,N,N,,C/V\
671,157,1,hainmes,hainmes,2738,45,N,N,,'C/V\.C/e\
672,157,2,ses,ses,2739,45,Det,Det,son4,C/V\
673,157,3,freres,freres,2740,45,N,N,,'C/V\.C/e\
674,157,4,guis,guis,2741,45,N,N,,C/V\
675,158,1,et,et,2744,45,Crd,Crd,et,/V\
676,158,2,maintes,maintes,2745,45,QIs,QIs,maint,'C/V\.C/e\
677,158,3,bones,bones,2746,45,Adj,Adj,bon,'C/V\.C/e\
678,158,4,genz,genz,2747,45,N,N,,C/V\
679,159,1,ne,ne,2753,45,Neg,Neg$$,ne,C/(e)\
680,159,2,sont,sont,2754,45,Vfin,Vfin,être,C/V\
681,159,3,mie,mie,2755,45,Neg,Neg,mie3,'C/V\./(e)\
682,159,4,en,en,2756,45,Pre,Pre,en,/V\
683,159,5,escrit,escrit,2757,45,N,N,,/V\.'C/V\
684,160,1,d,d,2763,45,Pre,Pre,de,C/\
685,160,2,ostun,ostun,2764,45,N,N,,/V\.'C/V\
686,160,3,guigues,guigues,2765,45,N,N,,'C/V\.C/e\
687,160,4,li,li,2766,45,Det,Det,le,C/V\
688,160,5,cuens,cuens,2767,45,N,N,,C/V\
689,161,1,le,le,2773,45,Det,Det,le,C/(e)\
690,161,2,pere,pere,2774,45,N,N,,'C/V\.C/(e)\
691,161,3,et,et,2775,45,Crd,Crd,et,/V\
692,161,4,le,le,2776,45,Det,Det,le,C/(e)\
693,161,5,fil,fil,2777,45,N,N,,C/V\
694,161,6,huges,huges,2778,45,N,N,,'C/V\.C/e\
695,162,1,huges,huges,2778,45,N,N,,'C/V\.C/e\
696,162,2,de,de,2779,45,Pre,Pre,de,C/(e)\
697,162,3,colemi,colemi,2780,45,N,N,,C/V\.C/e\.'C/V\
698,163,1,parmi,parmi,2802,46,PrA,PrA,parmi,C/V\.'C/V\
699,163,2,totes,totes,2803,46,QIs,QIs,tout,'C/V\.C/e\
700,163,3,les,les,2804,46,Det,Det,le,C/V\
701,163,4,terres,terres,2805,46,N,N,,'C/V\.C/e\
702,164,1,lor,lor,2813,46,Prn,Prn$$,leur,C/V\
703,164,2,avint,avint,2814,46,Vfin,Vfin,avenir,/V\.'C/V\
704,164,3,el,el,2815,46,Pre+Det,Pre+Det,en.le,/V\
705,164,4,quaresme,quaresme,2816,46,N,N,,C/V\.'C/V\.C/(e)\
706,165,1,ensi,ensi,2870,46,Adv,Adv,ainsi,/V\.'C/V\
707,165,2,fina,fina,2871,46,Vfin,Vfin,finer,C/V\.'C/V\
708,165,3,li,li,2872,46,Det,Det,le,C/V\
709,165,4,cuens,cuens,2873,46,N,N,,C/V\
710,166,1,car,car,2884,46,Crd,Crd,car,C/V\
711,166,2,mult,mult,2885,46,QIs,QIs,moult,C/V\
712,166,3,ere,ere,2886,46,Vfin,Vfin,être,'/V\.C/(e)\
713,166,4,halz,halz,2887,46,Adj,Adj,haut,C/V\
714,166,5,ber,ber,2888,46,N,N,,C/V\
715,167,1,entor,entor,2905,47,PrA,PrA,entour,/V\.'C/V\
716,167,2,la,la,2906,47,Det,Det,le,C/V\
717,167,3,pentecoste,pentecoste,2907,47,N,N,,C/V\.C/e\.'C/V\.C/(e)\
718,168,1,de,de,2928,47,Pre,Pre,de,C/(e)\
719,168,2,lor,lor,2929,47,Det,Det,leur2,C/V\
720,168,3,pais,pais,2930,47,N,N,,C/V\
721,168,4,de,de,2931,47,Pre,Pre,de,C/(e)\
722,168,5,lor,lor,2932,47,Det,Det,leur2,C/V\
723,168,6,genz,genz,2933,47,N,N,,C/V\
724,169,1,u,u,2985,48,Qux,Qux,où,/V\
725,169,2,ot,ot,2986,48,Vfin,Vfin,avoir,/V\
726,169,3,mult,mult,2987,48,QIs,QIs,moult,C/V\
727,169,4,grant,grant,2988,48,Adj,Adj,grand,C/V\
728,169,5,plente,plenté,2989,48,N,N,,C/V\.'C/V\
729,170,1,de,de,2990,48,Pre,Pre,de,C/(e)\
730,170,2,bone,bone,2991,48,Adj,Adj,bon,'C/V\.C/(e)\
731,170,3,gent,gent,2992,48,N,N,,C/V\
732,170,4,armee,armee,2993,48,Vpp,Vpp,armer,/V\.'C/V\./(e)\
733,171,1,de,de,3014,48,Pre,Pre,de,C/(e)\
734,171,2,flandres,flandres,3015,48,N,N,,'C/V\.C/e\
735,171,3,et,et,3016,48,Crd,Crd,et,/V\
736,171,4,nicholes,nicholes,3017,48,N,N,,C/V\.'C/V\.C/e\
737,172,1,et,et,3026,48,Crd,Crd,et,/V\
738,172,2,jurerent,jurerent,3027,48,Vfin,Vfin,jurer,C/V\.'C/V\.C/e\
739,172,3,sor,sor,3028,48,PrA,PrA,sur,C/V\
740,172,4,sains,sains,3029,48,Adj,Adj,saint,C/V\
741,173,1,de,de,3043,48,Pre,Pre,de,C/(e)\
742,173,2,venise,venise,3044,48,N,N,,C/V\.'C/V\.C/(e)\
743,173,3,et,et,3045,48,Crd,Crd,et,/V\
744,173,4,a,a,3046,48,Pre,Pre,à,/V\
745,173,5,lui,lui,3047,48,Prn,Prn,lui,C/V\
746,174,1,que,que,3051,48,Sub,Sub,que,C/(e)\
747,174,2,il,il,3052,48,Prn,Prn$,il,/V\
748,174,3,oroient,oroient,3053,48,Vfin,Vfin,ouïr,/V\.'C/V\./e\
749,174,4,dire,dire,3054,48,Vinf,Vinf,dire,'C/V\.C/(e)\
750,175,1,de,de,3074,48,Pre,Pre,de,C/(e)\
751,175,2,dras,dras,3075,48,N,N,,C/V\
752,175,3,et,et,3076,48,Crd,Crd,et,/V\
753,175,4,de,de,3077,48,Pre,Pre,de,C/(e)\
754,175,5,viandes,viandes,3078,48,N,N,,C/V\.'C/V\.C/e\
