wd_id,line_id,linewd,word,lex_id,tag,old_wd_id,chapter_id,NCA_lemma,NCA_src,syntag,syntag2,lemma,NCA_line,synfunc,NCA_taggerpos,syllabified
1,1,1,que,que,PROCON,61,5,que2|que3|que,T|S|C,Sub,Sub,que,151,,PROCON,C/(e)\
2,1,2,son,son,DET:poss:suj:masc:sg,62,5,son4|son,S|C,Det,Det,son4,151,,DET:poss,C/V\
3,1,3,chief,chief,NOM:suj:masc:sg,63,5,chief1|chief2,+IT|+T,N,N,,151,,NOM,C/V\
4,1,4,.,.,PON,64,5,.,,Pnc,Pnc,,151,,PON,
5,1,5,et,et,CON:coord,65,5,et,ST,Crd,Crd,et,152,,CON:coord,/V\
6,1,6,quant,quant,ADV,66,5,cant,CI,Qux,Qux,,152,,ADV,C/V\
7,1,7,ele,ele,PRO:pers:suj:3:femi:sg,67,5,ele|il,C|IST,Prn,Prn$,3p,152,s,PRO:pers,'/V\.C/(e)\
8,1,8,aloit,aloit,VER:impf:3:sg,68,5,aler,+IM,Vfin,Vfin,aller,152,,VER,/V\.'C/V\
9,2,1,pres,pres,ADV,74,5,près,IId,PrA,PrA,près,152,,ADV,C/V\
10,2,2,de,de,PRE,75,5,de,+CIST,Pre,Pre,de,152,,PRE,C/(e)\
11,2,3,terre,terre,NOM:obj:femi:sg,76,5,terre,+CIT,N,N,,152,,NOM,'C/V\.C/(e)\
12,2,4,pie,pié,NOM:obj:masc:sg,77,5,pie,+T,N,N,,152,,NOM,C/V\
13,2,5,et,et,CON:coord,78,5,et,ST,Crd,Crd,et,152,,CON:coord,/V\
14,2,6,demi,demi,ADJ:obj:masc:sg,79,5,demi2|demi,+T|CI,Adj,Adj,demi,152,,ADJ,C/V\.'C/V\
15,3,1,de,de,PRE,91,5,de,+CIST,Pre,Pre,de,152,,PRE,C/(e)\
16,3,2,pie,pié,NOM:obj:masc:sg,92,5,pie,+T,N,N,,152,,NOM,C/V\
17,3,3,et,et,CON:coord,93,5,et,ST,Crd,Crd,et,152,,CON:coord,/V\
18,3,4,demi,demi,ADJ:obj:masc:sg,94,5,demi2|demi,+T|CI,Adj,Adj,demi,152,,ADJ,C/V\.'C/V\
19,3,5,de,de,PRE,95,5,de,+CIST,Pre,Pre,de,152,,PRE,C/(e)\
20,3,6,longueur,longueur,NOM:obj:femi:sg,96,5,longor,+Z,N,N,,152,,NOM,C/V\.'C/V\
21,4,1,par,par,PRE,109,5,par,CIS,Pre,Pre,par1,153,,PRE,C/V\
22,4,2,terre,terre,NOM:obj:femi:sg,110,5,terre,+CIT,N,N,,153,,NOM,'C/V\.C/(e)\
23,4,3,et,et,CON:coord,111,5,et,ST,Crd,Crd,et,153,,CON:coord,/V\
24,4,4,non,non,ADV,112,5,ne1,+Z,Neg,Neg,non,153,,ADV,C/V\
25,4,5,mie,mie,ADV,113,5,mie,C,Neg,Neg,mie3,153,,ADV,'C/V\./(e)\
26,4,6,as,as,PREDET:a:obj:masc:pl,114,5,a+le|le,S|C,Pre+Det,Pre+Det,à+le,153,,PREDET:a,/V\
27,4,7,jenouz,jenouz,NOM:obj:masc:pl,115,5,UNKNOWN,,N,N,,153,,NOM,C/V\.'C/V\
28,5,1,la,la,PRO:pers:acc:3:femi:sg,128,5,ele|il,C|IST,Prn,Prn$$,3p,153,c,PRO:pers,C/V\
29,5,2,veoient,veoient,VER:impf:3:pl,129,5,vëoir,+I,Vfin,Vfin,voir1,153,,VER,C/(V)\.'/V\./e\
30,5,3,",",",",PON,130,5,",",,Pnc,Pnc,,153,,PON,
31,5,4,il,il,PRO:pers:suj:3:masc:pl,131,5,il,CIST,Prn,Prn$,3p,153,s,PRO:pers,/V\
32,5,5,s,s,PROCON,132,5,se,C,Prn,Prn$$,soi,153,,PROCON,C/\
33,5,6,enfuioient,enfuioient,VER:impf:3:pl,133,5,fuir,+Z,Vfin,Vfin,enfuir,153,,VER,/V\.C/V\.'C/V\./e\
34,6,1,le,le,DET:def:obj:masc:sg,140,5,le,CST,Det,Det,le,154,,DET:def,C/(e)\
35,6,2,ciel,ciel,NOM:obj:masc:sg,141,5,ciel,+IT,N,N,,154,,NOM,C/V\
36,6,3,ou,ou,PROCON,142,5,o|où,C|Td,Crd,Crd,ou1,154,,PROCON,/V\
37,6,4,aucune,aucune,DET:ind:obj:femi:sg,143,5,aucun,CS,QIs,QIs,aucun,154,,DET:ind,/V\.'C/V\.C/(e)\
38,6,5,persone,persone,NOM:obj:femi:sg,144,5,persone,+CT,N,N,,154,,NOM,C/V\.'C/V\.C/(e)\
39,7,1,pour,pour,PRE,157,5,por2|por,+ST|C,Pre,Pre,pour,154,,PRE,C/V\
40,7,2,ce,ce,PRO:invar,158,5,ce1|ce,S|C,Prn,Prn,ce1,154,,PRO:invar,C/(e)\
41,7,3,que,que,PROCON,159,5,que2|que3|que,T|S|C,Qux,Qux,que,154,,PROCON,C/(e)\
42,7,4,ele,ele,PRO:pers:suj:3:femi:sg,160,5,ele|il,C|IST,Prn,Prn$,3p,154,s,PRO:pers,'/V\.C/(e)\
43,7,5,peust,peust,VER:subi:3:sg,161,5,paistre|pöoir,+MMd|+Id,Vfin,Vfin,pouvoir2,154,,VER,C/(V)\.'/V\
44,7,6,veoir,veoir,VER:infi,162,5,vëoir,+IIdTd,Vinf,Vinf,voir1,154,,VER,C/(V)\.'/V\
45,8,1,vint,vint,VER:simp:3:sg,227,5,venir|voir,+CI|M,Vfin,Vfin,venir,156,,VER,C/V\
46,8,2,ensement,ensement,ADV,228,5,ensement,+IT,Adv,Adv,ensement,156,,ADV,/V\.C/e\.'C/V\
47,8,3,au,au,PREDET:a:obj:masc:sg,229,5,a+le|le,S|C,Pre+Det,Pre+Det,à+le,156,,PREDET:a,/V\
48,8,4,dit,dit,VER:pper:masc:sg,230,5,dire,+CMI,Vpp,Vpp,dire,156,,VER,C/V\
49,8,5,tombel,tombel,NOM:obj:masc:sg,231,5,tombel,+T,N,N,,156,,NOM,C/V\.'C/V\
50,9,1,vousist,vousist,VER:subi:3:sg,247,5,voloir,+I,Vfin,Vfin,vouloir,157,,VER,C/V\.'C/V\
51,9,2,venir,venir,VER:infi,248,5,venir,+IT,Vinf,Vinf,venir,157,,VER,C/V\.'C/V\
52,9,3,au,au,PREDET:a:obj:masc:sg,249,5,a+le|le,S|C,Pre+Det,Pre+Det,à+le,157,,PREDET:a,/V\
53,9,4,dit,dit,VER:pper:masc:sg,250,5,dire,+CMI,Vpp,Vpp,dire,157,,VER,C/V\
54,9,5,tombel,tombel,NOM:obj:masc:sg,251,5,tombel,+T,N,N,,157,,NOM,C/V\.'C/V\
55,10,1,ala,ala,VER:simp:3:sg,256,5,aler,+CIM,Vfin,Vfin,aller,157,,VER,/V\.'C/V\
56,10,2,a,a,PRE,257,5,a3|a,+T|CGIS,Pre,Pre,à,157,,PRE,/V\
57,10,3,la,la,DET:def:obj:femi:sg,258,5,le,CST,Det,Det,le,157,,DET:def,C/V\
58,10,4,meson,meson,NOM:obj:femi:sg,259,5,maison,+C,N,N,,157,,NOM,C/V\.'C/V\
59,10,5,thoumas,thoumas,NPR:obj:masc:sg,260,5,thomas,Z,N,N,,157,,NPR,C/V\.'C/V\
60,11,1,mon,mon,DET:poss:suj:masc:sg,350,5,mon1|mon,S|C,Det,Det,mon1,159,,DET:poss,C/V\
61,11,2,seigneur,seigneur,NOM:suj:masc:sg,351,5,seignor,+CI,N,N,,159,,NOM,C/V\.'C/V\
62,11,3,saint,saint,ADJ:suj:masc:sg,352,5,saint1|saint,T|CI,N,N,,159,,ADJ,C/V\
63,11,4,loys,loys,NPR:suj:masc:sg,353,5,louis,Z,N,N,,159,,NPR,C/V\
64,11,5,",",",",PON,354,5,",",,Pnc,Pnc,,159,,PON,
65,11,6,ayde,ayde,VER:impe:2:sg,355,5,aie,C,Vfin,Vfin,aider,159,,NOM,'/V\.C/(e)\
66,11,7,moi,moi,PRO:pers:obj:1:sg:bet,356,5,je|moi,S|CT,Prn,Prn,1ps,159,c,PRO:pers,C/V\
67,12,1,ayde,ayde,VER:impe:2:sg,355,5,aie,C,Vfin,Vfin,aider,159,,NOM,'/V\.C/(e)\
68,12,2,moi,moi,PRO:pers:obj:1:sg:bet,356,5,je|moi,S|CT,Prn,Prn,1ps,159,c,PRO:pers,C/V\
69,12,3,et,et,CON:coord,357,5,et,ST,Crd,Crd,et,159,,CON:coord,/V\
70,12,4,me,me,PRO:pers:obj:1:sg:unb,358,5,je|moi,IS|T,Prn,Prn$$,1ps,159,,PRO:pers,C/(e)\
71,12,5,rent,rent,VER:impe:2:sg,359,5,rendre,+IM,Vfin,Vfin,rendre,159,,VER,C/V\
72,12,6,sante,santé,NOM:obj:femi:sg,360,5,sente2,+I,N,N,,159,c,NOM,C/V\.'C/V\
73,13,1,a,a,PRE,396,5,a3|a,+T|CGIS,Pre,Pre,à,160,,PRE,/V\
74,13,2,un,un,DET:ndf:obj:masc:sg,397,5,un,CS,QIs,QIs,un,160,,DET:ndf,/V\
75,13,3,tabernacle,tabernacle,NOM:obj:masc:sg,398,5,tabernacle,+T,N,N,,160,,NOM,C/V\.C/e\.'C/V\.C/(e)\
76,13,4,de,de,PRE,399,5,de,+CIST,Pre,Pre,de,160,,PRE,C/(e)\
77,13,5,fust,fust,NOM:obj:masc:sg,400,5,estre1|fuster,+I|+M,N,N,,160,,VER,C/V\
78,14,1,la,la,DET:def:suj:femi:sg,467,5,ele|il,C|IST,Det,Det,le,162,,PRO:pers,C/V\
79,14,2,dite,dite,VER:pper:femi:sg,468,5,dire,+CIM,Vpp,Vpp,dire,162,,VER,'C/V\.C/(e)\
80,14,3,amelot,amelot,NPR:suj:femi:sg,469,5,amelot,Z,N,N,,162,,NPR,/V\.C/e\.'C/V\
81,14,4,ala,ala,VER:simp:3:sg,470,5,aler,+CIM,Vfin,Vfin,aller,162,,VER,/V\.'C/V\
82,14,5,droite,droite,ADJ:suj:femi:sg,471,5,droit2|droit,C|I,Adj,Adj,droit2,162,,ADJ,'C/V\.C/(e)\
83,15,1,seur,seur,PRE,472,5,sor2|sor,+ST|C,PrA,PrA,sur,162,,PRE,C/V\
84,15,2,ses,ses,DET:poss:obj:masc:pl,473,5,son4|son,S|C,Det,Det,son4,162,,DET:poss,C/V\
85,15,3,piez,piez,NOM:obj:masc:pl,474,5,pie|pié,+C|+I,N,N,,162,,NOM,C/V\
86,15,4,par,par,PRE,475,5,par,CIS,Pre,Pre,par1,162,,PRE,C/V\
87,15,5,soi,soi,PRO:pers:obj:3:masc:sg:bet,476,5,soi1|soi,S|C,Prn,Prn,soi,162,,PRO:pers,C/V\
88,15,6,par,par,PRE,477,5,par,CIS,Pre,Pre,par1,162,,PRE,C/V\
89,15,7,l,l',DET:def:obj:femi:sg,478,5,le,CS,Det,Det,le,162,,DET:def,C/\
90,15,8,eglise,eglise,NOM:obj:femi:sg,479,5,eglise,+CIT,N,N,,162,,NOM,/V\.'C/V\.C/(e)\
91,16,1,corurent,corurent,VER:simp:3:pl,490,5,corir|corre|courir|cure,+M|M|M|M,Vfin,Vfin,courir,163,,VER,C/V\.'C/V\.C/e\
92,16,2,veoir,veoir,VER:infi,491,5,vëoir,+IIdTd,Vinf,Vinf,voir1,163,,VER,C/(V)\.'/V\
93,16,3,cel,cel,DET:demo:obj:masc:sg,492,5,cel,CS,Dem,Dem,cil,163,,DET:demo,C/V\
94,16,4,miracle,miracle,NOM:obj:masc:sg,493,5,miracle,+IT,N,N,,163,,NOM,C/V\.'C/V\.C/(e)\
95,17,1,et,et,CON:coord,574,5,et,ST,Crd,Crd,et,164,,CON:coord,/V\
96,17,2,portoit,portoit,VER:impf:3:sg,575,5,porter,+MI,Vfin,Vfin,porter,164,,VER,C/V\.'C/V\
97,17,3,souvent,souvent,ADV,576,5,sovent,*IT,Adv,Adv,souvent,164,,ADV,C/V\.'C/V\
98,17,4,un,un,DET:ndf:obj:masc:sg,577,5,un,CS,QIs,QIs,un,164,,DET:ndf,/V\
99,17,5,seel,seel,NOM:obj:masc:sg,578,5,sëel1|sëel2,+Td|+Td,N,N,,164,,NOM,C/(V)\.'/V\
100,18,1,d,d',PRE,580,5,de,+CS,Pre,Pre,de,164,,PRE,C/\
101,18,2,iaue,iaue,NOM:obj:femi:sg,581,5,aigue,+CIT,N,N,,164,,NOM,'/V\./(e)\
102,18,3,sus,sus,ADV,582,5,sus,I,PrA,PrA,sus,164,,ADV,C/V\
103,18,4,son,son,DET:poss:obj:masc:sg,583,5,son4|son,S|C,Det,Det,son4,164,,DET:poss,C/V\
104,18,5,chief,chief,NOM:obj:masc:sg,584,5,chief1|chief2,+IT|+T,N,N,,164,,NOM,C/V\
105,18,6,et,et,CON:coord,585,5,et,ST,Crd,Crd,et,164,,CON:coord,/V\
106,18,7,les,les,DET:def:obj:masc:pl,586,5,le,CST,Det,Det,le,164,,DET:def,C/V\
107,18,8,dras,dras,NOM:obj:masc:pl,587,5,drap,+I,N,N,,164,,NOM,C/V\
108,19,1,hommes,hommes,NOM:suj:masc:pl,630,5,ome,+C,N,N,,165,,NOM,'/V\.C/e\
109,19,2,et,et,CON:coord,631,5,et,ST,Crd,Crd,et,165,,CON:coord,/V\
110,19,3,femmes,femmes,NOM:suj:femi:pl,632,5,feme,+CI,N,N,,165,,NOM,'C/V\.C/e\
111,19,4,",",",",PON,633,5,",",,Pnc,Pnc,,165,,PON,
112,19,5,clers,clers,NOM:suj:masc:pl,634,5,clerc,+CI,N,N,,165,,NOM,C/V\
113,19,6,et,et,CON:coord,635,5,et,ST,Crd,Crd,et,165,,CON:coord,/V\
114,19,7,lais,lais,NOM:suj:masc:pl,636,5,lai1|lais|laz1,+I|+CT|+T,N,N,,165,,NOM,C/V\
115,20,1,et,et,CON:coord,631,5,et,ST,Crd,Crd,et,165,,CON:coord,/V\
116,20,2,femmes,femmes,NOM:suj:femi:pl,632,5,feme,+CI,N,N,,165,,NOM,'C/V\.C/e\
117,20,3,",",",",PON,633,5,",",,Pnc,Pnc,,165,,PON,
118,20,4,clers,clers,NOM:suj:masc:pl,634,5,clerc,+CI,N,N,,165,,NOM,C/V\
119,20,5,et,et,CON:coord,635,5,et,ST,Crd,Crd,et,165,,CON:coord,/V\
120,20,6,lais,lais,NOM:suj:masc:pl,636,5,lai1|lais|laz1,+I|+CT|+T,N,N,,165,,NOM,C/V\
121,20,7,et,et,CON:coord,637,5,et,ST,Crd,Crd,et,165,,CON:coord,/V\
122,20,8,moines,moines,NOM:suj:masc:pl,638,5,moine1|moine2,*+T|+T,N,N,,165,,NOM,'C/V\.C/e\
123,21,1,de,de,PRE,672,6,de,+CIST,Pre,Pre,de,166,,PRE,C/(e)\
124,21,2,grollei,grollei,NPR:obj:masc:sg,673,6,UNKNOWN,,N,N,,166,,NPR,C/V\.'C/V\
125,21,3,fu,fu,VER:simp:3:sg,674,6,estre1|estre,+I|CMI,Vfin,Vfin,être1|ester,166,,VER,C/V\
126,21,4,nee,nee,VER:pper:femi:sg,675,6,naistre|nasquir|nier,+IM|M|M,Vpp,Vpp,naître,166,,VER,'C/V\./(e)\
127,21,5,une,une,DET:ndf:suj:femi:sg,676,6,un,CS,QIs,QIs,un,166,,DET:ndf,'/V\.C/(e)\
128,21,6,fille,fille,NOM:suj:femi:sg,677,6,fille,+CIT,N,N,,166,,NOM,'C/V\.C/(e)\
129,22,1,nostre,nostre,DET:poss:suj:femi:sg,691,6,nostre,CS,Det,Det,notre,167,,DET:poss,'C/V\.C/(e)\
130,22,2,pucelete,pucelete,NOM:suj:femi:sg,692,6,pucelete,+IT,N,N,,167,,NOM,C/V\.C/e\.'C/V\.C/(e)\
131,22,3,ot,ot,VER:simp:3:sg,693,6,avoir|öir,+IM|+I,Vfin,Vfin,avoir1|ouïr,167,,VER,/V\
132,22,4,dis,dis,ADJ:card,694,6,dis1|dis,T|CI,QIs,QIs,10,167,,ADJ:card,C/V\
133,22,5,anz,anz,NOM:obj:masc:pl,695,6,an,+CI,N,N,,167,,NOM,/V\
134,23,1,en,en,PRE,696,6,en1|en,+IST|CI,Pre,Pre,en1,167,,PRE,/V\
135,23,2,l,l',DET:def:obj:masc:sg,697,6,le,CS,Det,Det,le,167,,DET:def,C/\
136,23,3,an,an,NOM:obj:masc:sg,698,6,an,+CIT,N,N,,167,,NOM,/V\
137,23,4,nostre,nostre,DET:poss:obj:masc:sg,699,6,nostre,CS,Det,Det,notre,167,,DET:poss,'C/V\.C/(e)\
138,23,5,seigneur,seigneur,NOM:obj:masc:sg,700,6,seignor,+CI,N,N,,167,,NOM,C/V\.'C/V\
139,23,6,mil,mil,ADJ:card,701,6,mil1|mil,T|CI,QIs,QIs,1000,167,,ADJ:card,C/V\
140,23,7,deus,deus,ADJ:card,702,6,deus,CIT,QIs,QIs,2,167,,ADJ:card,C/V\
141,24,1,nostre,nostre,DET:poss:obj:masc:sg,699,6,nostre,CS,Det,Det,notre,167,,DET:poss,'C/V\.C/(e)\
142,24,2,seigneur,seigneur,NOM:obj:masc:sg,700,6,seignor,+CI,N,N,,167,,NOM,C/V\.'C/V\
143,24,3,mil,mil,ADJ:card,701,6,mil1|mil,T|CI,QIs,QIs,1000,167,,ADJ:card,C/V\
144,24,4,deus,deus,ADJ:card,702,6,deus,CIT,QIs,QIs,2,167,,ADJ:card,C/V\
145,24,5,cens,cens,ADJ:card,703,6,cent,C,QIs,QIs,100,167,,ADJ:card,C/V\
146,24,6,quatre,quatre,ADJ:card,704,6,catre,CIT,QIs,QIs,4,167,,ADJ:card,'C/V\.C/(e)\
147,25,1,mil,mil,ADJ:card,701,6,mil1|mil,T|CI,QIs,QIs,1000,167,,ADJ:card,C/V\
148,25,2,deus,deus,ADJ:card,702,6,deus,CIT,QIs,QIs,2,167,,ADJ:card,C/V\
149,25,3,cens,cens,ADJ:card,703,6,cent,C,QIs,QIs,100,167,,ADJ:card,C/V\
150,25,4,quatre,quatre,ADJ:card,704,6,catre,CIT,QIs,QIs,4,167,,ADJ:card,'C/V\.C/(e)\
151,25,5,vinz,vinz,ADJ:card,705,6,vint,C,QIs,QIs,20,167,,ADJ:card,C/V\
152,25,6,et,et,CON:coord,706,6,et,ST,Crd,Crd,et,167,,CON:coord,/V\
153,25,7,.i.,.i.,ADJ:card,707,6,deus|ii,*I|C,QIs,QIs,1,167,,ADJ:card,/V\
154,26,1,aparut,aparut,VER:simp:3:sg,730,6,aparoir|paroir,+I|+M,Vfin,Vfin,aparoir|apparaître,167,,VER,/V\.C/V\.'C/V\
155,26,2,une,une,DET:ndf:suj:femi:sg,731,6,un,CS,QIs,QIs,un,167,,DET:ndf,'/V\.C/(e)\
156,26,3,tache,tache,NOM:suj:femi:sg,732,6,tache|tacre,+IT|+T,N,N,,167,,NOM,'C/V\.C/(e)\
157,26,4,rouge,rouge,ADJ:suj:femi:sg,733,6,roge,+T,Adj,Adj,,167,,ADJ,'C/V\.C/(e)\
158,27,1,crut,crut,VER:simp:3:sg,752,6,croire|croistre,+IM|+MI,Vfin,Vfin,croire|croître,168,,VER,C/V\
159,27,2,petit,petit,ADV,753,6,petit,+CIT,Adv,Adv,petit,168,,ADJ,C/V\.'C/V\
160,27,3,et,et,CON:coord,754,6,et,ST,Crd,Crd,et,168,,CON:coord,/V\
161,27,4,petit,petit,ADV,755,6,petit,+CIT,Adv,Adv,petit,168,,ADJ,C/V\.'C/V\
162,27,5,",",",",PON,756,6,",",,Pnc,Pnc,,168,,PON,
163,27,6,un,un,DET:ndf:obj:masc:sg,757,6,un,CS,QIs,QIs,un,168,,DET:ndf,/V\
164,27,7,jour,jour,NOM:obj:masc:sg,758,6,jor,+C,N,N,,168,,NOM,C/V\
165,28,1,que,que,PROCON,800,6,que2|que3|que,T|S|C,Sub,Sub,que,169,,PROCON,C/(e)\
166,28,2,du,du,PREDET:de:obj:masc:sg,801,6,de+le|le,S|C,Pre+Det,Pre+Det,de+le,169,,PREDET:de,C/V\
167,28,3,travers,travers,NOM:obj:masc:sg,802,6,travers,Z,N,N,,169,,NOM,C/V\.'C/V\
168,28,4,de,de,PRE,803,6,de,+CIST,Pre,Pre,de,169,,PRE,C/(e)\
169,28,5,celui,celui,DET:demo:obj:masc:sg,804,6,cel,CS,Dem,Dem,cil,169,,DET:demo,C/V\.'C/V\
170,28,6,oil,oil,NOM:obj:masc:sg,805,6,ueil,+IT,N,N,,169,,NOM,/V\
171,29,1,et,et,CON:coord,815,6,et,ST,Crd,Crd,et,169,,CON:coord,/V\
172,29,2,fust,fust,VER:subi:3:sg,816,6,estre1|fuster,+I|+M,Vfin,Vfin,être1|ester,169,,VER,C/V\
173,29,3,souslevee,souslevee,VER:pper:femi:sg,817,6,soslever,*+IT,Vpp,Vpp,soulever,169,,VER,C/V\.C/V\.'C/V\./(e)\
174,29,4,de,de,PRE,818,6,de,+CIST,Pre,Pre,de,169,,PRE,C/(e)\
175,29,5,l,l',DET:def:obj:masc:sg,819,6,le,CS,Det,Det,le,169,,DET:def,C/\
176,29,6,ueil,ueil,NOM:obj:masc:sg,820,6,euel|ueil,+T|+IT,N,N,,169,,NOM,/V\
177,30,1,de,de,PRE,826,6,de,+CIST,Pre,Pre,de,170,,PRE,C/(e)\
178,30,2,char,char,NOM:obj:femi:sg,827,6,char1|char2,+IT|+IT,N,N,,170,,NOM,C/V\
179,30,3,rouge,rouge,ADJ:suj:femi:sg,828,6,roge,+T,Adj,Adj,,170,,ADJ,'C/V\.C/(e)\
180,30,4,et,et,CON:coord,829,6,et,ST,Crd,Crd,et,170,,CON:coord,/V\
181,30,5,mole,mole,ADJ:suj:femi:sg,830,6,mol,I,Adj,Adj,,170,,ADJ,'C/V\.C/(e)\
182,30,6,a,a,PRE,831,6,a3|a,+T|CGIS,Pre,Pre,à,170,,PRE,/V\
183,30,7,maniere,maniere,NOM:obj:femi:sg,832,6,maniere,+CIT,N,N,,170,,NOM,C/V\.'C/V\.C/(e)\
184,31,1,et,et,CON:coord,829,6,et,ST,Crd,Crd,et,170,,CON:coord,/V\
185,31,2,mole,mole,ADJ:suj:femi:sg,830,6,mol,I,Adj,Adj,,170,,ADJ,'C/V\.C/(e)\
186,31,3,a,a,PRE,831,6,a3|a,+T|CGIS,Pre,Pre,à,170,,PRE,/V\
187,31,4,maniere,maniere,NOM:obj:femi:sg,832,6,maniere,+CIT,N,N,,170,,NOM,C/V\.'C/V\.C/(e)\
188,31,5,de,de,PRE,833,6,de,+CIST,Pre,Pre,de,170,,PRE,C/(e)\
189,31,6,char,char,NOM:obj:femi:sg,834,6,char1|char2,+IT|+IT,N,N,,170,,NOM,C/V\
190,32,1,leur,leur,PRO:pers:dat:3:pl,902,6,il|lor2,CT|S,Prn,Prn$$,3p,172,,PRO:pers,C/V\
191,32,2,distrent,distrent,VER:simp:3:pl,903,6,dire,+IM,Vfin,Vfin,dire,172,,VER,'C/V\.C/e\
192,32,3,que,que,PROCON,904,6,que2|que3|que,T|S|C,Sub,Sub,que,172,,PROCON,C/(e)\
193,32,4,se,se,PROCON,905,6,se,C,Sub,Sub,si3,172,,PROCON,C/(e)\
194,32,5,cele,cele,DET:demo:suj:femi:sg,906,6,cel,CS,Dem,Dem,cil,172,,DET:demo,'C/V\.C/(e)\
195,32,6,piece,piece,NOM:suj:femi:sg,907,6,piece,+CIT,N,N,,172,,NOM,'C/V\.C/(e)\
196,33,1,et,et,CON:coord,951,6,et,ST,Crd,Crd,et,173,,CON:coord,/V\
197,33,2,crut,crut,VER:simp:3:sg,952,6,croire|croistre,+IM|+MI,Vfin,Vfin,croire|croître,173,,VER,C/V\
198,33,3,plus,plus,ADV,953,6,plus,CI,Adv,Adv,plus,173,,ADV,C/V\
199,33,4,fort,fort,ADJ:obj:masc:sg,954,6,fort,+IT,Adj,Adj,fort,173,,ADJ,C/V\
200,33,5,la,la,DET:def:suj:femi:sg,955,6,le,CST,Det,Det,le,173,,DET:def,C/V\
201,33,6,maladie,maladie,NOM:suj:femi:sg,956,6,maladie,+T,N,N,,173,,NOM,C/V\.C/V\.'C/V\./(e)\
202,34,1,ele,ele,PRO:pers:suj:3:femi:sg,1085,6,ele|il,C|IST,Prn,Prn$,3p,176,s,PRO:pers,'/V\.C/(e)\
203,34,2,voua,voua,VER:simp:3:sg,1086,6,aler,+M,Vfin,Vfin,vouer,176,,VER,C/V\.'C/V\
204,34,3,et,et,CON:coord,1087,6,et,ST,Crd,Crd,et,176,,CON:coord,/V\
205,34,4,dist,dist,VER:simp:3:sg,1088,6,dire,+CMI,Vfin,Vfin,dire,176,,VER,C/V\
206,34,5,einsi,einsi,ADV,1089,6,ainsi,+I,Adv,Adv,ainsi,176,,ADV,/V\.'C/V\
207,35,1,je,je,PRO:pers:suj:1:sg:unb,1128,6,je,CIST,Prn,Prn$,1ps,176,s,PRO:pers,C/(e)\
208,35,2,ne,ne,PRO:clit,1129,6,en2|ne,S|C,Neg,Neg$$,ne1,176,,PRO:clit,C/(e)\
209,35,3,vestirai,vestirai,VER:futu:1:sg,1130,6,vestir,+M,Vfin,Vfin,vêtir,176,,VER,C/V\.C/V\.'C/V\
210,35,4,de,de,PRE,1131,6,de,+CIST,Pre,Pre,de,176,,PRE,C/(e)\
211,35,5,chemise,chemise,NOM:obj:femi:sg,1132,6,chemise,+IT,N,N,,176,,NOM,C/V\.'C/V\.C/(e)\
212,36,1,jusques,jusques,ADV,1168,6,jusque,Z,PrA,PrA,jusque,178,,ADV,'C/V\.C/e\
213,36,2,a,a,PRE,1169,6,a3|a,+T|CGIS,Pre,Pre,à,178,,PRE,/V\
214,36,3,l,l',DET:def:obj:femi:sg,1170,6,le,CS,Det,Det,le,178,,DET:def,C/\
215,36,4,inquisicion,inquisicion,NOM:obj:femi:sg,1171,6,inquisicïon,+Td,N,N,,178,,NOM,/V\.C/V\.C/V\.C/{V}\.'/V\
216,37,1,venoit,venoit,VER:impf:3:sg,1196,6,venir,+I,Vfin,Vfin,venir,179,,VER,C/V\.'C/V\
217,37,2,au,au,PREDET:a:obj:masc:sg,1197,6,a+le|le,S|C,Pre+Det,Pre+Det,à+le,179,,PREDET:a,/V\
218,37,3,tombel,tombel,NOM:obj:masc:sg,1198,6,tombel,+T,N,N,,179,,NOM,C/V\.'C/V\
219,37,4,et,et,CON:coord,1199,6,et,ST,Crd,Crd,et,179,,CON:coord,/V\
220,37,5,aloit,aloit,VER:impf:3:sg,1200,6,aler,+IM,Vfin,Vfin,aller,179,,VER,/V\.'C/V\
221,38,1,ele,ele,PRO:pers:suj:3:femi:sg,1236,6,ele|il,C|IST,Prn,Prn$,3p,179,s,PRO:pers,'/V\.C/(e)\
222,38,2,seroit,seroit,VER:cond:3:sg,1237,6,estre1|estre,+I|CMI,Vfin,Vfin,être1|ester,179,,VER,C/V\.'C/V\
223,38,3,sa,sa,DET:poss:suj:femi:sg,1238,6,son4|son,S|C,Det,Det,son4,179,,DET:poss,C/V\
224,38,4,pelerine,pelerine,NOM:suj:femi:sg,1239,6,UNKNOWN,,N,N,,179,,NOM,C/V\.C/e\.'C/V\.C/(e)\
225,39,1,ele,ele,PRO:pers:suj:3:femi:sg,1244,6,ele|il,C|IST,Prn,Prn$,3p,179,s,PRO:pers,'/V\.C/(e)\
226,39,2,offerroit,offerroit,VER:cond:3:sg,1245,6,ofrir,*+M,Vfin,Vfin,offrir,179,,VER,/V\.C/e\.'C/V\
227,39,3,une,une,DET:ndf:obj:femi:sg,1246,6,un,CS,QIs,QIs,un,179,,DET:ndf,'/V\.C/(e)\
228,39,4,chandele,chandele,NOM:obj:femi:sg,1247,6,chandoile,+T,N,N,,179,,NOM,C/V\.'C/V\.C/(e)\
229,40,1,de,de,PRE,1248,6,de,+CIST,Pre,Pre,de,179,,PRE,C/(e)\
230,40,2,la,la,DET:def:obj:femi:sg,1249,6,le,CST,Det,Det,le,179,,DET:def,C/V\
231,40,3,longueur,longueur,NOM:obj:femi:sg,1250,6,longor,+Z,N,N,,179,,NOM,C/V\.'C/V\
232,40,4,de,de,PRE,1251,6,de,+CIST,Pre,Pre,de,179,,PRE,C/(e)\
233,40,5,la,la,DET:def:obj:femi:sg,1252,6,le,CST,Det,Det,le,179,,DET:def,C/V\
234,40,6,pucele,pucele,NOM:obj:femi:sg,1253,6,pucele,+IT,N,N,,179,,NOM,C/V\.'C/V\.C/(e)\
235,41,1,a,a,PRE,1268,6,a3|a,+T|CGIS,Pre,Pre,à,179,,PRE,/V\
236,41,2,la,la,DET:def:obj:femi:sg,1269,6,le,CST,Det,Det,le,179,,DET:def,C/V\
237,41,3,longueur,longueur,NOM:obj:femi:sg,1270,6,longor,+Z,N,N,,179,,NOM,C/V\.'C/V\
238,41,4,de,de,PRE,1271,6,de,+CIST,Pre,Pre,de,179,,PRE,C/(e)\
239,41,5,la,la,DET:def:obj:femi:sg,1272,6,le,CST,Det,Det,le,179,,DET:def,C/V\
240,41,6,pucele,pucele,NOM:obj:femi:sg,1273,6,pucele,+IT,N,N,,179,,NOM,C/V\.'C/V\.C/(e)\
241,42,1,que,que,PROCON,1275,6,que2|que3|que,T|S|C,Sub,Sub,que,179,,PROCON,C/(e)\
242,42,2,ele,ele,PRO:pers:suj:3:femi:sg,1276,6,ele|il,C|IST,Prn,Prn$,3p,179,s,PRO:pers,'/V\.C/(e)\
243,42,3,la,la,PRO:pers:acc:3:femi:sg,1277,6,ele|il,C|IST,Prn,Prn$$,3p,179,c,PRO:pers,C/V\
244,42,4,peust,peust,VER:subi:3:sg,1278,6,paistre|pöoir,+MMd|+Id,Vfin,Vfin,pouvoir2,179,,VER,C/(V)\.'/V\
245,42,5,a,a,PRE,1279,6,a3|a,+T|CGIS,Pre,Pre,à,179,,PRE,/V\
246,42,6,deus,deus,ADJ:card,1280,6,deus,CIT,QIs,QIs,2,179,,ADJ:card,C/V\
247,42,7,foiz,foiz,NOM:obj:femi:pl,1281,6,foi|foiz,+C|+CIT,N,N,,179,,NOM,C/V\
248,43,1,de,de,PRE,1328,6,de,+CIST,Pre,Pre,de,181,,PRE,C/(e)\
249,43,2,la,la,DET:def:obj:femi:sg,1329,6,le,CST,Det,Det,le,181,,DET:def,C/V\
250,43,3,pucele,pucele,NOM:obj:femi:sg,1330,6,pucele,+IT,N,N,,181,,NOM,C/V\.'C/V\.C/(e)\
251,43,4,",",",",PON,1331,6,",",,Pnc,Pnc,,181,,PON,
252,43,5,l,l',PRO:pers:obj:3:masc:sg:unb,1332,6,il,CS,Prn,Prn$$,3p,181,c,PRO:pers,C/\
253,43,6,apercut,apercut,VER:simp:3:sg,1333,6,apercevoir,+MdId,Vfin,Vfin,apercevoir,181,,VER,/V\.C/V\.'C/V\
254,44,1,ces,ces,DET:demo:obj:masc:pl,1343,6,cel|cest,S|CS,Dem,Dem,cist,181,,DET:demo,C/V\
255,44,2,moz,moz,NOM:obj:masc:pl,1344,6,mot,+I,N,N,,181,,NOM,C/V\
256,44,3,:,:,PON,1345,6,:,,Pnc,Pnc,,181,,PON,
257,44,4,"""","""",PON:cit,1346,6,QUOTED,,Pnc,Pnc,,181,,PON:cit,
258,44,5,il,il,PRO:pers:suj:3:masc:sg:unb,1347,6,il,CIST,Prn,Prn$,3p,181,s,PRO:pers,/V\
259,44,6,m,m',PRO:pers:obj:1:sg:unb,1348,6,je,S,Prn,Prn$$,1ps,181,,PRO:pers,C/\
260,44,7,est,est,VER:pres:3:sg,1349,6,ester|estre1,+M|+I,Vfin,Vfin,être1|ester,181,,VER,/V\
261,44,8,avis,avis,NOM:suj:masc:sg,1350,6,avis,+IT,N,N,,181,a,NOM,/V\.'C/V\
262,44,9,"""","""",PON:cit,1351,6,QUOTED,,Pnc,Pnc,,181,,PON:cit,
263,44,10,",",",",PON,1352,6,",",,Pnc,Pnc,,181,,PON,
264,44,11,dist,dist,VER:simp:3:sg,1353,6,dire,+CMI,Vfin,Vfin,dire,181,,VER,C/V\
265,44,12,il,il,PRO:pers:suj:3:masc:sg:unb,1354,6,il,CIST,Prn,Prn,3p,181,s,PRO:pers,/V\
266,45,1,par,par,PRE,1421,6,par,CIS,Pre,Pre,par1,184,,PRE,C/V\
267,45,2,derriere,derriere,ADV,1422,6,derrier|derriere,I|T,PrA,PrA,derrière,184,,ADV,C/V\.'C/V\.C/(e)\
268,45,3,souz,souz,PRE,1423,6,soz,S,PrA,PrA,sous,184,,PRE,C/V\
269,45,4,ses,ses,DET:poss:obj:femi:pl,1424,6,son4|son,S|C,Det,Det,son4,184,,DET:poss,C/V\
270,45,5,aisseles,aisseles,NOM:obj:femi:pl,1425,6,aissele1|aissele2,*+T|+T,N,N,,184,,NOM,/V\.'C/V\.C/e\
271,46,1,il,il,PRO:pers:suj:3:masc:sg:unb,1427,6,il,CIST,Prn,Prn$,3p,184,s,PRO:pers,/V\
272,46,2,mist,mist,VER:simp:3:sg,1428,6,manoir|metre|mettre,M|CIM|M,Vfin,Vfin,mettre,184,,VER,C/V\
273,46,3,la,la,DET:def:obj:femi:sg,1429,6,le,CST,Det,Det,le,184,,DET:def,C/V\
274,46,4,bouche,bouche,NOM:obj:femi:sg,1430,6,boche,*+IT,N,N,,184,,NOM,'C/V\.C/(e)\
275,46,5,de,de,PRE,1431,6,de,+CIST,Pre,Pre,de,184,,PRE,C/(e)\
276,46,6,l,l',DET:def:obj:masc:sg,1432,6,le,CS,Det,Det,le,184,,DET:def,C/\
277,46,7,enfant,enfant,NOM:obj:masc:sg,1433,6,enfant,+CIT,N,N,,184,,NOM,/V\.'C/V\
278,47,1,de,de,PRE,1431,6,de,+CIST,Pre,Pre,de,184,,PRE,C/(e)\
279,47,2,l,l',DET:def:obj:masc:sg,1432,6,le,CS,Det,Det,le,184,,DET:def,C/\
280,47,3,enfant,enfant,NOM:obj:masc:sg,1433,6,enfant,+CIT,N,N,,184,,NOM,/V\.'C/V\
281,47,4,et,et,CON:coord,1434,6,et,ST,Crd,Crd,et,184,,CON:coord,/V\
282,47,5,la,la,DET:def:obj:femi:sg,1435,6,le,CST,Det,Det,le,184,,DET:def,C/V\
283,47,6,maladie,maladie,NOM:obj:femi:sg,1436,6,maladie,+T,N,N,,184,,NOM,C/V\.C/V\.'C/V\./(e)\
284,48,1,et,et,CON:coord,1488,6,et,ST,Crd,Crd,et,185,,CON:coord,/V\
285,48,2,ilecques,ilecques,ADV,1489,6,iluec,+Z,Adv,Adv,illuec,185,,ADV,/V\.'C/V\.C/e\
286,48,3,estoit,estoit,VER:impf:3:sg,1490,6,ester|estre1,+IM|+I,Vfin,Vfin,être1|ester,185,,VER,/V\.'C/V\
287,48,4,remese,remese,VER:pper:femi:sg,1491,6,remanoir,+I,Vpp,Vpp,remanoir,185,,VER,C/V\.'C/V\.C/(e)\
288,49,1,qu,qu,PROCON,1532,6,que1|que2|que3|que4|que,S|S|S|S|C,Sub,Sub,que,186,,PROCON,C/\
289,49,2,ele,ele,PRO:pers:suj:3:femi:sg,1533,6,ele|il,C|IST,Prn,Prn$,3p,186,s,PRO:pers,'/V\.C/(e)\
290,49,3,se,se,PROCON,1534,6,se,C,Prn,Prn$$,soi,186,,PROCON,C/(e)\
291,49,4,conseillast,conseillast,VER:subi:3:sg,1535,6,conseillier,M,Vfin,Vfin,conseiller2,186,,VER,C/V\.C/V\.'C/V\
292,49,5,as,as,PREDET:a:obj:masc:pl,1536,6,a+le|le,S|C,Pre+Det,Pre+Det,à+le,186,,PREDET:a,/V\
293,49,6,mires,mires,NOM:obj:masc:pl,1537,6,mire1|mire,+I|I,N,N,,186,,NOM,'C/V\.C/e\
294,50,1,et,et,CON:coord,1538,6,et,ST,Crd,Crd,et,186,,CON:coord,/V\
295,50,2,que,que,PROCON,1539,6,que2|que3|que,T|S|C,Sub,Sub,que,186,,PROCON,C/(e)\
296,50,3,ele,ele,PRO:pers:suj:3:femi:sg,1540,6,ele|il,C|IST,Prn,Prn$,3p,186,s,PRO:pers,'/V\.C/(e)\
297,50,4,i,i,PRO:clit,1541,6,i2|i|y,S|C|C,Prn,Prn$$,y,186,,PRO:clit,/V\
298,50,5,meist,meist,VER:subi:3:sg,1542,6,metre|mettre,IdMMd|MMd,Vfin,Vfin,mettre,186,,VER,C/(V)\.'/V\
299,50,6,oignemenz,oignemenz,NOM:obj:masc:pl,1543,6,oignement,*+IT,N,N,,186,c,NOM,/V\.C/e\.'C/V\
300,51,1,fu,fu,VER:simp:3:sg,1611,6,estre1|estre,+I|CMI,Vfin,Vfin,être1|ester,188,,VER,C/V\
301,51,2,de,de,PRE,1612,6,de,+CIST,Pre,Pre,de,188,,PRE,C/(e)\
302,51,3,la,la,DET:def:obj:femi:sg,1613,6,le,CST,Det,Det,le,188,,DET:def,C/V\
303,51,4,dite,dite,VER:pper:femi:sg,1614,6,dire,+CIM,Vpp,Vpp,dire,188,,VER,'C/V\.C/(e)\
304,51,5,maladie,maladie,NOM:obj:femi:sg,1615,6,maladie,+T,N,N,,188,,NOM,C/V\.C/V\.'C/V\./(e)\
305,52,1,jusques,jusques,ADV,1646,6,jusque,Z,PrA,PrA,jusque,188,,ADV,'C/V\.C/e\
306,52,2,a,a,PRE,1647,6,a3|a,+T|CGIS,Pre,Pre,à,188,,PRE,/V\
307,52,3,l,l',DET:def:obj:femi:sg,1648,6,le,CS,Det,Det,le,188,,DET:def,C/\
308,52,4,inquisicion,inquisicion,NOM:obj:femi:sg,1649,6,inquisicïon,+Td,N,N,,188,,NOM,/V\.C/V\.C/V\.C/{V}\.'/V\
309,53,1,et,et,CON:coord,1655,6,et,ST,Crd,Crd,et,189,,CON:coord,/V\
310,53,2,la,la,DET:def:suj:femi:sg,1656,6,ele|il,C|IST,Det,Det,le,189,,PRO:pers,C/V\
311,53,3,dite,dite,VER:pper:femi:sg,1657,6,dire,+CIM,Vpp,Vpp,dire,189,,VER,'C/V\.C/(e)\
312,53,4,piece,piece,NOM:suj:femi:sg,1658,6,piece,+CIT,N,N,,189,,NOM,'C/V\.C/(e)\
313,53,5,de,de,PRE,1659,6,de,+CIST,Pre,Pre,de,189,,PRE,C/(e)\
314,53,6,char,char,NOM:obj:femi:sg,1660,6,char1|char2,+IT|+IT,N,N,,189,,NOM,C/V\
315,54,1,et,et,CON:coord,1663,6,et,ST,Crd,Crd,et,189,,CON:coord,/V\
316,54,2,demora,demora,VER:simp:3:sg,1664,6,demorer,+MI,Vfin,Vfin,demeurer,189,,VER,C/V\.C/V\.'C/V\
317,54,3,sus,sus,ADV,1665,6,sus,I,PrA,PrA,sus,189,,ADV,C/V\
318,54,4,le,le,DET:def:obj:masc:sg,1666,6,le,CST,Det,Det,le,189,,DET:def,C/(e)\
319,54,5,tombel,tombel,NOM:obj:masc:sg,1667,6,tombel,+T,N,N,,189,,NOM,C/V\.'C/V\
320,55,1,et,et,CON:coord,1747,6,et,ST,Crd,Crd,et,192,,CON:coord,/V\
321,55,2,atouchierent,atouchierent,VER:simp:3:pl,1748,6,atochier,*+IT,Vfin,Vfin,,192,,VER,/V\.C/V\.'C/V\.C/e\
322,55,3,eu,eu,PREDET:en:obj:masc:sg,1749,6,en1+le,S,Pre+Det,Pre+Det,en1+le,192,,PREDET:en,/(V)\.'/V\
323,55,4,lieu,lieu,NOM:obj:masc:sg,1750,6,lieu,+CIT,N,N,,192,,NOM,C/V\
324,56,1,qui,qui,PROCON,1767,6,qui,CST,Qux,Qux,qui,192,s,PROCON,C/V\
325,56,2,estoit,estoit,VER:impf:3:sg,1768,6,ester|estre1,+IM|+I,Vfin,Vfin,être1|ester,192,,VER,/V\.'C/V\
326,56,3,ja,ja,ADV,1769,6,ja,+CIT,Adv,Adv,jà,192,,ADV,C/V\
327,56,4,toute,toute,PRO:ind:suj:femi:sg,1770,6,tot,S,QIs,QIs,tout,192,,PRO:ind,'C/V\.C/(e)\
328,56,5,affermee,affermee,VER:pper:femi:sg,1771,6,afermer,*+I,Vpp,Vpp,,192,,VER,/V\.C/V\.'C/V\./(e)\
329,57,1,guillot,guillot,NPR:suj:masc:sg,1777,7,guillot,Z,N,N,,193,,NPR,C/V\.'C/V\
330,57,2,dit,dit,VER:pper:masc:sg,1778,7,dire,+CMI,Vpp,Vpp,dire,193,,VER,C/V\
331,57,3,le,le,DET:def:suj:masc:sg,1779,7,le,CST,Det,Det,le,193,,DET:def,C/(e)\
332,57,4,potencier,potencier,NOM:suj:masc:sg,1780,7,potencier,+T,N,N,,193,,NOM,C/V\.C/V\.'C/V\
333,57,5,",",",",PON,1781,7,",",,Pnc,Pnc,,193,,PON,
334,57,6,nez,nez,VER:pper:masc:pl,1782,7,naistre|nasquir,+MI|M,Vpp,Vpp,naître,193,,VER,C/V\
335,58,1,outre,outre,ADV,1785,7,outre1|outre,T|CI,PrA,PrA,outre2,193,,ADV,'/V\.C/(e)\
336,58,2,les,les,DET:def:obj:masc:pl,1786,7,le,CST,Det,Det,le,193,,DET:def,C/V\
337,58,3,guez,guez,NOM:obj:masc:pl,1787,7,gué,+I,N,N,,193,,NOM,C/V\
338,58,4,du,du,PREDET:de:obj:masc:sg,1788,7,de+le|le,S|C,Pre+Det,Pre+Det,de+le,193,,PREDET:de,C/V\
339,58,5,dyocese,dyocese,NOM:obj:masc:sg,1789,7,diocese,C,N,N,,193,,NOM,C/V\.C/V\.'C/V\.C/(e)\
340,59,1,du,du,PREDET:de:obj:masc:sg,1788,7,de+le|le,S|C,Pre+Det,Pre+Det,de+le,193,,PREDET:de,C/V\
341,59,2,dyocese,dyocese,NOM:obj:masc:sg,1789,7,diocese,C,N,N,,193,,NOM,C/V\.C/V\.'C/V\.C/(e)\
342,59,3,de,de,PRE,1790,7,de,+CIST,Pre,Pre,de,193,,PRE,C/(e)\
343,59,4,coustances,coustances,NPR:obj:masc:sg,1791,7,UNKNOWN,,N,N,,193,,NPR,C/V\.'C/V\.C/e\
344,60,1,de,de,PRE,1790,7,de,+CIST,Pre,Pre,de,193,,PRE,C/(e)\
345,60,2,coustances,coustances,NPR:obj:masc:sg,1791,7,UNKNOWN,,N,N,,193,,NPR,C/V\.'C/V\.C/e\
346,60,3,",",",",PON,1792,7,",",,Pnc,Pnc,,193,,PON,
347,60,4,vint,vint,VER:simp:3:sg,1793,7,venir|voir,+CI|M,Vfin,Vfin,venir,193,,VER,C/V\
348,60,5,a,a,PRE,1794,7,a3|a,+T|CGIS,Pre,Pre,à,193,,PRE,/V\
349,60,6,paris,paris,NPR:obj:masc:sg,1795,7,paris,CI|Z,N,N,,193,,NPR,C/V\.'C/V\
350,61,1,reboule,reboule,NPR:obj:masc:sg,1809,7,UNKNOWN,,N,N,,193,c,NPR,C/V\.'C/V\.C/(e)\
351,61,2,",",",",PON,1810,7,",",,Pnc,Pnc,,193,,PON,
352,61,3,foulon,foulon,NOM:obj:masc:sg,1811,7,folon,*+T,N,N,,193,,NOM,C/V\.'C/V\
353,61,4,et,et,CON:coord,1812,7,et,ST,Crd,Crd,et,193,,CON:coord,/V\
354,61,5,bourgois,bourgois,NOM:obj:masc:sg,1813,7,borjois,+Z,N,N,,193,,NOM,C/V\.'C/V\
355,62,1,foulon,foulon,NOM:obj:masc:sg,1811,7,folon,*+T,N,N,,193,,NOM,C/V\.'C/V\
356,62,2,et,et,CON:coord,1812,7,et,ST,Crd,Crd,et,193,,CON:coord,/V\
357,62,3,bourgois,bourgois,NOM:obj:masc:sg,1813,7,borjois,+Z,N,N,,193,,NOM,C/V\.'C/V\
358,62,4,de,de,PRE,1814,7,de,+CIST,Pre,Pre,de,193,,PRE,C/(e)\
359,62,5,paris,paris,NPR:obj:masc:sg,1815,7,paris,CI|Z,N,N,,193,,NPR,C/V\.'C/V\
360,63,1,il,il,PRO:pers:suj:3:masc:sg:unb,1875,7,il,CIST,Prn,Prn$,3p,195,s,PRO:pers,/V\
361,63,2,demanda,demanda,VER:simp:3:sg,1876,7,demander,+I,Vfin,Vfin,demander,195,,VER,C/V\.C/V\.'C/V\
362,63,3,et,et,CON:coord,1877,7,et,ST,Crd,Crd,et,195,,CON:coord,/V\
363,63,4,quist,quist,VER:simp:3:sg,1878,7,querre,+I,Vfin,Vfin,quérir,195,,VER,C/V\
364,63,5,conseill,conseill,NOM:obj:masc:sg,1879,7,conseil,+I,N,N,,195,c,NOM,C/V\.'C/V\
365,64,1,son,son,DET:poss:obj:masc:sg,1890,7,son4|son,S|C,Det,Det,son4,195,,DET:poss,C/V\
366,64,2,pie,pié,NOM:obj:masc:sg,1891,7,pie,+T,N,N,,195,,NOM,C/V\
367,64,3,de,de,PRE,1892,7,de,+CIST,Pre,Pre,de,195,,PRE,C/(e)\
368,64,4,chascune,chascune,DET:ind:obj:femi:sg,1893,7,chascun,CS,QIs,QIs,chacun,195,,DET:ind,C/V\.'C/V\.C/(e)\
369,64,5,partie,partie,NOM:obj:femi:sg,1894,7,partie,+CIT,N,N,,195,,NOM,C/V\.'C/V\./(e)\
370,65,1,cyrurgien,cyrurgien,NOM:suj:masc:sg,1917,7,UNKNOWN,,N,N,,196,,NOM,C/V\.C/V\.C/{V}\.'/V\
371,65,2,",",",",PON,1918,7,",",,Pnc,Pnc,,196,,PON,
372,65,3,trencha,trencha,VER:simp:3:sg,1919,7,n/a,n/a,Vfin,Vfin,,196,,VER,C/V\.'C/V\
373,65,4,le,le,DET:def:obj:masc:sg,1920,7,le,CST,Det,Det,le,196,,DET:def,C/(e)\
374,65,5,pie,pié,NOM:obj:masc:sg,1921,7,pie,+T,N,N,,196,,NOM,C/V\
375,66,1,trencha,trencha,VER:simp:3:sg,1919,7,n/a,n/a,Vfin,Vfin,,196,,VER,C/V\.'C/V\
376,66,2,le,le,DET:def:obj:masc:sg,1920,7,le,CST,Det,Det,le,196,,DET:def,C/(e)\
377,66,3,pie,pié,NOM:obj:masc:sg,1921,7,pie,+T,N,N,,196,,NOM,C/V\
378,66,4,du,du,PREDET:de:obj:masc:sg,1922,7,de+le|le,S|C,Pre+Det,Pre+Det,de+le,196,,PREDET:de,C/V\
379,66,5,dit,dit,VER:pper:masc:sg,1923,7,dire,+CMI,Vpp,Vpp,dire,196,,VER,C/V\
380,66,6,guillot,guillot,NPR:obj:masc:sg,1924,7,guillot,Z,N,N,,196,,NPR,C/V\.'C/V\
381,67,1,mes,mes,CON:subord,1946,7,UNKNOWN,,Crd,Crd,mais1,197,,CON:subord,C/V\
382,67,2,ce,ce,PRO:invar,1947,7,ce1|ce,S|C,Prn,Prn,ce1,197,s,PRO:invar,C/(e)\
383,67,3,ne,ne,PRO:clit,1948,7,en2|ne,S|C,Neg,Neg$$,ne1,197,,PRO:clit,C/(e)\
384,67,4,li,li,PRO:pers:suj:3:masc:sg:bet,1949,7,ele|il,C|CIST,Prn,Prn$$,3p,197,,PRO:pers,C/V\
385,67,5,proufitoit,proufitoit,VER:impf:3:sg,1950,7,porfitier,*+T,Vfin,Vfin,,197,,VER,C/V\.C/V\.'C/V\
386,67,6,riens,riens,ADV,1951,7,riens,Z,N,N,rien,197,,ADV,C/V\
387,68,1,et,et,CON:coord,1965,7,et,ST,Crd,Crd,et,198,,CON:coord,/V\
388,68,2,adonques,adonques,ADV,1966,7,adonc|adonques,+IT|G,Adv,Adv,adonc,198,,ADV,/V\.'C/V\.C/e\
389,68,3,quant,quant,ADV,1967,7,cant,CI,Sub,Sub,quand,198,,ADV,C/V\
390,68,4,li,li,DET:def:suj:masc:sg,1968,7,ele|il,C|CIST,Det,Det,le,198,,PRO:pers,C/V\
391,68,5,dit,dit,VER:pper:masc:sg,1969,7,dire,+CMI,Vpp,Vpp,dire,198,,VER,C/V\
392,68,6,mires,mires,NOM:suj:masc:sg,1970,7,mire1|mire,+I|I,N,N,,198,,NOM,'C/V\.C/e\
393,69,1,il,il,PRO:pers:suj:3:masc:sg:unb,1976,7,il,CIST,Prn,Prn$,3p,198,s,PRO:pers,/V\
394,69,2,conseilla,conseilla,VER:simp:3:sg,1977,7,conseillier1,+I,Vfin,Vfin,conseiller2,198,,VER,C/V\.C/V\.'C/V\
395,69,3,au,au,PREDET:a:obj:masc:sg,1978,7,a+le|le,S|C,Pre+Det,Pre+Det,à+le,198,,PREDET:a,/V\
396,69,4,dit,dit,VER:pper:masc:sg,1979,7,dire,+CMI,Vpp,Vpp,dire,198,,VER,C/V\
397,69,5,guillot,guillot,NPR:obj:masc:sg,1980,7,guillot,Z,N,N,,198,,NPR,C/V\.'C/V\
398,70,1,ce,ce,PRO:invar,2031,7,ce1|ce,S|C,Prn,Prn,ce1,198,c,PRO:invar,C/(e)\
399,70,2,disoit,disoit,VER:impf:3:sg,2032,7,dire,+CIM,Vfin,Vfin,dire,198,,VER,C/V\.'C/V\
400,70,3,il,il,PRO:pers:suj:3:masc:sg:unb,2033,7,il,CIST,Prn,Prn,3p,198,s,PRO:pers,/V\
401,70,4,au,au,PREDET:a:obj:masc:sg,2034,7,a+le|le,S|C,Pre+Det,Pre+Det,à+le,198,,PREDET:a,/V\
402,70,5,dit,dit,VER:pper:masc:sg,2035,7,dire,+CMI,Vpp,Vpp,dire,198,,VER,C/V\
403,70,6,guillot,guillot,NPR:obj:masc:sg,2036,7,guillot,Z,N,N,,198,,NPR,C/V\.'C/V\
404,71,1,le,le,DET:def:obj:masc:sg,2064,7,le,CST,Det,Det,le,199,,DET:def,C/(e)\
405,71,2,travail,travail,NOM:obj:masc:sg,2065,7,travail,+IT,N,N,,199,,NOM,C/V\.'C/V\
406,71,3,de,de,PRE,2066,7,de,+CIST,Pre,Pre,de,199,,PRE,C/(e)\
407,71,4,si,si,PROCON,2067,7,si,C,Adv,Adv,si4,199,,PROCON,C/V\
408,71,5,grant,grant,ADJ:obj:masc:sg,2068,7,grant,+CIT,Adj,Adj,grand,199,,ADJ,C/V\
409,71,6,voiage,voiage,NOM:obj:masc:sg,2069,7,voiage,+IT,N,N,,199,,NOM,C/V\.'C/V\.C/(e)\
410,72,1,et,et,CON:coord,2115,7,et,ST,Crd,Crd,et,201,,CON:coord,/V\
411,72,2,nonpourquant,nonpourquant,ADV,2116,7,neporcant,Z,Adv,Adv,nonpourquant,201,,ADV,C/V\.C/V\.'C/V\
412,72,3,il,il,PRO:pers:suj:3:masc:sg:unb,2117,7,il,CIST,Prn,Prn$,3p,201,s,PRO:pers,/V\
413,72,4,fu,fu,VER:simp:3:sg,2118,7,estre1|estre,+I|CMI,Vfin,Vfin,être1|ester,201,,VER,C/V\
414,72,5,porté,porté,VER:pper:masc:sg,2119,7,porter,+MI,Vpp,Vpp,porter,201,,VER,C/V\.'C/V\
415,73,1,il,il,PRO:pers:suj:3:masc:sg:unb,2138,7,il,CIST,Prn,Prn$,3p,202,s,PRO:pers,/V\
416,73,2,fu,fu,VER:simp:3:sg,2139,7,estre1|estre,+I|CMI,Vfin,Vfin,être1|ester,202,,VER,C/V\
417,73,3,ilecques,ilecques,ADV,2140,7,iluec,+Z,Adv,Adv,illuec,202,,ADV,/V\.'C/V\.C/e\
418,73,4,une,une,DET:ndf:obj:femi:sg,2141,7,un,CS,QIs,QIs,un,202,,DET:ndf,'/V\.C/(e)\
419,73,5,nuit,nuit,NOM:obj:femi:sg,2142,7,nuit,+CIT,N,N,,202,,NOM,C/V\
420,74,1,et,et,CON:coord,2143,7,et,ST,Crd,Crd,et,202,,CON:coord,/V\
421,74,2,l,l',DET:def:obj:masc:sg,2144,7,le,CS,Det,Det,le,202,,DET:def,C/\
422,74,3,endemain,endemain,NOM:obj:masc:sg,2145,7,endemain|lendemain,+IT|+T,N,N,,202,,NOM,/V\.C/e\.'C/V\
423,74,4,il,il,PRO:pers:suj:3:masc:sg:unb,2146,7,il,CIST,Prn,Prn$,3p,202,s,PRO:pers,/V\
424,74,5,s,s,PROCON,2147,7,se,C,Prn,Prn$$,soi,202,,PROCON,C/\
425,74,6,en,en,PRO:clit,2148,7,en2|en,S|C,Prn,Prn$$,en2,202,,PRO:clit,/V\
426,74,7,parti,parti,VER:simp:3:sg,2149,7,partir,+IM,Vfin,Vfin,partir,202,,VER,C/V\.'C/V\
427,75,1,et,et,CON:coord,2160,7,et,ST,Crd,Crd,et,203,,CON:coord,/V\
428,75,2,comme,comme,CON:subord,2161,7,come1|come,*I|CI,Sub,Sub,comme,203,,CON:subord,'C/V\.C/(e)\
429,75,3,il,il,PRO:pers:suj:3:masc:sg:unb,2162,7,il,CIST,Prn,Prn$,3p,203,s,PRO:pers,/V\
430,75,4,revint,revint,VER:simp:3:sg,2163,7,revenir,+I,Vfin,Vfin,revenir,203,,VER,C/V\.'C/V\
431,75,5,a,a,PRE,2164,7,a3|a,+T|CGIS,Pre,Pre,à,203,,PRE,/V\
432,75,6,paris,paris,NPR:obj:masc:sg,2165,7,paris,CI|Z,N,N,,203,,NPR,C/V\.'C/V\
433,76,1,en,en,PRE,2170,7,en1|en,+IST|CI,Pre,Pre,en1,203,,PRE,/V\
434,76,2,la,la,DET:def:obj:femi:sg,2171,7,le,CST,Det,Det,le,203,,DET:def,C/V\
435,76,3,meson,meson,NOM:obj:femi:sg,2172,7,maison,+C,N,N,,203,,NOM,C/V\.'C/V\
436,76,4,robert,robert,NPR:obj:masc:sg,2173,7,robert,C|Z,N,N,,203,,NPR,C/V\.'C/V\
437,76,5,reboule,reboule,NPR:obj:masc:sg,2174,7,UNKNOWN,,N,N,,203,,NPR,C/V\.'C/V\.C/(e)\
438,77,1,et,et,CON:coord,2201,7,et,ST,Crd,Crd,et,204,,CON:coord,/V\
439,77,2,adonques,adonques,ADV,2202,7,adonc|adonques,+IT|G,Adv,Adv,adonc,204,,ADV,/V\.'C/V\.C/e\
440,77,3,li,li,DET:def:suj:masc:sg,2203,7,ele|il,C|CIST,Det,Det,le,204,,PRO:pers,C/V\
441,77,4,diz,diz,VER:pper:masc:pl,2204,7,dire,+CMI,Vpp,Vpp,dire,204,,VER,C/V\
442,77,5,robers,robers,NPR:suj:masc:sg,2205,7,robert,C|Z,N,N,,204,,NPR,C/V\.'C/V\
443,78,1,en,en,PRE,2218,7,en1|en,+IST|CI,Pre,Pre,en1,204,,PRE,/V\
444,78,2,bon,bon,ADJ:obj:masc:sg,2219,7,bon,+CIT,Adj,Adj,bon,204,,ADJ,C/V\
445,78,3,estat,estat,NOM:obj:masc:sg,2220,7,estat,+T,N,N,,204,,NOM,/V\.'C/V\
446,78,4,a,a,PRE,2221,7,a3|a,+T|CGIS,Pre,Pre,à,204,,PRE,/V\
447,78,5,saint,saint,ADJ:obj:masc:sg,2222,7,saint1|saint,T|CI,N,N,,204,,ADJ,C/V\
448,78,6,eloi,eloi,NPR:obj:masc:sg,2223,7,UNKNOWN,,N,N,,204,,NPR,/V\.'C/V\
449,79,1,compaignon,compaignon,NOM:obj:masc:sg,2243,7,compagnon,*+IT,N,N,,205,,NOM,C/V\.C/V\.'C/V\
450,79,2,qui,qui,PROCON,2244,7,qui,CST,Qux,Qux,qui,205,s,PROCON,C/V\
451,79,3,avoit,avoit,VER:impf:3:sg,2245,7,avoiier|avoir,+MI|+MI,Vfin,Vfin,avoir1,205,,VER,/V\.'C/V\
452,79,4,non,non,NOM:obj:masc:sg,2246,7,ne1,+Z,N,N,,205,c,ADV,C/V\
453,79,5,conte,conte,NPR:obj:masc:sg,2247,7,conter,+I,N,N,,205,a,VER,'C/V\.C/(e)\
454,80,1,a,a,PRE,2289,7,a3|a,+T|CGIS,Pre,Pre,à,207,,PRE,/V\
455,80,2,l,l',DET:def:obj:masc:sg,2290,7,le,CS,Det,Det,le,207,,DET:def,C/\
456,80,3,autel,autel,NOM:obj:masc:sg,2291,7,autel2|autel,+IT|CI,N,N,,207,,NOM,/V\.'C/V\
457,80,4,si,si,PROCON,2292,7,si,C,Adv,Adv,si4,207,,PROCON,C/V\
458,80,5,com,com,CON:subord,2293,7,come1,ST,Sub,Sub,comme,207,,CON:subord,C/V\
459,80,6,font,font,VER:pres:3:pl,2294,7,faire|fondre,+MI|+MI,Vfin,Vfin,faire,207,,VER,C/V\
460,80,7,les,les,DET:def:suj:masc:pl,2295,7,le,CST,Det,Det,le,207,,DET:def,C/V\
461,80,8,autres,autres,ADJ:suj:masc:pl,2296,7,autre,CI,Adj,Adj,autre,207,,ADJ,'/V\.C/e\
462,81,1,si,si,PROCON,2292,7,si,C,Adv,Adv,si4,207,,PROCON,C/V\
463,81,2,com,com,CON:subord,2293,7,come1,ST,Sub,Sub,comme,207,,CON:subord,C/V\
464,81,3,font,font,VER:pres:3:pl,2294,7,faire|fondre,+MI|+MI,Vfin,Vfin,faire,207,,VER,C/V\
465,81,4,les,les,DET:def:suj:masc:pl,2295,7,le,CST,Det,Det,le,207,,DET:def,C/V\
466,81,5,autres,autres,ADJ:suj:masc:pl,2296,7,autre,CI,Adj,Adj,autre,207,,ADJ,'/V\.C/e\
467,81,6,malades,malades,ADJ:suj:masc:pl,2297,7,malade,+I,Adj,Adj,,207,,ADJ,C/V\.'C/V\.C/e\
468,82,1,et,et,CON:coord,2299,7,et,ST,Crd,Crd,et,208,,CON:coord,/V\
469,82,2,il,il,PRO:pers:suj:3:masc:pl,2300,7,il,CIST,Prn,Prn$,3p,208,s,PRO:pers,/V\
470,82,3,revindrent,revindrent,VER:simp:3:pl,2301,7,revenir,+I,Vfin,Vfin,revenir,208,,VER,C/V\.'C/V\.C/e\
471,82,4,a,a,PRE,2302,7,a3|a,+T|CGIS,Pre,Pre,à,208,,PRE,/V\
472,82,5,paris,paris,NPR:obj:masc:sg,2303,7,paris,CI|Z,N,N,,208,,NPR,C/V\.'C/V\
473,83,1,ne,ne,PRO:clit,2309,7,en2|ne,S|C,Neg,Neg$$,ne1,208,,PRO:clit,C/(e)\
474,83,2,fu,fu,VER:simp:3:sg,2310,7,estre1|estre,+I|CMI,Vfin,Vfin,être1|ester,208,,VER,C/V\
475,83,3,de,de,PRE,2311,7,de,+CIST,Pre,Pre,de,208,,PRE,C/(e)\
476,83,4,riens,riens,ADV,2312,7,riens,Z,N,N,rien,208,,ADV,C/V\
477,83,5,assouagié,assouagié,VER:pper:masc:sg,2313,7,assoagier,+Z,Vpp,Vpp,,208,,VER,/V\.C/V\.C/V\.'C/V\
478,84,1,eust,eust,VER:subi:3:sg,2323,7,avoir,+CMMdId,Vfin,Vfin,avoir1,209,,VER,/(V)\.'/V\
479,84,2,einsi,einsi,ADV,2324,7,ainsi,+I,Adv,Adv,ainsi,209,,ADV,/V\.'C/V\
480,84,3,esté,esté,VER:pper:masc:sg,2325,7,ester|estre1,+MI|+I,Vpp,Vpp,être1|ester,209,,VER,/V\.'C/V\
481,84,4,lonc,lonc,ADJ:obj:masc:sg,2326,7,lonc,+CIT,Adj,Adj,long,209,,ADJ,C/V\
482,84,5,tens,tens,NOM:obj:masc:sg,2327,7,tens,+CIT,N,N,,209,,NOM,C/V\
483,85,1,qui,qui,PROCON,2335,7,qui,CST,Qux,Qux,qui,209,s,PROCON,C/V\
484,85,2,avoit,avoit,VER:impf:3:sg,2336,7,avoiier|avoir,+MI|+MI,Vfin,Vfin,avoir1,209,,VER,/V\.'C/V\
485,85,3,non,non,NOM:obj:masc:sg,2337,7,ne1,+Z,N,N,,209,c,ADV,C/V\
486,85,4,mestre,mestre,NOM:obj:masc:sg,2338,7,maistre,CI,N,N,,209,,NOM,'C/V\.C/(e)\
487,85,5,bernart,bernart,NPR:obj:masc:sg,2339,7,bernart,+C|Z,N,N,,209,,NPR,C/V\.'C/V\
488,86,1,et,et,CON:coord,2358,7,et,ST,Crd,Crd,et,209,,CON:coord,/V\
489,86,2,s,s,PROCON,2359,7,se,C,Prn,Prn$$,soi,209,,PROCON,C/\
490,86,3,efforcoit,efforcoit,VER:impf:3:sg,2360,7,esforcier,*I,Vfin,Vfin,,209,,VER,/V\.C/V\.'C/V\
491,86,4,de,de,PRE,2361,7,de,+CIST,Pre,Pre,de,209,,PRE,C/(e)\
492,86,5,lui,lui,PRO:pers:obj:3:masc:sg:bet,2362,7,il|loi1,CIST|S,Prn,Prn,3p,209,c,PRO:pers,C/V\
493,86,6,curer,curer,VER:infi,2363,7,curer,+MT,Vinf,Vinf,,209,,VER,C/V\.'C/V\
494,87,1,et,et,CON:coord,2387,7,et,ST,Crd,Crd,et,211,,CON:coord,/V\
495,87,2,apres,aprés,PRE,2388,7,apres|après,C|IdSTd,PrA,PrA,après,211,,PRE,/V\.'C/V\
496,87,3,ce,ce,PRO:invar,2389,7,ce1|ce,S|C,Prn,Prn,ce1,211,,PRO:invar,C/(e)\
497,87,4,",",",",PON,2390,7,",",,Pnc,Pnc,,211,,PON,
498,87,5,la,la,DET:def:suj:femi:sg,2391,7,le,CST,Det,Det,le,211,,DET:def,C/V\
499,87,6,maladie,maladie,NOM:suj:femi:sg,2392,7,maladie,+T,N,N,,211,,NOM,C/V\.C/V\.'C/V\./(e)\
500,88,1,et,et,CON:coord,2404,7,et,ST,Crd,Crd,et,211,,CON:coord,/V\
501,88,2,les,les,PRO:pers:acc:3:masc:pl,2405,7,il,CIST,Prn,Prn$$,3p,211,c,PRO:pers,C/V\
502,88,3,traioit,traioit,VER:impf:3:sg,2406,7,traire,+Z,Vfin,Vfin,traire,211,,VER,C/V\.'C/V\
503,88,4,le,le,DET:def:suj:masc:sg,2407,7,il,CIST,Det,Det,le,211,,PRO:pers,C/(e)\
504,88,5,dit,dit,VER:pper:masc:sg,2408,7,dire,+CMI,Vpp,Vpp,dire,211,,VER,C/V\
505,88,6,guillot,guillot,NPR:suj:masc:sg,2409,7,guillot,Z,N,N,,211,,NPR,C/V\.'C/V\
506,89,1,et,et,CON:coord,2440,7,et,ST,Crd,Crd,et,211,,CON:coord,/V\
507,89,2,estoit,estoit,VER:impf:3:sg,2441,7,ester|estre1,+IM|+I,Vfin,Vfin,être1|ester,211,,VER,/V\.'C/V\
508,89,3,la,la,DET:def:suj:femi:sg,2442,7,le,CST,Det,Det,le,211,,DET:def,C/V\
509,89,4,pueur,pueur,NOM:suj:femi:sg,2443,7,püor,*+Td,N,N,,211,,NOM,C/V\.'C/V\
510,89,5,si,si,PROCON,2444,7,si,C,Adv,Adv,si4,211,,PROCON,C/V\
511,89,6,grant,grant,ADJ:suj:femi:sg,2445,7,grant,+CIT,Adj,Adj,grand,211,,ADJ,C/V\
512,90,1,de,de,PRE,2527,7,de,+CIST,Pre,Pre,de,214,,PRE,C/(e)\
513,90,2,quoi,quoi,PRO:invar,2528,7,coi2|coi,S|C,Qux,Qux,que,214,,PRO:invar,C/V\
514,90,3,le,le,DET:def:suj:masc:sg,2529,7,il,CIST,Det,Det,le,214,,PRO:pers,C/(e)\
515,90,4,dit,dit,VER:pper:masc:sg,2530,7,dire,+CMI,Vpp,Vpp,dire,214,,VER,C/V\
516,90,5,robert,robert,NPR:suj:masc:sg,2531,7,robert,C|Z,N,N,,214,,NPR,C/V\.'C/V\
517,90,6,reboule,reboule,NPR:suj:masc:sg,2532,7,UNKNOWN,,N,N,,214,,NPR,C/V\.'C/V\.C/(e)\
518,91,1,et,et,CON:coord,2542,7,et,ST,Crd,Crd,et,214,,CON:coord,/V\
519,91,2,fere,fere,VER:infi,2543,7,faire|ferir,+MI|+I,Vinf,Vinf,faire,214,,VER,'C/V\.C/(e)\
520,91,3,une,une,DET:ndf:obj:femi:sg,2544,7,un,CS,QIs,QIs,un,214,,DET:ndf,'/V\.C/(e)\
521,91,4,eschace,eschace,NOM:obj:femi:sg,2545,7,eschace,+IT,N,N,,214,,NOM,/V\.'C/V\.C/(e)\
522,91,5,de,de,PRE,2546,7,de,+CIST,Pre,Pre,de,214,,PRE,C/(e)\
523,91,6,fust,fust,NOM:obj:masc:sg,2547,7,estre1|fuster,+I|+M,N,N,,214,,VER,C/V\
524,92,1,de,de,PRE,2546,7,de,+CIST,Pre,Pre,de,214,,PRE,C/(e)\
525,92,2,fust,fust,NOM:obj:masc:sg,2547,7,estre1|fuster,+I|+M,N,N,,214,,VER,C/V\
526,92,3,",",",",PON,2548,7,",",,Pnc,Pnc,,214,,PON,
527,92,4,si,si,PROCON,2549,7,si,C,Adv,Adv,si4,214,,PROCON,C/V\
528,92,5,que,que,PROCON,2550,7,que2|que3|que,T|S|C,Sub,Sub,que,214,,PROCON,C/(e)\
529,92,6,il,il,PRO:pers:suj:3:masc:sg:unb,2551,7,il,CIST,Prn,Prn$,3p,214,s,PRO:pers,/V\
530,92,7,peust,peust,VER:subi:3:sg,2552,7,paistre|pöoir,+MMd|+Id,Vfin,Vfin,pouvoir2,214,,VER,C/(V)\.'/V\
531,92,8,miex,miex,ADV,2553,7,mieus,*I,Adv,Adv,mieux,214,,ADV,C/V\
532,92,9,estre,estre,VER:infi,2554,7,entr'estre|estre1,+M|+IT,Vinf,Vinf,être1|ester,214,,VER,'/V\.C/(e)\
533,93,1,curé,curé,VER:pper:masc:sg,2555,7,curer,+M,Vpp,Vpp,,214,,VER,C/V\.'C/V\
534,93,2,et,et,CON:coord,2556,7,et,ST,Crd,Crd,et,214,,CON:coord,/V\
535,93,3,estre,estre,VER:infi,2557,7,entr'estre|estre1,+M|+IT,Vinf,Vinf,être1|ester,214,,VER,'/V\.C/(e)\
536,93,4,entre,entre,PRE,2558,7,entre2|entre,+ST|CI,PrA,PrA,entre,214,,PRE,'/V\.C/(e)\
537,93,5,les,les,DET:def:obj:femi:pl,2559,7,le,CST,Det,Det,le,214,,DET:def,C/V\
538,93,6,genz,genz,NOM:obj:femi:pl,2560,7,gent1,+I,N,N,,214,,NOM,C/V\
539,94,1,entre,entre,PRE,2558,7,entre2|entre,+ST|CI,PrA,PrA,entre,214,,PRE,'/V\.C/(e)\
540,94,2,les,les,DET:def:obj:femi:pl,2559,7,le,CST,Det,Det,le,214,,DET:def,C/V\
541,94,3,genz,genz,NOM:obj:femi:pl,2560,7,gent1,+I,N,N,,214,,NOM,C/V\
542,94,4,a,a,PRE,2561,7,a3|a,+T|CGIS,Pre,Pre,à,214,,PRE,/V\
543,94,5,gaaignier,gaaignier,VER:infi,2562,7,gäaignier1,+Td,Vinf,Vinf,gagner,214,,VER,C/(V)\./V\.'C/V\
544,95,1,et,et,CON:coord,2631,7,et,ST,Crd,Crd,et,218,,CON:coord,/V\
545,95,2,comme,comme,CON:subord,2632,7,come1|come,*I|CI,Sub,Sub,comme,218,,CON:subord,'C/V\.C/(e)\
546,95,3,les,les,DET:def:suj:masc:pl,2633,7,le,CST,Det,Det,le,218,,DET:def,C/V\
547,95,4,os,os,NOM:suj:masc:pl,2634,7,os2|os7|ost|ues,+IT|+T|+T|+T,N,N,,218,,NOM,/V\
548,95,5,devant,devant,PRE,2635,7,devant,IST,PrA,PrA,devant,218,,PRE,C/V\.'C/V\
549,95,6,diz,diz,VER:pper:masc:pl,2636,7,dit,+I,Vpp,Vpp,dire,218,,NOM,C/V\
550,96,1,devant,devant,PRE,2635,7,devant,IST,PrA,PrA,devant,218,,PRE,C/V\.'C/V\
551,96,2,diz,diz,VER:pper:masc:pl,2636,7,dit,+I,Vpp,Vpp,dire,218,,NOM,C/V\
552,96,3,fussent,fussent,VER:subi:3:pl,2637,7,estre1|estre,+I|CMI,Vfin,Vfin,être1|ester,218,,VER,'C/V\.C/e\
553,96,4,aportez,aportez,VER:pper:masc:pl,2638,7,aporter|porter,+I|+M,Vpp,Vpp,apporter,218,,VER,/V\.C/V\.'C/V\
554,97,1,fussent,fussent,VER:subi:3:pl,2637,7,estre1|estre,+I|CMI,Vfin,Vfin,être1|ester,218,,VER,'C/V\.C/e\
555,97,2,aportez,aportez,VER:pper:masc:pl,2638,7,aporter|porter,+I|+M,Vpp,Vpp,apporter,218,,VER,/V\.C/V\.'C/V\
556,97,3,a,a,PRE,2639,7,a3|a,+T|CGIS,Pre,Pre,à,218,,PRE,/V\
557,97,4,paris,paris,NPR:obj:masc:sg,2640,7,paris,CI|Z,N,N,,218,,NPR,C/V\.'C/V\
558,98,1,que,que,PROCON,2678,7,que2|que3|que,T|S|C,Sub,Sub,que,218,,PROCON,C/(e)\
559,98,2,il,il,PRO:pers:suj:3:masc:sg:unb,2679,7,il,CIST,Prn,Prn$,3p,218,s,PRO:pers,/V\
560,98,3,les,les,PRO:pers:acc:3:masc:pl,2680,7,il,CIST,Prn,Prn$$,3p,218,c,PRO:pers,C/V\
561,98,4,feroit,feroit,VER:cond:3:sg,2681,7,faire|ferir,+MI|+MI,Vfin,Vfin,faire,218,,VER,C/V\.'C/V\
562,98,5,ausi,ausi,ADV,2682,7,aussi,+CI,Adv,Adv,aussi,218,,ADV,/V\.'C/V\
563,98,6,pour,pour,PRE,2683,7,por2|por,+ST|C,Pre,Pre,pour,218,,PRE,C/V\
564,98,7,lui,lui,PRO:pers:obj:3:masc:sg:bet,2684,7,il|loi1,CIST|S,Prn,Prn,3p,218,,PRO:pers,C/V\
565,99,1,delez,delez,PRE,2721,7,dalez,CIS,PrA,PrA,delez,220,,PRE,C/V\.'C/V\
566,99,2,la,la,DET:def:obj:femi:sg,2722,7,le,CST,Det,Det,le,220,,DET:def,C/V\
567,99,3,porte,porte,NOM:obj:femi:sg,2723,7,porte1|porte2,+IT|+T,N,N,,220,,NOM,'C/V\.C/(e)\
568,99,4,du,du,PREDET:de:obj:masc:sg,2724,7,de+le|le,S|C,Pre+Det,Pre+Det,de+le,220,,PREDET:de,C/V\
569,99,5,palais,palais,NOM:obj:masc:sg,2725,7,palais2|palais3|palé,+T|+T|+T,N,N,,220,,NOM,C/V\.'C/V\
570,100,1,et,et,CON:coord,2727,7,et,ST,Crd,Crd,et,221,,CON:coord,/V\
571,100,2,en,en,PRE,2728,7,en1|en,+IST|CI,Pre,Pre,en1,221,,PRE,/V\
572,100,3,apres,aprés,PRE,2729,7,apres|après,C|IdSTd,PrA,PrA,après,221,,PRE,/V\.'C/V\
573,100,4,",",",",PON,2730,7,",",,Pnc,Pnc,,221,,PON,
574,100,5,comme,comme,CON:subord,2731,7,come1|come,*I|CI,Sub,Sub,comme,221,,CON:subord,'C/V\.C/(e)\
575,100,6,les,les,DET:def:suj:masc:pl,2732,7,le,CST,Det,Det,le,221,,DET:def,C/V\
576,100,7,os,os,NOM:suj:masc:pl,2733,7,os2|os7|ost|ues,+IT|+T|+T|+T,N,N,,221,,NOM,/V\
577,101,1,fussent,fussent,VER:subi:3:pl,2737,7,estre1|estre,+I|CMI,Vfin,Vfin,être1|ester,221,,VER,'C/V\.C/e\
578,101,2,portez,portez,VER:pper:masc:pl,2738,7,porter,+MI,Vpp,Vpp,porter,221,,VER,C/V\.'C/V\
579,101,3,a,a,PRE,2739,7,a3|a,+T|CGIS,Pre,Pre,à,221,,PRE,/V\
580,101,4,saint,saint,ADJ:obj:masc:sg,2740,7,saint1|saint,T|CI,N,N,,221,,ADJ,C/V\
581,101,5,denis,denis,NPR:obj:masc:sg,2741,7,denis,Z,N,N,,221,,NPR,C/V\.'C/V\
582,102,1,et,et,CON:coord,2742,7,et,ST,Crd,Crd,et,221,,CON:coord,/V\
583,102,2,ilecques,ilecques,ADV,2743,7,iluec,+Z,Adv,Adv,illuec,221,,ADV,/V\.'C/V\.C/e\
584,102,3,enseveliz,enseveliz,VER:pper:masc:pl,2744,7,ensevelir,+Z,Vpp,Vpp,,221,,VER,/V\.C/e\.C/e\.'C/V\
585,103,1,le,le,DET:def:suj:masc:sg,2746,7,il,CIST,Det,Det,le,221,,PRO:pers,C/(e)\
586,103,2,dit,dit,VER:pper:masc:sg,2747,7,dire,+CMI,Vpp,Vpp,dire,221,,VER,C/V\
587,103,3,guillot,guillot,NPR:suj:masc:sg,2748,7,guillot,Z,N,N,,221,,NPR,C/V\.'C/V\
588,103,4,vint,vint,VER:simp:3:sg,2749,7,venir|voir,+CI|M,Vfin,Vfin,venir,221,,VER,C/V\
589,103,5,a,a,PRE,2750,7,a3|a,+T|CGIS,Pre,Pre,à,221,,PRE,/V\
590,103,6,potences,potences,NOM:obj:femi:pl,2751,7,potence1|potence2,*+T|+T,N,N,,221,,NOM,C/V\.'C/V\.C/e\
591,104,1,vint,vint,VER:simp:3:sg,2749,7,venir|voir,+CI|M,Vfin,Vfin,venir,221,,VER,C/V\
592,104,2,a,a,PRE,2750,7,a3|a,+T|CGIS,Pre,Pre,à,221,,PRE,/V\
593,104,3,potences,potences,NOM:obj:femi:pl,2751,7,potence1|potence2,*+T|+T,N,N,,221,,NOM,C/V\.'C/V\.C/e\
594,104,4,au,au,PREDET:a:obj:masc:sg,2752,7,a+le|le,S|C,Pre+Det,Pre+Det,à+le,221,,PREDET:a,/V\
595,104,5,tombel,tombel,NOM:obj:masc:sg,2753,7,tombel,+T,N,N,,221,,NOM,C/V\.'C/V\
596,105,1,com,com,CON:subord,2764,7,come1,ST,Sub,Sub,comme,222,,CON:subord,C/V\
597,105,2,il,il,PRO:pers:suj:3:masc:sg:unb,2765,7,il,CIST,Prn,Prn$,3p,222,s,PRO:pers,/V\
598,105,3,revenoit,revenoit,VER:impf:3:sg,2766,7,revenir,+I,Vfin,Vfin,revenir,222,,VER,C/V\.C/e\.'C/V\
599,105,4,a,a,PRE,2767,7,a3|a,+T|CGIS,Pre,Pre,à,222,,PRE,/V\
600,105,5,potence,potence,NOM:obj:femi:sg,2768,7,potence1|potence2,+T|+T,N,N,,222,,NOM,C/V\.'C/V\.C/(e)\
601,106,1,il,il,PRO:pers:suj:3:masc:sg:unb,2772,7,il,CIST,Prn,Prn$,3p,222,s,PRO:pers,/V\
602,106,2,se,se,PROCON,2773,7,se,C,Prn,Prn$$,soi,222,,PROCON,C/(e)\
603,106,3,senti,senti,VER:simp:3:sg,2774,7,sentir,+IM,Vfin,Vfin,sentir,222,,VER,C/V\.'C/V\
604,106,4,si,si,PROCON,2775,7,si,C,Adv,Adv,si4,222,,PROCON,C/V\
605,106,5,alegié,alegié,VER:pper:masc:sg,2776,7,alegier1|aligier,+I|+M,Vpp,Vpp,,222,,VER,/V\.C/V\.'C/V\
606,107,1,et,et,CON:coord,2780,7,et,ST,Crd,Crd,et,222,,CON:coord,/V\
607,107,2,sanz,sanz,PRE,2781,7,sans|senz,+IS|C,Pre,Pre,sans,222,,PRE,C/V\
608,107,3,baston,baston,NOM:obj:masc:sg,2782,7,baston,+IT,N,N,,222,,NOM,C/V\.'C/V\
609,107,4,",",",",PON,2783,7,",",,Pnc,Pnc,,222,,PON,
610,107,5,la,la,DET:def:obj:femi:sg,2784,7,le,CST,Det,Det,le,222,,DET:def,C/V\
611,107,6,quele,quele,ADJ:obj:femi:sg,2785,7,quel1|quel,I|CI,Qux,Qux,quel,222,,ADJ,'C/V\.C/(e)\
612,107,7,chose,chose,NOM:obj:femi:sg,2786,7,chose,+CIT,N,N,,222,,NOM,'C/V\.C/(e)\
613,108,1,la,la,DET:def:obj:femi:sg,2784,7,le,CST,Det,Det,le,222,,DET:def,C/V\
614,108,2,quele,quele,ADJ:obj:femi:sg,2785,7,quel1|quel,I|CI,Qux,Qux,quel,222,,ADJ,'C/V\.C/(e)\
615,108,3,chose,chose,NOM:obj:femi:sg,2786,7,chose,+CIT,N,N,,222,,NOM,'C/V\.C/(e)\
616,108,4,il,il,PRO:pers:suj:3:masc:sg:unb,2787,7,il,CIST,Prn,Prn$,3p,222,s,PRO:pers,/V\
617,108,5,n,n,PRO:clit,2788,7,en2|ne,S|C,Neg,Neg$$,ne1,222,,PRO:clit,C/\
618,108,6,avoit,avoit,VER:impf:3:sg,2789,7,avoiier|avoir,+MI|+MI,Vfin,Vfin,avoir1,222,,VER,/V\.'C/V\
619,108,7,fet,fet,VER:pper:masc:sg,2790,7,faire|feire|fere,+CMI|M|M,Vpp,Vpp,faire,222,,VER,C/V\
620,109,1,et,et,CON:coord,2820,7,et,ST,Crd,Crd,et,223,,CON:coord,/V\
621,109,2,va,va,VER:impe:2:sg,2821,7,aler,+CMIT,Vfin,Vfin,aller,223,,VER,C/V\
622,109,3,arriere,arriere,ADV,2822,7,ariere,I,PrA,PrA,arrière,223,,ADV,/V\.'C/V\.C/(e)\
623,109,4,au,au,PREDET:a:obj:masc:sg,2823,7,a+le|le,S|C,Pre+Det,Pre+Det,à+le,223,,PREDET:a,/V\
624,109,5,dit,dit,VER:pper:masc:sg,2824,7,dire,+CMI,Vpp,Vpp,dire,223,,VER,C/V\
625,109,6,tombel,tombel,NOM:obj:masc:sg,2825,7,tombel,+T,N,N,,223,,NOM,C/V\.'C/V\
626,110,1,apres,aprés,PRE,2888,7,apres|après,C|IdSTd,PrA,PrA,après,225,,PRE,/V\.'C/V\
627,110,2,que,que,PROCON,2889,7,que2|que3|que,T|S|C,Sub,Sub,que,225,,PROCON,C/(e)\
628,110,3,il,il,PRO:pers:suj:3:masc:sg:unb,2890,7,il,CIST,Prn,Prn$,3p,225,s,PRO:pers,/V\
629,110,4,revint,revint,VER:simp:3:sg,2891,7,n/a,n/a,Vfin,Vfin,revenir,225,,VER,C/V\.'C/V\
630,110,5,au,au,PREDET:a:obj:masc:sg,2892,7,a+le|le,S|C,Pre+Det,Pre+Det,à+le,225,,PREDET:a,/V\
631,110,6,tombel,tombel,NOM:obj:masc:sg,2893,7,tombel,+T,N,N,,225,,NOM,C/V\.'C/V\
632,111,1,la,la,DET:def:suj:femi:sg,2905,7,le,CST,Det,Det,le,225,,DET:def,C/V\
633,111,2,quele,quele,ADJ:suj:femi:sg,2906,7,quel1|quel,I|CI,Qux,Qux,quel,225,,ADJ,'C/V\.C/(e)\
634,111,3,estoit,estoit,VER:impf:3:sg,2907,7,ester|estre1,+IM|+I,Vfin,Vfin,être1|ester,225,,VER,/V\.'C/V\
635,111,4,sus,sus,ADV,2908,7,sus,I,PrA,PrA,sus,225,,ADV,C/V\
636,111,5,le,le,DET:def:obj:masc:sg,2909,7,le,CST,Det,Det,le,225,,DET:def,C/(e)\
637,111,6,tombel,tombel,NOM:obj:masc:sg,2910,7,tombel,+T,N,N,,225,,NOM,C/V\.'C/V\
638,112,1,et,et,CON:coord,2916,7,et,ST,Crd,Crd,et,225,,CON:coord,/V\
639,112,2,en,en,PRO:clit,2917,7,en2|en,S|C,Prn,Prn$$,en2,225,,PRO:clit,/V\
640,112,3,metoit,metoit,VER:impf:3:sg,2918,7,metre,IM,Vfin,Vfin,mettre,225,,VER,C/V\.'C/V\
641,112,4,es,es,PREDET:en:obj:masc:pl,2919,7,en1+le|le,S|C,Pre+Det,Pre+Det,en1+le,225,,PREDET:en,/V\
642,112,5,nuef,nuef,ADJ:card,2920,7,nuef1|nuef,IT|CI,Adj,Adj,,225,,ADJ:card,C/V\
643,112,6,pertuis,pertuis,NOM:obj:masc:pl,2921,7,pertuis,+IT,N,N,,225,,NOM,C/V\.'C/V\
644,113,1,et,et,CON:coord,2953,7,et,ST,Crd,Crd,et,226,,CON:coord,/V\
645,113,2,furent,furent,VER:simp:3:pl,2954,7,estre1|estre,+I|CMI,Vfin,Vfin,être1|ester,226,,VER,'C/V\.C/e\
646,113,3,reempliz,reempliz,VER:pper:masc:pl,2955,7,UNKNOWN,,Vpp,Vpp,remplir,226,,VER,C/(V)\./V\.'C/V\
647,113,4,de,de,PRE,2956,7,de,+CIST,Pre,Pre,de,226,,PRE,C/(e)\
648,113,5,char,char,NOM:obj:femi:sg,2957,7,char1|char2,+IT|+IT,N,N,,226,,NOM,C/V\
649,114,1,sanz,sanz,PRE,2959,7,sans|senz,+IS|C,Pre,Pre,sans,226,,PRE,C/V\
650,114,2,aucune,aucune,DET:ind:obj:femi:sg,2960,7,aucun,CS,QIs,QIs,aucun,226,,DET:ind,/V\.'C/V\.C/(e)\
651,114,3,autre,autre,ADJ:obj:femi:sg,2961,7,autre,CIId,Adj,Adj,autre,226,,ADJ,'/V\.C/(e)\
652,114,4,medecine,medecine,NOM:obj:femi:sg,2962,7,medecine,+IT,N,N,,226,,NOM,C/V\.C/e\.'C/V\.C/(e)\
653,115,1,ot,ot,VER:simp:3:sg,2969,7,avoir|öir,+IM|+I,Vfin,Vfin,avoir1|ouïr,227,,VER,/V\
654,115,2,ilec,ilec,ADV,2970,7,iluec,+T,Adv,Adv,illuec,227,a,ADV,/V\.'C/V\
655,115,3,esté,esté,VER:pper:masc:sg,2971,7,ester|estre1,+MI|+I,Vpp,Vpp,être1|ester,227,,VER,/V\.'C/V\
656,115,4,par,par,PRE,2972,7,par,CIS,Pre,Pre,par1,227,,PRE,C/V\
657,115,5,nuef,nuef,ADJ:card,2973,7,nuef1|nuef,IT|CI,Adj,Adj,,227,,ADJ:card,C/V\
658,115,6,jours,jours,NOM:obj:masc:pl,2974,7,jor,+C,N,N,,227,,NOM,C/V\
659,116,1,a,a,PRE,2990,7,a3|a,+T|CGIS,Pre,Pre,à,227,,PRE,/V\
660,116,2,potences,potences,NOM:obj:femi:pl,2991,7,potence1|potence2,*+T|+T,N,N,,227,,NOM,C/V\.'C/V\.C/e\
661,116,3,pour,pour,PRE,2992,7,por2|por,+ST|C,Pre,Pre,pour,227,,PRE,C/V\
662,116,4,la,la,DET:def:obj:femi:sg,2993,7,le,CST,Det,Det,le,227,,DET:def,C/V\
663,116,5,feblece,feblece,NOM:obj:femi:sg,2994,7,feblece,+IT,N,N,,227,,NOM,C/V\.'C/V\.C/(e)\
664,117,1,et,et,CON:coord,2996,7,et,ST,Crd,Crd,et,227,,CON:coord,/V\
665,117,2,ilecques,ilecques,ADV,2997,7,iluec,+Z,Adv,Adv,illuec,227,,ADV,/V\.'C/V\.C/e\
666,117,3,il,il,PRO:pers:suj:3:masc:sg:unb,2998,7,il,CIST,Prn,Prn$,3p,227,s,PRO:pers,/V\
667,117,4,les,les,PRO:pers:acc:3:masc:pl,2999,7,il,CIST,Prn,Prn$$,3p,227,c,PRO:pers,C/V\
668,117,5,lessa,lessa,VER:simp:3:sg,3000,7,laissier,+CI,Vfin,Vfin,laisser,227,,VER,C/V\.'C/V\
669,118,1,deca,deca,ADV,3019,7,deça,IdTd,PrA,PrA,deça,227,,ADV,C/e\.'C/V\
670,118,2,et,et,CON:coord,3020,7,et,ST,Crd,Crd,et,227,,CON:coord,/V\
671,118,3,dela,dela,ADV,3021,7,dela,T,PrA,PrA,delà,227,,ADV,C/V\.'C/V\
672,118,4,par,par,PRE,3022,7,par,CIS,Pre,Pre,par1,227,,PRE,C/V\
673,118,5,les,les,DET:def:obj:femi:pl,3023,7,le,CST,Det,Det,le,227,,DET:def,C/V\
674,118,6,voies,voies,NOM:obj:femi:pl,3024,7,voie,+CI,N,N,,227,,NOM,'C/V\./e\
675,119,1,sanz,sanz,PRE,3025,7,sans|senz,+IS|C,Pre,Pre,sans,227,,PRE,C/V\
676,119,2,autre,autre,ADJ:obj:femi:sg,3026,7,autre,CIId,Adj,Adj,autre,227,,ADJ,'/V\.C/(e)\
677,119,3,aide,aide,NOM:obj:femi:sg,3027,7,äie,+IdTd,N,N,,227,,NOM,'/V\.C/(e)\
678,119,4,par,par,PRE,3028,7,par,CIS,Pre,Pre,par1,227,,PRE,C/V\
679,119,5,quatre,quatre,ADJ:card,3029,7,catre,CIT,QIs,QIs,4,227,,ADJ:card,'C/V\.C/(e)\
680,119,6,mois,mois,NOM:obj:masc:pl,3030,7,mes4|mois2|mois3|mois,+T|+IT|+T|+CIT,N,N,,227,,NOM,C/V\
681,120,1,par,par,PRE,3028,7,par,CIS,Pre,Pre,par1,227,,PRE,C/V\
682,120,2,quatre,quatre,ADJ:card,3029,7,catre,CIT,QIs,QIs,4,227,,ADJ:card,'C/V\.C/(e)\
683,120,3,mois,mois,NOM:obj:masc:pl,3030,7,mes4|mois2|mois3|mois,+T|+IT|+T|+CIT,N,N,,227,,NOM,C/V\
684,120,4,ou,ou,PROCON,3031,7,o|où,C|Td,Crd,Crd,ou1,227,,PROCON,/V\
685,120,5,environ,environ,ADV,3032,7,environ,IT,PrA,PrA,environ,227,,ADV,/V\.C/V\.'C/V\
686,121,1,ou,ou,PROCON,3031,7,o|où,C|Td,Crd,Crd,ou1,227,,PROCON,/V\
687,121,2,environ,environ,ADV,3032,7,environ,IT,PrA,PrA,environ,227,,ADV,/V\.C/V\.'C/V\
688,121,3,",",",",PON,3033,7,",",,Pnc,Pnc,,227,,PON,
689,121,4,pour,pour,PRE,3034,7,por2|por,+ST|C,Pre,Pre,pour,227,,PRE,C/V\
690,121,5,sa,sa,DET:poss:obj:femi:sg,3035,7,son4|son,S|C,Det,Det,son4,227,,DET:poss,C/V\
691,121,6,feblece,feblece,NOM:obj:femi:sg,3036,7,feblece,+IT,N,N,,227,,NOM,C/V\.'C/V\.C/(e)\
692,122,1,hors,hors,ADV,3052,7,hors,IT,PrA,PrA,hors,228,,ADV,C/V\
693,122,2,",",",",PON,3053,7,",",,Pnc,Pnc,,228,,PON,
694,122,3,mes,mes,CON:subord,3054,7,UNKNOWN,,Crd,Crd,mais1,228,,CON:subord,C/V\
695,122,4,les,les,DET:def:suj:femi:pl,3055,7,le,CST,Det,Det,le,228,,DET:def,C/V\
696,122,5,traces,traces,NOM:suj:femi:pl,3056,7,trace,*+IT,N,N,,228,,NOM,'C/V\.C/e\
697,122,6,i,i,PRO:clit,3057,7,i2|i|y,S|C|C,Prn,Prn$$,y,228,,PRO:clit,/V\
698,122,7,estoient,estoient,VER:impf:3:pl,3058,7,ester|estre1,+M|+I,Vfin,Vfin,être1|ester,228,,VER,/V\.'C/V\./e\
699,123,1,et,et,CON:coord,3060,7,et,ST,Crd,Crd,et,228,,CON:coord,/V\
700,123,2,peust,peust,VER:subi:3:sg,3061,7,paistre|pöoir,+MMd|+Id,Vfin,Vfin,pouvoir2,228,,VER,C/(V)\.'/V\
701,123,3,donc,donc,ADV,3062,7,donc,I,Adv,Adv,donc,228,,ADV,C/V\
702,123,4,le,le,DET:def:suj:masc:sg,3063,7,il,CIST,Det,Det,le,228,,PRO:pers,C/(e)\
703,123,5,dit,dit,VER:pper:masc:sg,3064,7,dire,+CMI,Vpp,Vpp,dire,228,,VER,C/V\
704,123,6,guillot,guillot,NPR:suj:masc:sg,3065,7,guillot,Z,N,N,,228,,NPR,C/V\.'C/V\
705,124,1,sanz,sanz,PRE,3068,7,sans|senz,+IS|C,Pre,Pre,sans,228,,PRE,C/V\
706,124,2,baston,baston,NOM:obj:masc:sg,3069,7,baston,+IT,N,N,,228,,NOM,C/V\.'C/V\
707,124,3,se,se,PROCON,3070,7,se,C,Sub,Sub,si3,228,,PROCON,C/(e)\
708,124,4,il,il,PRO:pers:suj:3:masc:sg:unb,3071,7,il,CIST,Prn,Prn$,3p,228,s,PRO:pers,/V\
709,124,5,eust,eust,VER:subi:3:sg,3072,7,avoir,+CMMdId,Vfin,Vfin,avoir1,228,,VER,/(V)\.'/V\
710,124,6,voulu,voulu,VER:pper:masc:sg,3073,7,voloir,+Z,Vpp,Vpp,vouloir,228,,VER,C/V\.'C/V\
711,125,1,et,et,CON:coord,3084,7,et,ST,Crd,Crd,et,229,,CON:coord,/V\
712,125,2,apres,aprés,PRE,3085,7,apres|après,C|IdSTd,PrA,PrA,après,229,,PRE,/V\.'C/V\
713,125,3,ce,ce,PRO:invar,3086,7,ce1|ce,S|C,Prn,Prn,ce1,229,,PRO:invar,C/(e)\
714,125,4,",",",",PON,3087,7,",",,Pnc,Pnc,,229,,PON,
715,125,5,il,il,PRO:pers:suj:3:masc:sg:unb,3088,7,il,CIST,Prn,Prn$,3p,229,s,PRO:pers,/V\
716,125,6,fu,fu,VER:simp:3:sg,3089,7,estre1|estre,+I|CMI,Vfin,Vfin,être1|ester,229,,VER,C/V\
717,125,7,touz,touz,DET:ind:obj:masc:pl,3090,7,tot,CS,QIs,QIs,tout,229,,DET:ind,C/V\
718,125,8,jours,jours,NOM:obj:masc:pl,3091,7,jor,+C,N,N,,229,,NOM,C/V\
719,125,9,sain,sain,ADJ:suj:masc:sg,3092,7,sain,+IT,Adj,Adj,,229,,ADJ,C/V\
720,126,1,au,au,PREDET:a:obj:masc:sg,3134,7,a+le|le,S|C,Pre+Det,Pre+Det,à+le,231,,PREDET:a,/V\
721,126,2,jour,jour,NOM:obj:masc:sg,3135,7,jor,+C,N,N,,231,,NOM,C/V\
722,126,3,que,que,PROCON,3136,7,que2|que3|que,T|S|C,Qux,Qux,que,231,,PROCON,C/(e)\
723,126,4,il,il,PRO:pers:suj:3:masc:sg:unb,3137,7,il,CIST,Prn,Prn$,3p,231,s,PRO:pers,/V\
724,126,5,recorda,recorda,VER:simp:3:sg,3138,7,recorder,*+IT,Vfin,Vfin,recorder,231,,VER,C/V\.C/V\.'C/V\
725,126,6,ce,ce,DET:demo:obj:masc:sg,3139,7,ce1|ce,S|C,Dem,Dem,cist,231,,PRO:invar,C/(e)\
726,126,7,fet,fet,NOM:obj:masc:sg,3140,7,faire|feire|fere,+CMI|M|M,N,N,,231,,VER,C/V\
