wd_id,line_id,linewd,word,lex_id,tag,old_wd_id,TT lemma,syntag,textlineid,synfunc
1,1,1,du,du,PREDET:de,12,de+le_S,Pre+Det,516,
2,1,2,soleil,soleil,NOM,13,soleil_+IT,N,517,
3,1,3,et,et,CON:coord,14,et_S,Crd,517,
4,1,4,nature,nature,NOM,15,nature_+IT,N,517,
5,2,1,et,et,CON:coord,14,et_S,Crd,517,
6,2,2,nature,nature,NOM,15,nature_+IT,N,517,
7,2,3,contente,contente,ADJ,16,<nolem>,Adj,517,
8,3,1,contente,contente,ADJ,16,<nolem>,Adj,517,
9,3,2,du,du,PREDET:de,17,de+le_S,Pre+Det,517,
10,3,3,repos,repos,NOM,18,repos_+IT,N,517,
11,4,1,du,du,PREDET:de,17,de+le_S,Pre+Det,517,
12,4,2,repos,repos,NOM,18,repos_+IT,N,517,
13,4,3,de,de,PRE,19,de_+S,Pre,517,
14,4,4,la,la,DET:def,20,le_S,Det,517,
15,4,5,nuit,nuit,NOM,21,nuit_+CIT,N,517,
16,5,1,et,et,CON:coord,62,et_S,Crd,521,
17,5,2,le,le,DET:def,63,le_S,Det,521,
18,5,3,piteux,piteux,ADJ,64,<unknown>,Adj,521,
19,5,4,estat,estat,NOM,65,estat_+T,N,521,
20,6,1,et,et,CON:coord,117,et_S,Crd,526,
21,6,2,la,la,DET:def,118,le_S,Det,526,
22,6,3,perte,perte,NOM,119,perte_+CIT,N,526,
23,6,4,des,des,PREDET:de,120,de+le_S,Pre+Det,526,
24,6,5,princes,princes,NOM,121,prince_+C,N,527,
25,7,1,a,a,PRE,132,a_S,Vfin,528,
26,7,2,laissié,laissié,VER,133,laissier_+M,Vpp,528,
27,7,3,ce,ce,DET:demo,134,cel|cist_S|S,Det,528,
28,7,4,royaume,royaume,NOM,135,roiaume_*+IT,N,528,
29,8,1,la,la,DET:def,156,le_S,Det,530,
30,8,2,grandeur,grandeur,NOM,157,grandor_*+T,N,530,
31,8,3,et,et,CON:coord,158,et_S,Crd,530,
32,8,4,distance,distance,NOM,159,distance_+T,N,530,
33,9,1,qui,qui,PROCON,183,qui_S,Sub,602,s
34,9,2,trouver,trouver,VER,184,trover_*+IT,Vinf,603,c
35,9,3,s',s',PRO:pers,185,soi1_S,Prn,603,
36,9,4,i,i,PRO:clit,186,i2_S,Prn,603,
37,9,5,pourroient,pourroient,VER,187,pooir_C,Vfin,603,
38,10,1,prudence,prudence,NOM,204,prudence_+T,N,604,&
39,10,2,et,et,CON:coord,205,et_S,Crd,604,
40,10,3,industrie,industrie,NOM,206,industrie_+T,N,605,
41,11,1,Aprés,aprés,ADV,221,après_I,Pre,606,
42,11,2,lesquelz,lesquelz,NOM,222,<unknown>,Det+Adj_S,606,
43,11,3,partis,partis,VER,223,partir_+IM,N,606,
44,12,1,et,et,CON:coord,240,et_S,Crd,607,
45,12,2,regle,regle,NOM,241,riule_+T,N,608,
46,12,3,a,a,PRE,242,a_S,Pre,608,
47,12,4,mettre,mettre,VER,243,manumettre|metre|mettre_M|IMMd|M,Vinf,608,
48,12,5,en,en,PRE,244,en1_+S,Pre,608,
49,12,6,oeuvre,oeuvre,NOM,245,uevre_+Z,N,608,
50,13,1,en,en,PRE,244,en1_+S,Pre,608,
51,13,2,oeuvre,oeuvre,NOM,245,uevre_+Z,N,608,
52,13,3,le,le,PRO:pers,246,il_S,Det,608,
53,13,4,povoir,povoir,VER,247,pouvoir_M,N,608,
54,14,1,que,que,PROCON,248,que3_S,Sub,608,c
55,14,2,Dieu,dieu,NOM,249,dieu_+CIT,N,608,s
56,14,3,nous,nous,PRO:pers,250,nos1_S,Prn,608,
57,14,4,a,a,VER,251,avoir_+CMI,Vfin,608,
58,14,5,laissié,laissié,VER,252,laissier_+M,Vpp,608,
59,15,1,nous,nous,PRO:pers,250,nos1_S,Prn,608,
60,15,2,a,a,VER,251,avoir_+CMI,Vfin,608,
61,15,3,laissié,laissié,VER,252,laissier_+M,Vpp,608,
62,15,4,",",",",PON,253,",",Pnc,608,
63,15,5,est,est,VER,254,ester|estre1_+M|+I,Vfin,609,
64,15,6,cause,cause,NOM,255,cause_+CIT,N,609,
65,16,1,de,de,PRE,256,de_+S,Pre,609,
66,16,2,la,la,DET:def,257,le_S,Det,609,
67,16,3,longue,longue,ADJ,258,lonc_+IT,Adj,609,
68,16,4,duree,duree,NOM,259,duree_+IT,N,609,
69,17,1,et,et,CON:coord,288,et_S,Crd,611,
70,17,2,corrumpues,corrumpues,VER,289,<unknown>,Vpp,611,
71,17,3,meurs,meurs,NOM,290,mors1_+T,N,612,
72,18,1,en,en,PRE,292,en1_+S,Pre,612,
73,18,2,nous,nous,PRO:pers,293,nos1_S,Prn,612,
74,18,3,le,le,DET:def,294,le_S,Det,612,
75,18,4,jugement,jugement,NOM,295,jugement_+CIT,N,612,
76,19,1,et,et,CON:coord,298,et_S,Crd,612,
77,19,2,noz,noz,DET:poss,299,nostre_S,Det,612,
78,19,3,parciaulx,parciaulx,ADJ,300,<unknown>,Adj,612,
79,19,4,desirs,desirs,NOM,301,desir_*+T,N,613,
80,20,1,et,et,CON:coord,317,et_S,Crd,614,
81,20,2,a,a,PRE,318,a_S,Pre,615,
82,20,3,noz,noz,DET:poss,319,nostre_S,Det,615,
83,20,4,ennemis,ennemis,NOM,320,enemi_*+I,N,615,
84,21,1,donnons,donnons,VER,328,doner|donner_*+CM|M,Vfin,615,
85,21,2,sur,sur,PRE,329,sor2_+S,Pre,616,
86,21,3,nous,nous,PRO:pers,330,nos1_S,Prn,616,
87,21,4,victoire,victoire,NOM,331,victoire_+IT,N,616,c
88,22,1,du,du,PREDET:de,364,de+le_S,Pre+Det,620,
89,22,2,premier,premier,ADJ:ord,365,premier_C,Adj,620,
90,22,3,repos,repos,NOM,366,repos_+IT,N,620,
91,23,1,et,et,CON:coord,395,et_S,Crd,623,
92,23,2,seigneury,seigneury,VER,396,<unknown>,Vpp,623,
93,23,3,maintien,maintien,VER,397,<nolem>,N,623,
94,24,1,que,que,PROCON,418,que3_S,Sub,625,
95,24,2,pour,pour,PRE,419,por2_+S,Pre,625,
96,24,3,lors,lors,ADV,420,lors_+CIT,Adv,625,
97,24,4,son,son,DET:poss,421,son4_S,Det,625,
98,24,5,estat,estat,NOM,422,estat_+T,N,625,
99,25,1,de,de,PRE,438,de_+S,Pre,627,
100,25,2,plus,plus,ADV,439,plus_CI,Adv,627,
101,25,3,grant,grant,ADJ,440,grant_+CIT,Adj,627,
102,25,4,maleurté,maleurté,NOM,441,malëurté_+IdTd,N,627,
103,26,1,maleurté,maleurté,NOM,441,malëurté_+IdTd,N,627,
104,26,2,et,et,CON:coord,442,et_S,Crd,627,
105,26,3,douleur,douleur,NOM,443,dolor_*+IT,N,628,
106,27,1,et,et,CON:coord,442,et_S,Crd,627,
107,27,2,douleur,douleur,NOM,443,dolor_*+IT,N,628,
108,27,3,advenir,advenir,VER,444,avenir_+Z,Pre+Vinf,628,
109,28,1,de,de,PRE,449,de_+S,Pre,628,
110,28,2,ce,ce,PRO:invar,450,ce1_S,Prn,628,
111,28,3,",",",",PON,451,",",Pnc,628,
112,28,4,ses,ses,DET:poss,452,son4_S,Det,628,
113,28,5,blons,blons,ADJ,453,blont_+Z,Adj,628,
114,28,6,cheveulx,cheveulx,NOM,454,<unknown>,N,628,
115,29,1,que,que,PROCON,494,que3_S,Sub,632,
116,29,2,ja,ja,ADV,495,ja_+CIT,Adv,632,
117,29,3,penchoit,penchoit,VER,496,<unknown>,Vfin,632,
118,29,4,de,de,PRE,497,de_+S,Pre,632,
119,29,5,coste,coste,NOM,498,cost1|coste1|coste2|coute_+T|+T|+T|+I,N,632,
120,30,1,ou,ou,PREDET:en,520,en1+le_S,Pre+Det,701,
121,30,2,paille,paille,NOM,521,paile|paille_+T|+IT,N,701,
122,30,3,qui,qui,PROCON,522,qui_S,Sub,701,s
123,30,4,son,son,DET:poss,523,son4_S,Det,701,
124,30,5,corps,corps,NOM,524,cors_C,N,701,
125,31,1,fait,fait,VER,531,faire|farre_+CMI|M,Vfin,702,
126,31,2,a,a,PRE,532,a_S,Pre,702,
127,31,3,ramentevoir,ramentevoir,VER,533,ramentevoir_+IT,Vinf,702,
128,32,1,De,de,PRE,535,de_+S,Pre,702,
129,32,2,trois,trois,ADJ:card,536,trois1|trois_T|CI,Adj,702,
130,32,3,paires,paires,NOM,537,paire_+C,N,703,
131,32,4,d',d',PRE,538,de_+S,Pre,703,
132,32,5,ouvraiges,ouvraiges,NOM,539,<unknown>,N,703,
133,33,1,sembloit,sembloit,VER,540,sembler_*+IMT,Vfin,703,
134,33,2,avoir,avoir,VER,541,avoir_+MIT,Vinf,703,
135,33,3,esté,esté,VER,542,ester|estre1_+MI|+I,Vpp,703,
136,34,1,tissu,tissu,VER,543,tistre_+MI,Vpp,703,
137,34,2,et,et,CON:coord,544,et_S,Crd,703,
138,34,3,assemblé,assemblé,VER,545,assembler_*+I,Vpp,703,
139,35,1,Premierement,premierement,ADV,547,premierement_I,Adv,704,
140,35,2,",",",",PON,548,",",Pnc,704,
141,35,3,en,en,PRE,549,en1_+S,Pre,704,
142,35,4,chief,chief,NOM,550,chief1|chief2_+IT|+T,N,704,
143,36,1,d',d',PRE,552,de_+S,Pre,704,
144,36,2,ancienne,ancienne,ADJ,553,anciien_*Z,Adj,704,
145,36,3,brodeure,brodeure,NOM,554,<unknown>,N,704,
146,37,1,les,les,DET:def,563,le_S,Det,705,
147,37,2,nobles,nobles,ADJ,564,noble1|noble_+I|CI,Adj,705,
148,37,3,fleurs,fleurs,NOM,565,flor1|fläor_*+T|+T,N,705,
149,37,4,de,de,PRE,566,de_+S,Pre,706,
150,37,5,lis,lis,NOM,567,lis_+IT,N,706,
151,38,1,de,de,PRE,566,de_+S,Pre,706,
152,38,2,lis,lis,NOM,567,lis_+IT,N,706,
153,38,3,tout,tout,PRO:ind,568,tot_S,Adv,706,
154,38,4,en,en,PRE,569,en1_+S,Pre,706,
155,38,5,travers,travers,NOM,570,travers_Z,N,706,
156,39,1,tout,tout,PRO:ind,568,tot_S,Adv,706,
157,39,2,en,en,PRE,569,en1_+S,Pre,706,
158,39,3,travers,travers,NOM,570,travers_Z,N,706,
159,39,4,semees,semees,VER,571,semer1|semer_+I|I,Vpp,706,
160,40,1,semees,semees,VER,571,semer1|semer_+I|I,Vpp,706,
161,40,2,de,de,PRE,572,de_+S,Pre,706,
162,40,3,banieres,banieres,NOM,573,baniere_+I,N,706,
163,41,1,gonphanons,gonphanons,NOM,575,<unknown>,N,706,&
164,41,2,et,et,CON:coord,576,et_S,Crd,706,
165,41,3,ensaignes,ensaignes,NOM,577,enseigne_*+T,N,707,
166,42,1,de,de,PRE,608,de_+S,Pre,710,
167,42,2,diverses,diverses,ADJ,609,divers_+I,Adj,710,
168,42,3,sciences,sciences,NOM,610,scïence_*+IdTd,N,710,
169,43,1,qui,qui,PROCON,628,qui_S,Sub,712,s
170,43,2,vers,vers,PRE,629,vers2_+S,Pre,712,
171,43,3,terre,terre,NOM,630,terre_+CIT,N,712,
172,43,4,pendoit,pendoit,VER,631,pendre_+MI,Vfin,712,
173,44,1,assez,assez,ADV,633,assez_+IT,Adv,712,
174,44,2,povoit,povoit,VER,634,pouvoir_M,Vfin,712,
175,44,3,on,on,PRO:invar,635,on_S,Prn,712,s
176,44,4,veoir,veoir,VER,636,vëoir_+IIdTd,Vinf,712,
177,45,1,et,et,CON:coord,646,et_S,Crd,714,
178,45,2,semences,semences,NOM,647,semence_*+IT,N,714,
179,45,3,tendans,tendans,VER,648,tendre_M,Vprs,714,
180,46,1,de,de,PRE,649,de_+S,Pre,714,
181,46,2,leurs,leurs,DET:poss,650,lor2_S,Det,714,
182,46,3,branches,branches,NOM,651,branche_+I,N,714,
183,46,4,en,en,PRE,652,en1_+S,Pre,714,
184,46,5,hault,hault,ADJ,653,haut_+Z,Adj,714,
185,47,1,et,et,CON:coord,684,et_S,Crd,717,
186,47,2,de,de,PRE,685,de_+S,Pre,717,
187,47,3,si,si,DET:poss,686,son4_S,Adv,717,
188,47,4,longue,longue,ADJ,687,lonc_+IT,Adj,717,
189,47,5,main,main,NOM,688,main2|main3_+IT|+T,N,717,
190,48,1,a,a,VER,693,avoir_+CMI,Pre,717,
191,48,2,y,y,PRO:clit,694,i2_S,Prn,718,
192,48,3,ouvrer,ouvrer,VER,695,ovrer_+M,Vinf,718,
193,48,4,et,et,CON:coord,696,et_S,Crd,718,
194,48,5,faire,faire,VER,697,faire_+MIT,Vinf,718,
195,49,1,et,et,CON:coord,696,et_S,Crd,718,
196,49,2,faire,faire,VER,697,faire_+MIT,Vinf,718,
197,49,3,l',l',DET:def,698,le_S,Det,718,
198,49,4,assemblee,assemblee,NOM,699,assemblee_+IT,N,718,
199,50,1,ne,ne,PRO:clit,712,en2_S,Neg,719,
200,50,2,fut,fut,VER,713,estre|futre_CMMdI|M,Vfin,719,
201,50,3,veu,veu,VER,714,vëoir|vöer1_+IdMMd|+I,Vpp,719,
202,50,4,le,le,DET:def,715,le_S,Det,719,
203,50,5,pareil,pareil,ADJ,716,pareil_IT,Adj,719,
204,51,1,le,le,DET:def,715,le_S,Det,719,
205,51,2,pareil,pareil,ADJ,716,pareil_IT,Adj,719,
206,51,3,",",",",PON,717,",",Pnc,719,
207,51,4,se,se,DET:poss,718,son4_S,Sub,719,
208,51,5,Fortune,fortune,NOM,719,fortune_+IT,N,719,
209,52,1,se,se,DET:poss,718,son4_S,Sub,719,
210,52,2,Fortune,fortune,NOM,719,fortune_+IT,N,719,
211,52,3,",",",",PON,720,",",Pnc,719,
212,52,4,envieuse,envieuse,ADJ,721,envïos_+Id,Adj,720,
213,53,1,lui,lui,PRO:pers,736,il|loi1_S|S,Prn,721,
214,53,2,despleut,despleut,VER,737,<unknown>,Vfin,721,
215,53,3,l',l',DET:def,738,le_S,Det,721,
216,53,4,excellence,excellence,NOM,739,excellence_+T,N,721,
217,54,1,et,et,CON:coord,751,et_S,Crd,722,
218,54,2,senestre,senestre,ADJ,752,<unknown>,Adj,722,
219,54,3,costé,costé,VER,753,coster1|coster_+I|IM,N,722,
220,55,1,froissez,froissez,VER,774,froissier|fruisser_*+IM|M,Vpp,725,
221,55,2,et,et,CON:coord,775,et_S,Crd,725,
222,55,3,derompuz,derompuz,VER,776,<unknown>,Vpp,725,
223,56,1,se,se,PRO:pers,789,soi1_S,Prn,726,
224,56,2,monstroit,monstroit,VER,790,mostrer_*+T,Vfin,726,
225,56,3,obscurcie,obscurcie,VER,791,<unknown>,Vpp,726,a
226,57,1,et,et,CON:coord,792,et_S,Crd,727,
227,57,2,pou,pou,ADV,793,poi_*I,Adv,727,
228,57,3,de,de,PRE,794,de_+S,Pre,727,
229,57,4,fleurs,fleurs,NOM,795,flor1|fläor_*+T|+T,N,727,
230,57,5,de,de,PRE,796,de_+S,Pre,727,
231,57,6,liz,liz,NOM,797,lis|lit1|lit2_+T|+I|+T,N,727,
232,58,1,entiere,entiere,ADJ,817,entier_*+I,Adj,729,
233,58,2,ne,ne,PRO:clit,818,en2_S,Crd,729,
234,58,3,conjointe,conjointe,VER,819,<unknown>,Vpp,729,
235,59,1,ne,ne,PRO:clit,818,en2_S,Crd,729,
236,59,2,conjointe,conjointe,VER,819,<unknown>,Vpp,729,
237,59,3,",",",",PON,820,",",Pnc,729,
238,59,4,et,et,CON:coord,821,et_S,Crd,729,
239,59,5,les,les,DET:def,822,le_S,Det,729,
240,59,6,lectres,lectres,NOM,823,letre_+C,N,729,
241,60,1,et,et,CON:coord,821,et_S,Crd,729,
242,60,2,les,les,DET:def,822,le_S,Det,729,
243,60,3,lectres,lectres,NOM,823,letre_+C,N,729,
244,60,4,formees,formees,VER,824,former_*+I,Vpp,729,
245,61,1,formees,formees,VER,824,former_*+I,Vpp,729,
246,61,2,et,et,CON:coord,825,et_S,Crd,730,
247,61,3,assises,assises,VER,826,asseoir|assëoir|seoir_+C|I|M,Vpp,730,
248,62,1,s',s',PRO:pers,841,soi1_S,Prn,731,
249,62,2,en,en,PRO:clit,842,en2_S,Prn,731,
250,62,3,povoit,povoit,VER,843,pouvoir_M,Vfin,731,
251,62,4,assembler,assembler,VER,844,assembler_+IT,Vinf,731,c
252,63,1,de,de,PRE,856,de_+S,Pre,732,
253,63,2,la,la,DET:def,857,le_S,Det,732,
254,63,3,basse,basse,ADJ,858,bas_+I,Adj,733,
255,63,4,partie,partie,NOM,859,partie_+CIT,N,733,
256,64,1,et,et,CON:coord,878,et_S,Crd,801,
257,64,2,en,en,PRE,879,en1_+S,Pre,801,
258,64,3,destruction,destruction,NOM,880,destructïon_+IdTd,N,801,
259,65,1,par,par,PRE,882,par_S,Pre,801,
260,65,2,rudement,rudement,NOM,883,<unknown>,N,801,
261,65,3,frapper,frapper,VER,884,fraper_+M,Vinf,802,
262,66,1,tirer,tirer,VER,886,tirer_+IMT,Vinf,802,&
263,66,2,et,et,CON:coord,887,et_S,Crd,802,
264,66,3,detrainer,detrainer,VER,888,<unknown>,Vinf,802,
265,67,1,l',l',DET:def,894,le_S,Det,802,
266,67,2,emprainte,emprainte,NOM,895,<nolem>,N,802,
267,67,3,de,de,PRE,896,de_+S,Pre,803,
268,67,4,la,la,DET:def,897,le_S,Det,803,
269,67,5,terre,terre,NOM,898,terre_+CIT,N,803,
270,68,1,apparoit,apparoit,VER,899,aparoir|paroir_+C|+M,Vfin,803,
271,68,2,descouverte,descouverte,VER,900,descovrir_*+I,Vpp,803,a
272,69,1,comme,comme,VER,906,commer_M,Sub,804,
273,69,2,desracinees,desracinees,VER,907,<unknown>,Vpp,804,
274,70,1,gectees,gectees,VER,909,geter_+M,Vpp,804,&
275,70,2,et,et,CON:coord,910,et_S,Crd,804,
276,70,3,pendans,pendans,VER,911,pendre_+M,Vprs,804,
277,71,1,et,et,CON:coord,910,et_S,Crd,804,
278,71,2,pendans,pendans,VER,911,pendre_+M,Vprs,804,
279,71,3,au,au,PREDET:a,912,a+le_S,Pre+Det,804,
280,71,4,travers,travers,NOM,913,travers_Z,N,804,
281,72,1,avoit,avoit,VER,1011,avoiier|avoir_+MI|+MI,Vfin,814,
282,72,2,de,de,PRE,1012,de_+S,Pre,814,
283,72,3,coste,coste,NOM,1013,cost1|coste1|coste2|coute_+T|+T|+T|+I,N,814,
284,72,4,soy,soy,VER,1014,savoir_+M,Prn,814,
285,73,1,de,de,PRE,1038,de_+S,Pre,817,
286,73,2,souverains,souverains,ADJ,1039,soverain_*IT,Adj,817,
287,73,3,ouvriers,ouvriers,NOM,1040,ovrier1|ovrier_*+I|I,N,817,
288,74,1,enrichy,enrichy,VER,1042,<unknown>,Vpp,817,
289,74,2,d',d',PRE,1043,de_+S,Pre,818,
290,74,3,entailleures,entailleures,NOM,1044,entaillëure_*+Td,N,818,
291,75,1,d',d',PRE,1043,de_+S,Pre,818,
292,75,2,entailleures,entailleures,NOM,1044,entaillëure_*+Td,N,818,
293,75,3,",",",",PON,1045,",",Pnc,818,
294,75,4,paintures,paintures,NOM,1046,<unknown>,N,818,&
295,76,1,paintures,paintures,NOM,1046,<unknown>,N,818,&
296,76,2,",",",",PON,1047,",",Pnc,818,
297,76,3,armoeries,armoeries,NOM,1048,<unknown>,N,818,&
298,77,1,sinon,sinon,NOM,1100,<unknown>,Adv,822,
299,77,2,aucuns,aucuns,PRO:ind,1101,aucun_S,Det,823,
300,77,3,appuys,appuys,VER,1102,<unknown>,N,823,
301,78,1,de,de,PRE,1103,de_+S,Pre,823,
302,78,2,foibles,foibles,ADJ,1104,foible_+I,Adj,823,
303,78,3,et,et,CON:coord,1105,et_S,Crd,823,
304,78,4,petites,petites,ADJ,1106,petit_+I,Adj,823,
305,79,1,ou,ou,PREDET:en,1128,en1+le_S,Sub,825,
306,79,2,et,et,CON:coord,1129,et_S,Crd,825,
307,79,3,quant,quant,ADV,1130,cant_C,Sub,825,
308,79,4,la,la,DET:def,1131,le_S,Det,825,
309,79,5,ruyne,ruyne,NOM,1132,<unknown>,N,825,
310,80,1,nourrie,nourrie,VER,1163,norrir_*+IM,Vpp,828,
311,80,2,en,en,PRE,1164,en1_+S,Pre,828,
312,80,3,abondance,abondance,NOM,1165,abondance_+T,N,828,
313,81,1,l',l',DET:def,1177,le_S,Det,829,
314,81,2,un,un,DET:ndf,1178,un_S,Prn,829,
315,81,3,de,de,PRE,1179,de_+S,Pre,829,
316,81,4,ses,ses,DET:poss,1180,son4_S,Det,829,
317,81,5,bras,bras,NOM,1181,braz_+I,N,829,
318,81,6,",",",",PON,1182,",",Pnc,829,
319,81,7,couvert,couvert,VER,1183,covrir_+M,Vpp,829,
320,82,1,de,de,PRE,1188,de_+S,Pre,830,
321,82,2,lis,lis,NOM,1189,lis_+IT,N,830,
322,82,3,et,et,CON:coord,1190,et_S,Crd,830,
323,82,4,de,de,PRE,1191,de_+S,Pre,830,
324,82,5,daulphins,daulphins,NOM,1192,<unknown>,N,830,
325,83,1,et,et,CON:coord,1208,et_S,Crd,831,
326,83,2,tiroit,tiroit,VER,1209,tirer_*+IMT,Vfin,831,
327,83,3,grant,grant,ADJ,1210,grant_+CIT,Adj,831,
328,83,4,partie,partie,NOM,1211,partie_+CIT,N,832,
329,84,1,le,le,DET:def,1224,le_S,Det,833,
330,84,2,plus,plus,ADV,1225,plus_CI,Adv,833,
331,84,3,principal,principal,ADJ,1226,principal_IT,Adj,833,
332,84,4,pan,pan,NOM,1227,pain|pan1|pan2|pan3|pen_+T|+IT|+T|+T|+T,N,833,
333,85,1,et,et,CON:coord,1230,et_S,Crd,833,
334,85,2,qui,qui,PROCON,1231,qui_S,Sub,833,s
335,85,3,portoit,portoit,VER,1232,porter_+MI,Vfin,833,
336,85,4,le,le,DET:def,1233,le_S,Det,833,
337,85,5,branle,branle,NOM,1234,branle_+T,N,833,
338,86,1,s',s',PRO:pers,1251,soi1_S,Prn,902,
339,86,2,enclinoient,enclinoient,VER,1252,encliner|incliner_*+IT|+T,Vfin,902,
340,86,3,aux,aux,PREDET:a,1253,a+le_S,Pre+Det,902,
341,86,4,fais,fais,NOM,1254,fais_+IT,N,902,
342,87,1,Or,or,ADV,1258,or4|or_+IT|CI,Adv,903,
343,87,2,fut,fut,VER,1259,estre|futre_CMMdI|M,Vfin,903,
344,87,3,moult,moult,ADV,1260,mout_I,Adv,903,
345,87,4,fort,fort,ADJ,1261,fort_+IT,Adj,903,
346,87,5,grevée,grevée,NOM,1262,<unknown>,Vpp,903,
347,88,1,de,de,PRE,1284,de_+S,Pre,905,
348,88,2,secours,secours,NOM,1285,secors_*+IT,N,905,
349,88,3,et,et,CON:coord,1286,et_S,Crd,905,
350,88,4,contrainte,contrainte,NOM,1287,constreinte_+T,Vpp,905,
351,89,1,l',l',DET:def,1301,le_S,Det,906,
352,89,2,un,un,DET:ndf,1302,un_S,Prn,906,
353,89,3,estant,estant,VER,1303,estendre|ester_+IM|+IMZ,Vprs,906,
354,89,4,droit,droit,NOM,1304,droit_CIT,N,906,
355,89,5,en,en,PRE,1305,en1_+S,Pre,907,
356,89,6,armes,armes,NOM,1306,ame|arme_+C|+I,N,907,
357,90,1,en,en,PRE,1305,en1_+S,Pre,907,
358,90,2,armes,armes,NOM,1306,ame|arme_+C|+I,N,907,
359,90,3,appuyé,appuyé,VER,1307,apoiier_+M,Vpp,907,
360,91,1,appuyé,appuyé,VER,1307,apoiier_+M,Vpp,907,
361,91,2,sur,sur,PRE,1308,sor2_+S,Pre,907,
362,91,3,sa,sa,DET:poss,1309,son4_S,Det,907,
363,91,4,hasche,hasche,NOM,1310,hache_+T,N,907,
364,92,1,sur,sur,PRE,1308,sor2_+S,Pre,907,
365,92,2,sa,sa,DET:poss,1309,son4_S,Det,907,
366,92,3,hasche,hasche,NOM,1310,hache_+T,N,907,
367,92,4,",",",",PON,1311,",",Pnc,907,
368,92,5,effrayé,effrayé,VER,1312,<unknown>,Vpp,907,&
369,93,1,effrayé,effrayé,VER,1312,<unknown>,Vpp,907,&
370,93,2,et,et,CON:coord,1313,et_S,Crd,907,
371,93,3,songeux,songeux,ADJ,1314,<unknown>,Adj,907,
372,94,1,l',l',DET:def,1316,le_S,Det,907,
373,94,2,autre,autre,ADJ,1317,autre_CIId,Adj,907,
374,94,3,en,en,PRE,1318,en1_+S,Pre,908,
375,94,4,vestement,vestement,NOM,1319,vestement_+IT,N,908,
376,94,5,long,long,ADJ,1320,lonc_+Z,Adj,908,
377,95,1,de,de,PRE,1324,de_+S,Pre,908,
378,95,2,costé,costé,VER,1325,coster1|coster_+I|IM,N,908,
379,95,3,",",",",PON,1326,",",Pnc,908,
380,95,4,escoutant,escoutant,VER,1327,escouter_+M,Vprs,908,
381,96,1,escoutant,escoutant,VER,1327,escouter_+M,Vprs,908,
382,96,2,et,et,CON:coord,1328,et_S,Crd,908,
383,96,3,taisant,taisant,VER,1329,taire|taisir_+T|M,Vprs,908,
384,97,1,le,le,DET:def,1331,le_S,Det,909,
385,97,2,tiers,tiers,ADJ:ord,1332,tierz_C,Adj,909,
386,97,3,",",",",PON,1333,",",Pnc,909,
387,97,4,en,en,PRE,1334,en1_+S,Pre,909,
388,97,5,vil,vil,ADJ,1335,vil1|vil_+IT|I,Adj,909,
389,97,6,habit,habit,NOM,1336,abit_+T,N,909,
390,98,1,en,en,PRE,1334,en1_+S,Pre,909,
391,98,2,vil,vil,ADJ,1335,vil1|vil_+IT|I,Adj,909,
392,98,3,habit,habit,NOM,1336,abit_+T,N,909,
393,98,4,",",",",PON,1337,",",Pnc,909,
394,98,5,reverse,reverse,VER,1338,reverser_*+T,Adj,909,
395,99,1,reverse,reverse,VER,1338,reverser_*+T,Adj,909,
396,99,2,sur,sur,PRE,1339,sor2_+S,Pre,909,
397,99,3,la,la,DET:def,1340,le_S,Det,909,
398,99,4,terre,terre,NOM,1341,terre_+CIT,N,909,
399,100,1,sur,sur,PRE,1339,sor2_+S,Pre,909,
400,100,2,la,la,DET:def,1340,le_S,Det,909,
401,100,3,terre,terre,NOM,1341,terre_+CIT,N,909,
402,100,4,",",",",PON,1342,",",Pnc,909,
403,100,5,plaintif,plaintif,ADJ,1343,plaintif_+T,Adj,909,&
404,101,1,plaintif,plaintif,ADJ,1343,plaintif_+T,Adj,909,&
405,101,2,et,et,CON:coord,1344,et_S,Crd,909,
406,101,3,langoureux,langoureux,ADJ,1345,<unknown>,Adj,910,
407,102,1,qui,qui,PROCON,1380,qui_S,Sub,913,s
408,102,2,de,de,PRE,1381,de_+S,Pre,913,
409,102,3,cuer,cuer,NOM,1382,cuer1|cuer2_+T|+IT,N,913,
410,102,4,adollé,adollé,VER,1383,<unknown>,Vpp,913,
411,103,1,O,o,PRE,1393,o4_+S,Exc,916,
412,103,2,hommes,hommes,NOM,1394,ome_+C,N,916,
413,103,3,forvoiez,forvoiez,VER,1395,forvoiier_+M,Vpp,916,
414,104,1,forvoiez,forvoiez,VER,1395,forvoiier_+M,Vpp,916,
415,104,2,du,du,PREDET:de,1396,de+le_S,Pre+Det,916,
416,104,3,chemin,chemin,NOM,1397,chemin_+CIT,N,916,
417,105,1,de,de,PRE,1398,de_+S,Pre,916,
418,105,2,bonne,bonne,ADJ,1399,bon_+C,Adj,916,
419,105,3,cognoissance,cognoissance,NOM,1400,conoissance_+C,N,916,
420,106,1,feminins,feminins,NOM,1402,<unknown>,Adj,917,
421,106,2,de,de,PRE,1403,de_+S,Pre,917,
422,106,3,couraiges,couraiges,NOM,1404,corage_*+I,N,917,
423,107,1,de,de,PRE,1410,de_+S,Pre,917,
424,107,2,vertuz,vertuz,NOM,1411,vertu_+I,N,917,
425,107,3,",",",",PON,1412,",",Pnc,917,
426,107,4,forlignez,forlignez,VER,1413,<unknown>,Vpp,918,
427,108,1,choisissez,choisissez,VER,1425,<unknown>,Vfin,919,
428,108,2,a,a,PRE,1426,a_S,Pre,919,
429,108,3,mourir,mourir,VER,1427,morir_*+IT,Vinf,919,
430,109,1,vous,vous,PRO:pers,1437,vos1_S,Prn,920,c
431,109,2,tient,tient,VER,1438,tenir_CMI,Vfin,920,
432,109,3,les,les,DET:def,1439,le_S,Det,920,
433,109,4,mains,mains,NOM,1440,main2|main_+I|CI,N,920,
434,109,5,ployees,ployees,VER,1441,<unknown>,Vpp,920,
435,110,1,ou,ou,PRO:pers,1520,il|vos1_S|S,Sub,928,
436,110,2,vous,vous,PRO:pers,1521,vos1_S,Prn,928,s
437,110,3,estes,estes,VER,1522,ester|estre1_+M|+I,Vfin,928,
438,110,4,nourriz,nourriz,VER,1523,norrir_*+M,Vpp,928,
439,111,1,ne,ne,PRO:clit,1529,en2_S,Crd,929,
440,111,2,quelles,quelles,ADJ,1530,quel_C,Adj_S,929,
441,111,3,assez,assez,ADV,1531,assez_+IT,Adv,929,
442,111,4,aspres,aspres,ADJ,1532,aspre_+I,Adj,929,
443,112,1,de,de,PRE,1581,de_+S,Pre,1004,
444,112,2,celle,celle,DET:demo,1582,cel_S,Det,1004,
445,112,3,seigneurie,seigneurie,NOM,1583,<nolem>,N,1004,
446,113,1,du,du,PREDET:de,1659,de+le_S,Pre+Det,1011,
447,113,2,païz,païz,NOM,1660,<unknown>,N,1011,
448,113,3,que,que,PROCON,1661,que3_S,Sub,1011,
449,113,4,le,le,DET:def,1662,le_S,Det,1011,
450,113,5,corps,corps,NOM,1663,cors_C,N,1011,
451,114,1,tent,tent,VER,1664,tendre|tenir|tenoir_MI|M|M,Vfin,1011,
452,114,2,a,a,VER,1665,avoir_+CMI,Pre,1011,
453,114,3,y,y,PRO:clit,1666,i2_S,Prn,1011,
454,114,4,retourner,retourner,VER,1667,retorner_*+IT,Vinf,1011,
455,115,1,comme,comme,VER,1671,commer_M,Sub,1012,
456,115,2,en,en,PRE,1672,en1_+S,Pre,1012,
457,115,3,son,son,DET:poss,1673,son4_S,Det,1012,
458,115,4,propre,propre,ADJ,1674,propre|prospre_+CIT|+T,Adj,1012,
459,115,5,lieu,lieu,NOM,1675,lieu_+CIT,N,1012,
460,116,1,le,le,DET:def,1677,le_S,Det,1012,
461,116,2,cuer,cuer,NOM,1678,cuer1|cuer2_+T|+IT,N,1012,
462,116,3,y,y,PRO:clit,1679,i2_S,Prn,1012,
463,116,4,est,est,VER,1680,ester|estre1_+M|+I,Vfin,1012,
464,116,5,donné,donné,VER,1681,doner_+M,Vpp,1012,
465,117,1,la,la,DET:def,1692,le_S,Det,1013,
466,117,2,vie,vie,NOM,1693,vie1|voie_+T|+T,N,1013,
467,117,3,et,et,CON:coord,1694,et_S,Crd,1013,
468,117,4,la,la,DET:def,1695,le_S,Det,1013,
469,117,5,sancté,sancté,VER,1696,<unknown>,N,1013,
470,118,1,y,y,PRO:clit,1697,i2_S,Prn,1014,
471,118,2,croissent,croissent,VER,1698,croissir|croistre_+MI|+M,Vfin,1014,
472,118,3,et,et,CON:coord,1699,et_S,Crd,1014,
473,118,4,amendent,amendent,VER,1700,amender_*+Z,Vfin,1014,
474,119,1,l',l',DET:def,1702,le_S,Det,1014,
475,119,2,omme,omme,NOM,1703,ome_+C,N,1014,
476,119,3,y,y,PRO:clit,1704,i2_S,Prn,1014,
477,119,4,quiert,quiert,VER,1705,querre_+I,Vfin,1014,
478,119,5,sa,sa,DET:poss,1706,son4_S,Det,1014,
479,119,6,sceurté,sceurté,VER,1707,<unknown>,N,1014,
480,120,1,est,est,VER,1729,ester|estre1_+M|+I,Vfin,1017,
481,120,2,la,la,DET:def,1730,le_S,Det,1017,
482,120,3,loy,loy,NOM,1731,loi_C,N,1017,
483,120,4,que,que,PROCON,1732,que3_S,Sub,1017,c
484,120,5,Nature,nature,NOM,1733,nature_+IT,N,1017,s
485,121,1,ne,ne,PRO:clit,1744,en2_S,Neg,1018,
486,121,2,vous,vous,PRO:pers,1745,vos1_S,Prn,1018,
487,121,3,doit,doit,VER,1746,devoir|dire_+CMI|+M,Vfin,1018,
488,121,4,estre,estre,VER,1747,entr'estre|estre1_+M|+IT,Vinf,1018,
489,121,5,grief,grief,ADJ,1748,grief_IT,Adj,1018,a
490,122,1,ne,ne,PRO:clit,1753,en2_S,Neg,1019,
491,122,2,vous,vous,PRO:pers,1754,vos1_S,Prn,1019,
492,122,3,doit,doit,VER,1755,devoir|dire_+CMI|+M,Vfin,1019,
493,122,4,estre,estre,VER,1756,entr'estre|estre1_+M|+IT,Vinf,1019,
494,122,5,estrange,estrange,ADJ,1757,estrange_+IT,Adj,1019,
495,123,1,estrange,estrange,ADJ,1757,estrange_+IT,Adj,1019,
496,123,2,a,a,PRE,1758,a_S,Pre,1019,
497,123,3,soustenir,soustenir,VER,1759,sostenir_*+IT,Vinf,1019,
498,124,1,jusques,jusques,ADV,1771,jusque_Z,Adv,1021,
499,124,2,a,a,PRE,1772,a_S,Pre,1021,
500,124,3,vostre,vostre,DET:poss,1773,vostre_S,Det,1021,
501,124,4,mort,mort,NOM,1774,mort_+CIT,N,1021,
502,125,1,est,est,VER,1775,ester|estre1_+M|+I,Vfin,1021,
503,125,2,quant,quant,ADV,1776,cant_C,Adv,1021,
504,125,3,de,de,PRE,1777,de_+S,Pre,1021,
505,125,4,soy,soy,PRO:pers,1778,soi1_S,Prn,1021,
506,125,5,ouvert,ouvert,VER,1779,ouvrir_M,Vpp,1021,
507,126,1,Si,si,ADV,1805,si_+IT,Adv,1024,
508,126,2,est,est,VER,1806,ester|estre1_+M|+I,Vfin,1024,
509,126,3,force,force,NOM,1807,force1|force2_+T|+IT,N,1024,
510,126,4,de,de,PRE,1808,de_+S,Pre,1024,
511,126,5,dire,dire,VER,1809,dire_+MIT,Vinf,1024,
512,127,1,qui,qui,PROCON,1815,qui_S,Sub,1024,s
513,127,2,au,au,PREDET:a,1816,a+le_S,Pre+Det,1024,
514,127,3,commun,commun,ADJ,1817,comun_C,Adj,1024,
515,127,4,besoing,besoing,NOM,1818,besoing_+IT,N,1025,
516,128,1,n',n',PRO:clit,1828,en2_S,Neg,1025,
517,128,2,efforcent,efforcent,VER,1829,esforcier_*I,Vfin,1025,
518,128,3,leur,leur,PRO:pers,1830,lor2_S,Det,1026,
519,128,4,povoir,povoir,VER,1831,pouvoir_M,N,1026,
520,129,1,Donc,donc,ADV,1851,donc_I,Adv,1027,
521,129,2,pouroit,pouroit,VER,1852,pouvoir_M,Vfin,1028,
522,129,3,il,il,PRO:pers,1853,il_S,Prn,1028,s
523,129,4,sembler,sembler,VER,1854,sembler_+IMT,Vinf,1028,
524,130,1,que,que,PROCON,1855,que3_S,Sub,1028,
525,130,2,la,la,DET:def,1856,le_S,Det,1028,
526,130,3,loy,loy,NOM,1857,loi_C,N,1028,
527,130,4,de,de,PRE,1858,de_+S,Pre,1028,
528,130,5,Nature,nature,NOM,1859,nature_+IT,N,1028,
529,131,1,quant,quant,ADV,1901,cant_C,Sub,1032,
530,131,2,les,les,DET:def,1902,le_S,Det,1032,
531,131,3,oyseaulx,oyseaulx,NOM,1903,<unknown>,N,1032,
532,131,4,au,au,PREDET:a,1904,a+le_S,Pre+Det,1032,
533,131,5,bec,bec,NOM,1905,bec_+IT,N,1032,
534,132,1,pour,pour,PRE,1957,por2_+S,Pre,1104,
535,132,2,leur,leur,DET:poss,1958,lor2_S,Det,1104,
536,132,3,pays,paÿs,NOM,1959,pais|päis_*+CIT|+IdTd,N,1104,
537,132,4,defendre,defendre,VER,1960,defendre|desfendre_+IT|+T,Vinf,1104,
538,133,1,se,se,PRO:pers,1992,soi1_S,Prn,1107,
539,133,2,mist,mist,VER,1993,manoir|metre|mettre_M|CIM|M,Vfin,1107,
540,133,3,tousjours,tousjours,GDF,1994,toxique_G,Adv,1107,
541,133,4,en,en,PRO:clit,1995,en2_S,Pre,1107,
542,133,5,fuyte,fuyte,VER,1996,<unknown>,N,1107,
543,134,1,et,et,CON:coord,2037,et_S,Crd,1111,
544,134,2,a,a,PRE,2038,a_S,Pre,1111,
545,134,3,garder,garder,VER,2039,garder_+MIT,Vinf,1111,
546,134,4,le,le,DET:def,2040,le_S,Det,1111,
547,134,5,lieu,lieu,NOM,2041,lieu_+CIT,N,1111,
548,135,1,le,le,DET:def,2040,le_S,Det,1111,
549,135,2,lieu,lieu,NOM,2041,lieu_+CIT,N,1111,
550,135,3,de,de,PRE,2042,de_+S,Pre,1111,
551,135,4,la,la,DET:def,2043,le_S,Det,1111,
552,135,5,naissance,naissance,NOM,2044,naissance_+IT,N,1111,
553,136,1,defendre,defendre,VER,2078,defendre|desfendre_+IT|+T,Vinf,1114,&
554,136,2,et,et,CON:coord,2079,et_S,Crd,1114,
555,136,3,relever,relever,VER,2080,relever_+IT,Vinf,1114,
556,137,1,de,de,PRE,2084,de_+S,Pre,1114,
557,137,2,ma,ma,DET:poss,2085,mon1_S,Det,1114,
558,137,3,prosperité,prosperité,NOM,2086,prospreté_+T,N,1115,
559,138,1,et,et,CON:coord,2088,et_S,Crd,1115,
560,138,2,en,en,PRE,2089,en1_+S,Pre,1115,
561,138,3,lieu,lieu,NOM,2090,lieu_+CIT,N,1115,
562,138,4,de,de,PRE,2091,de_+S,Pre,1115,
563,138,5,guerdon,guerdon,NOM,2092,<nolem>,N,1115,
564,139,1,liberté,liberté,NOM,2138,liberté_+T,N,1120,c
565,139,2,pour,pour,PRE,2139,por2_+S,Pre,1120,
566,139,3,tenir,tenir,VER,2140,tenir1|tenir|tenoir_+T|MI|M,Vinf,1120,
567,140,1,de,de,PRE,2153,de_+S,Pre,1121,
568,140,2,voz,voz,DET:poss,2154,vostre_S,Det,1121,
569,140,3,desordonnances,desordonnances,NOM,2155,<unknown>,N,1121,
570,141,1,en,en,PRO:clit,2159,en2_S,Pre,1121,
571,141,2,cuidant,cuidant,VER,2160,cuider|cuidier_M|M,Vprs,1122,
572,141,3,demourer,demourer,VER,2161,demorer_+M,Vinf,1122,
573,142,1,delivres,delivres,ADJ,2162,delivre_I,Adj,1122,
574,142,2,des,des,PREDET:de,2163,de+le_S,Pre+Det,1122,
575,142,3,dangiers,dangiers,NOM,2164,dangier_*+IT,N,1122,
576,143,1,Ilz,ilz,PRO:pers,2169,il_S,Prn,1123,s
577,143,2,me,me,PRO:pers,2170,je_S,Prn,1123,
578,143,3,portent,portent,VER,2171,porter_+MI,Vfin,1123,
579,143,4,dommaige,dommaige,NOM,2172,damage_*+C,N,1123,c
580,144,1,et,et,CON:coord,2181,et_S,Crd,1124,
581,144,2,de,de,PRE,2182,de_+S,Pre,1124,
582,144,3,chevalerie,chevalerie,NOM,2183,chevalerie_+IT,N,1124,
583,145,1,d',d',PRE,2195,de_+S,Pre,1125,
584,145,2,amis,amis,NOM,2196,ami_+I,N,1125,
585,145,3,et,et,CON:coord,2197,et_S,Crd,1125,
586,145,4,deffenseurs,deffenseurs,NOM,2198,<unknown>,N,1125,
587,146,1,parachevez,parachevez,VER,2200,<unknown>,Vfin,1125,
588,146,2,ma,ma,DET:poss,2201,mon1_S,Det,1125,
589,146,3,perte,perte,NOM,2202,perte_+CIT,N,1125,
590,147,1,mais,mais,CON:coord,2222,mais_S,Crd,1127,
591,147,2,",",",",PON,2223,",",Pnc,1127,
592,147,3,a,a,PRE,2224,a_S,Pre,1128,
593,147,4,les,les,DET:def,2225,le_S,Prn,1128,c
594,147,5,comparoir,comparoir,VER,2226,comparoir|paroir_+T|+M,Vinf,1128,
595,148,1,que,que,PROCON,2242,que3_S,Sub,1129,
596,148,2,le,le,DET:def,2243,le_S,Det,1129,
597,148,3,cas,cas,NOM,2244,cas1|caz_+T|+T,N,1129,
598,148,4,qui,qui,PROCON,2245,qui_S,Sub,1129,s
599,148,5,s',s',PRO:pers,2246,soi1_S,Prn,1129,
600,148,6,i,i,PRO:clit,2247,i2_S,Prn,1129,
601,148,7,offre,offre,VER,2248,ofrir_+MI,Vfin,1129,
602,149,1,denuez,denuez,VER,2264,<unknown>,Vfin,1131,
603,149,2,voz,voz,DET:poss,2265,vostre_S,Det,1131,
604,149,3,pensees,pensees,NOM,2266,pensee_*+IT,N,1131,
605,150,1,qui,qui,PROCON,2270,qui_S,Sub,1131,s
606,150,2,vous,vous,PRO:pers,2271,vos1_S,Prn,1131,
607,150,3,meuvent,meuvent,VER,2272,movoir_+Z,Vfin,1132,
608,150,4,a,a,PRE,2273,a_S,Pre,1132,
609,150,5,part,part,NOM,2274,part1|part2|part3|part4_+IT|+T|+T|+T,N,1132,
610,151,1,dont,dont,PRO:invar,2287,dont_S,Sub,1133,
611,151,2,vous,vous,PRO:pers,2288,vos1_S,Prn,1133,s
612,151,3,estes,estes,VER,2289,ester|estre1_+M|+I,Vfin,1133,
613,151,4,subgiez,subgiez,NOM,2290,<unknown>,Vpp,1133,
614,152,1,sans,sans,PRE,2291,sans_+S,Pre,1133,
615,152,2,defense,defense,NOM,2292,defense_+IT,N,1133,
616,152,3,exposee,exposee,VER,2293,<unknown>,Vpp,1201,
617,153,1,par,par,PRE,2302,par_S,Pre,1201,
618,153,2,tempeste,tempeste,NOM,2303,tempeste_+IT,N,1201,
619,153,3,de,de,PRE,2304,de_+S,Pre,1202,
620,153,4,mer,mer,NOM,2305,mer_+IT,N,1202,
621,154,1,ou,ou,PRE,2311,o4_+S,Sub,1202,
622,154,2,le,le,DET:def,2312,le_S,Det,1202,
623,154,3,vent,vent,NOM,2313,vent_+IT,N,1202,
624,154,4,et,et,CON:coord,2314,et_S,Crd,1202,
625,154,5,les,les,DET:def,2315,le_S,Det,1202,
626,154,6,vagues,vagues,ADJ,2316,vague2|vague3_*+T|+T,Adj,1202,
627,155,1,esbahit,esbahit,VER,2368,esbäir_+Z,Vfin,1207,
628,155,2,voz,voz,DET:poss,2369,vostre_S,Det,1207,
629,155,3,couraiges,couraiges,NOM,2370,corage_*+I,N,1207,
630,156,1,et,et,CON:coord,2371,et_S,Crd,1208,
631,156,2,vostre,vostre,DET:poss,2372,vostre_S,Det,1208,
632,156,3,negligence,negligence,NOM,2373,negligence_+T,N,1208,
633,157,1,et,et,CON:coord,2384,et_S,Crd,1209,
634,157,2,les,les,DET:def,2385,le_S,Det,1209,
635,157,3,soubhais,soubhais,NOM,2386,<unknown>,N,1209,
636,157,4,des,des,PREDET:de,2387,de+le_S,Pre+Det,1209,
637,157,5,hommes,hommes,NOM,2388,ome_+C,N,1209,
638,158,1,mais,mais,CON:coord,2404,mais_S,Crd,1211,
639,158,2,aux,aux,PRO:pers,2405,il_S,Pre+Det,1211,
640,158,3,travaillans,travaillans,VER,2406,travaillier_*+I,Vprs,1211,
641,158,4,saiges,saiges,ADJ,2407,sage_+I,Adj,1211,
642,159,1,saiges,saiges,ADJ,2407,sage_+I,Adj,1211,
643,159,2,et,et,CON:coord,2408,et_S,Crd,1211,
644,159,3,curieux,curieux,ADJ,2409,<nolem>,Adj,1211,
645,160,1,et,et,CON:coord,2433,et_S,Crd,1213,
646,160,2,liberté,liberté,NOM,2434,liberté_+T,N,1214,
647,160,3,publique,publique,ADJ,2435,<unknown>,Adj,1214,
648,161,1,il,il,PRO:pers,2444,il_S,Prn,1215,s
649,161,2,fault,fault,VER,2445,falir_+M,Vfin,1215,
650,161,3,mectre,mectre,VER,2446,<nolem>,Vinf,1215,
651,161,4,la,la,DET:def,2447,le_S,Det,1215,
652,161,5,main,main,NOM,2448,main2|main3_+IT|+T,N,1215,
653,162,1,quierent,quierent,VER,2474,querre_+I,Vfin,1217,
654,162,2,leur,leur,DET:poss,2475,lor2_S,Det,1217,
655,162,3,renommee,renommee,NOM,2476,renomee_*+IT,N,1217,
656,163,1,et,et,CON:coord,2477,et_S,Crd,1217,
657,163,2,leur,leur,DET:poss,2478,lor2_S,Det,1217,
658,163,3,perfection,perfection,NOM,2479,perfeccïon_*+Td,N,1218,
659,164,1,et,et,CON:coord,2491,et_S,Crd,1219,
660,164,2,que,que,PROCON,2492,que3_S,Sub,1219,
661,164,3,entre,entre,PRE,2493,entre2_+S,Pre,1219,
662,164,4,les,les,DET:def,2494,le_S,Det,1219,
663,164,5,autres,autres,ADJ,2495,autre_CI,Adj,1219,
664,165,1,des,des,PREDET:de,2521,de+le_S,Pre+Det,1221,
665,165,2,clers,clers,NOM,2522,clerc_+CI,N,1221,
666,165,3,et,et,CON:coord,2523,et_S,Crd,1221,
667,165,4,conseilliers,conseilliers,NOM,2524,conseillier2|conseillier3_*+IT|+T,N,1221,
668,166,1,qui,qui,PROCON,2552,qui_S,Sub,1224,s
669,166,2,si,si,DET:poss,2553,son4_S,Adv,1224,
670,166,3,longtemps,longtemps,NOM,2554,<unknown>,Adv,1224,
671,166,4,a,a,VER,2555,avoir_+CMI,Vfin,1224,
672,166,5,eu,eu,PREDET:en,2556,en1+le_S,Vpp,1224,
673,167,1,loial,loial,ADJ,2560,lëal_+T,Adj,1225,
674,167,2,",",",",PON,2561,",",Pnc,1225,
675,167,3,ferme,ferme,ADJ,2562,enferm|ferm|ferme1_+T|+CIT|+T,Adj,1225,&
676,167,4,et,et,CON:coord,2563,et_S,Crd,1225,
677,167,5,entier,entier,ADJ,2564,entier_+IT,Adj,1225,
678,168,1,parlent,parlent,VER,2617,parler_+M,Vfin,1230,
679,168,2,a,a,PRE,2618,a_S,Pre,1230,
680,168,3,deux,deux,ADJ:card,2619,deus_CZ,Adj,1230,
681,168,4,visaiges,visaiges,NOM,2620,visage_*+IT,N,1230,
682,169,1,gardé,gardé,VER,2633,garder_+MI,Vpp,1231,
683,169,2,et,et,CON:coord,2634,et_S,Crd,1231,
684,169,3,tenu,tenu,VER,2635,tenir_CMI,Vpp,1231,
685,169,4,franc,franc,ADJ,2636,franc1|franc_IT|CI,Adj,1231,
686,170,1,de,de,PRE,2653,de_+S,Pre,1233,
687,170,2,voluptez,voluptez,NOM,2654,<unknown>,N,1233,
688,170,3,et,et,CON:coord,2655,et_S,Crd,1301,
689,170,4,d',d',PRE,2656,de_+S,Pre,1301,
690,170,5,aises,aises,NOM,2657,aise_*+GIT,N,1301,
691,171,1,norreture,norreture,NOM,2663,norreture_+IT,N,1301,
692,171,2,de,de,PRE,2664,de_+S,Pre,1301,
693,171,3,pompes,pompes,NPR,2665,<nolem>,N,1301,
694,172,1,tant,tant,ADV,2670,tant_CI,Adv,1302,
695,172,2,avez,avez,VER,2671,avoir_+IM,Vfin,1302,
696,172,3,bestourné,bestourné,VER,2672,bestorner_*+IT,Vpp,1302,
697,173,1,les,les,DET:def,2675,le_S,Det,1302,
698,173,2,courages,courages,NOM,2676,corage_*+I,N,1302,
699,173,3,françois,françois,ADJ,2677,françois_IT,Adj,1302,
700,174,1,de,de,PRE,2748,de_+S,Pre,1309,
701,174,2,tout,tout,DET:ind,2749,tot_S,Det,1309,
702,174,3,labeur,labeur,NOM,2750,labor1|labor2_*+IT|+T,N,1309,
703,174,4,",",",",PON,2751,",",Pnc,1309,
704,174,5,contraires,contraires,ADJ,2752,contraire_I,Adj,1309,
705,175,1,a,a,PRE,2753,a_S,Pre,1309,
706,175,2,vertueux,vertueux,GDF,2754,vertuos_G,Adj,1310,
707,175,3,courage,courage,NOM,2755,corage_*+IT,N,1310,
708,176,1,et,et,CON:coord,2756,et_S,Crd,1310,
709,176,2,ouvraige,ouvraige,NOM,2757,ovrage_*+T,N,1310,
710,176,3,",",",",PON,2758,",",Pnc,1310,
711,176,4,marrastre,marrastre,NOM,2759,marastre_+T,N,1310,
712,177,1,et,et,CON:coord,2800,et_S,Crd,1313,
713,177,2,la,la,DET:def,2801,le_S,Det,1314,
714,177,3,confusion,confusion,NOM,2802,confusïon_+IdTd,N,1314,
715,178,1,naissent,naissent,VER,2857,naistre_+M,Vfin,1319,
716,178,2,aux,aux,PREDET:a,2858,a+le_S,Pre+Det,1319,
717,178,3,vertueux,vertueux,GDF,2859,vertuos_G,Adj,1319,
718,179,1,Scipion,scipion,VER,2861,<unknown>,N,1319,
719,179,2,l',l',DET:def,2862,le_S,Det,1320,
720,179,3,Affrican,affrican,NOM,2863,<nolem>_I,N,1320,
721,180,1,qui,qui,PROCON,2878,qui_S,Sub,1321,s
722,180,2,en,en,PRE,2879,en1_+S,Pre,1321,
723,180,3,ses,ses,DET:poss,2880,son4_S,Det,1321,
724,180,4,legions,legions,NOM,2881,legïon|religïon_*+Td|+Td,N,1321,
725,181,1,aprés,aprés,ADV,2895,après_I,Pre,1323,
726,181,2,ce,ce,PRO:invar,2896,ce1_S,Prn,1323,
727,181,3,que,que,PROCON,2897,que3_S,Sub,1323,
728,181,4,Cappue,cappue,VER,2898,<unknown>,N,1323,s
729,182,1,en,en,PRE,2901,en1_+S,Pre,1323,
730,182,2,sa,sa,DET:poss,2902,son4_S,Det,1323,
731,182,3,subjection,subjection,NOM,2903,subjectïon_+Td,N,1323,
732,183,1,de,de,PRE,2932,de_+S,Pre,1326,
733,183,2,hault,hault,ADJ,2933,haut_+Z,Adj,1326,
734,183,3,prince,prince,NOM,2934,prince_+CIT,N,1326,
735,183,4,adjouster,adjouster,VER,2935,ajuster_+M,Vinf,1326,
736,184,1,de,de,PRE,2947,de_+S,Pre,1327,
737,184,2,la,la,DET:def,2948,le_S,Det,1327,
738,184,3,grant,grant,ADJ,2949,grant_+CIT,Adj,1327,
739,184,4,Babilone,babilone,NPR,2950,<nolem>,N,1327,
740,185,1,et,et,CON:coord,2951,et_S,Crd,1328,
741,185,2,Sardanapalus,sardanapalus,NPR,2952,<unknown>,N,1328,s
742,186,1,ont,ont,VER,2973,avoir|devoir_+CIM|+M,Vfin,1330,
743,186,2,esté,esté,VER,2974,ester|estre1_+MI|+I,Vpp,1330,
744,186,3,avillez,avillez,VER,2975,aviler|avilir_+M|+M,Vpp,1330,
745,187,1,ceulx,ceulx,PRO:demo,2987,cel_S,Prn,1331,
746,187,2,qui,qui,PROCON,2988,qui_S,Sub,1331,s
747,187,3,soubz,soubz,PRE,2989,soz_S,Pre,1331,
748,187,4,les,les,DET:def,2990,le_S,Det,1331,
749,187,5,dangiers,dangiers,NOM,2991,dangier_*+IT,N,1331,
750,188,1,Et,et,CON:coord,3006,et_S,Crd,1333,
751,188,2,telz,telz,ADJ,3007,tel_+C,Adj,1333,
752,188,3,y,y,PRO:clit,3008,i2_S,Prn,1333,
753,188,4,a,a,VER,3009,avoir_+CMI,Vfin,1333,
754,188,5,qui,qui,PROCON,3010,qui_S,Sub,1333,s
755,188,6,jour,jour,NOM,3011,jor_+C,N,1333,
756,189,1,y,y,PRO:clit,3008,i2_S,Prn,1333,
757,189,2,a,a,VER,3009,avoir_+CMI,Vfin,1333,
758,189,3,qui,qui,PROCON,3010,qui_S,Sub,1333,s
759,189,4,jour,jour,NOM,3011,jor_+C,N,1333,
760,189,5,et,et,CON:coord,3012,et_S,Crd,1333,
761,189,6,nuit,nuit,NOM,3013,nuit_+CIT,N,1333,
762,190,1,et,et,CON:coord,3012,et_S,Crd,1333,
763,190,2,nuit,nuit,NOM,3013,nuit_+CIT,N,1333,
764,190,3,sont,sont,VER,3014,estre1|estre_+I|CMI,Vfin,1333,
765,190,4,par,par,PRE,3015,par_S,Pre,1333,
766,190,5,les,les,DET:def,3016,le_S,Det,1401,
767,190,6,bois,bois,NOM,3017,bois|buis_+CIT|+T,N,1401,
768,191,1,au,au,PREDET:a,3037,a+le_S,Pre+Det,1402,
769,191,2,pourchaz,pourchaz,NOM,3038,porchaz_*+T,N,1402,
770,191,3,des,des,PREDET:de,3039,de+le_S,Pre+Det,1403,
771,191,4,offices,offices,NOM,3040,<unknown>,N,1403,
772,192,1,des,des,PREDET:de,3042,de+le_S,Pre+Det,1403,
773,192,2,estaz,estaz,NOM,3043,esta_*+T,N,1403,
774,192,3,",",",",PON,3044,",",Pnc,1403,
775,192,4,des,des,PREDET:de,3045,de+le_S,Pre+Det,1403,
776,192,5,chevances,chevances,NOM,3046,<unknown>,N,1403,
777,193,1,Querez,querez,VER,3080,querre_+I,Vfin,1407,
778,193,2,",",",",PON,3081,",",Pnc,1407,
779,193,3,querez,querez,VER,3082,querre_+I,Vfin,1407,
780,193,4,",",",",PON,3083,",",Pnc,1407,
781,193,5,François,françois,NOM,3084,françois_IT,N,1407,
782,194,1,les,les,DET:def,3086,le_S,Det,1407,
783,194,2,exquises,exquises,NIL,3087,exquisence_G,Adj,1407,
784,194,3,saveurs,saveurs,NOM,3088,savor_*+T,N,1407,
785,195,1,empruntez,empruntez,VER,3095,<unknown>,Vpp,1408,
786,195,2,de,de,PRE,3096,de_+S,Pre,1408,
787,195,3,la,la,DET:def,3097,le_S,Det,1408,
788,195,4,nuit,nuit,NOM,3098,nuit_+CIT,N,1408,
789,196,1,de,de,PRE,3096,de_+S,Pre,1408,
790,196,2,la,la,DET:def,3097,le_S,Det,1408,
791,196,3,nuit,nuit,NOM,3098,nuit_+CIT,N,1408,
792,196,4,sur,sur,PRE,3099,sor2_+S,Pre,1408,
793,196,5,le,le,DET:def,3100,le_S,Det,1408,
794,196,6,jour,jour,NOM,3101,jor_+C,N,1408,
795,197,1,sur,sur,PRE,3099,sor2_+S,Pre,1408,
796,197,2,le,le,DET:def,3100,le_S,Det,1408,
797,197,3,jour,jour,NOM,3101,jor_+C,N,1408,
798,197,4,",",",",PON,3102,",",Pnc,1408,
799,197,5,les,les,DET:def,3103,le_S,Det,1408,
800,197,6,oultraiges,oultraiges,NOM,3104,<nolem>,N,1408,
801,198,1,les,les,DET:def,3103,le_S,Det,1408,
802,198,2,oultraiges,oultraiges,NOM,3104,<nolem>,N,1408,
803,198,3,des,des,PREDET:de,3105,de+le_S,Pre+Det,1409,
804,198,4,robes,robes,NOM,3106,robe_+I,N,1409,
805,199,1,sans,sans,PRE,3110,sans_+S,Pre,1409,
806,199,2,garder,garder,VER,3111,garder_+MIT,Vinf,1409,
807,199,3,difference,difference,NOM,3112,diference_*+T,N,1409,
808,200,1,en,en,PRE,3135,en1_+S,Pre,1411,
809,200,2,l',l',DET:def,3136,le_S,Det,1412,
810,200,3,ordure,ordure,NOM,3137,ordure_+IT,N,1412,
811,200,4,et,et,CON:coord,3138,et_S,Crd,1412,
812,200,5,vilté,vilté,NOM,3139,vilté_+IT,N,1412,
813,201,1,des,des,PREDET:de,3140,de+le_S,Pre+Det,1412,
814,201,2,horribles,horribles,ADJ,3141,orrible_*+T,Adj,1412,
815,201,3,pechiez,pechiez,NOM,3142,pechié_+I,N,1412,
816,202,1,Estoupez,estoupez,VER,3157,estoper_*+M,Vfin,1413,
817,202,2,voz,voz,DET:poss,3158,vostre_S,Det,1413,
818,202,3,oreilles,oreilles,NOM,3159,oreille_+I,N,1413,
819,203,1,que,que,PROCON,3197,que3_S,Sub,1417,
820,203,2,trop,trop,ADV,3198,trop_+IT,Adv,1417,c
821,203,3,en,en,PRO:clit,3199,en2_S,Prn,1417,
822,203,4,avoir,avoir,VER,3200,avoir_+MIT,Vinf,1417,
823,203,5,prins,prins,VER,3201,prendre_+M,Vpp,1417,
824,204,1,laissa,laissa,VER,3212,laissier_+M,Vfin,1418,
825,204,2,bien,bien,ADV,3213,bien1|bien2|bien_+IT|C|I,Adv,1419,
826,204,3,a,a,PRE,3214,a_S,Pre,1419,
827,204,4,moictié,moictié,VER,3215,<unknown>,N,1419,
828,205,1,ses,ses,DET:poss,3216,son4_S,Det,1419,
829,205,2,cheveulx,cheveulx,NOM,3217,<unknown>,N,1419,
830,205,3,a,a,PRE,3218,a_S,Pre,1419,
831,205,4,peigner,peigner,VER,3219,<unknown>,Vinf,1419,
832,206,1,et,et,CON:coord,3234,et_S,Crd,1420,
833,206,2,demoura,demoura,VER,3235,demorer_+M,Vfin,1420,
834,206,3,l',l',DET:def,3236,le_S,Det,1420,
835,206,4,atour,atour,NOM,3237,ator_*+IT,N,1420,
836,207,1,d',d',PRE,3255,de_+S,Pre,1422,
837,207,2,armes,armes,NOM,3256,ame|arme_+C|+I,N,1422,
838,207,3,sa,sa,DET:poss,3257,son4_S,Det,1422,
839,207,4,cité,cité,NOM,3258,cité_+IT,N,1422,
840,207,5,mise,mise,VER,3259,metre|mettre_IM|M,Vpp,1422,
841,208,1,mise,mise,VER,3259,metre|mettre_IM|M,Vpp,1422,
842,208,2,en,en,PRE,3260,en1_+S,Pre,1422,
843,208,3,subjection,subjection,NOM,3261,subjectïon_+Td,N,1422,
844,209,1,changerent,changerent,VER,3275,changeler|changier_*+M|+M,Vfin,1424,
845,209,2,la,la,DET:def,3276,le_S,Det,1424,
846,209,3,richesse,richesse,NOM,3277,richece_*+Z,N,1424,
847,210,1,se,se,PRO:pers,3300,soi1_S,Prn,1426,
848,210,2,mua,mua,VER,3301,müer_+I,Vfin,1426,
849,210,3,en,en,PRE,3302,en1_+S,Pre,1426,
850,210,4,vesteures,vesteures,NOM,3303,vestëure_*+IdTd,N,1426,
851,211,1,de,de,PRE,3306,de_+S,Pre,1426,
852,211,2,hommes,hommes,NOM,3307,ome_+C,N,1426,
853,211,3,et,et,CON:coord,3308,et_S,Crd,1426,
854,211,4,de,de,PRE,3309,de_+S,Pre,1427,
855,211,5,femmes,femmes,NOM,3310,feme_+CI,N,1427,
856,212,1,toute,toute,DET:ind,3313,tot_S,Det,1427,
857,212,2,remonstrance,remonstrance,NOM,3314,remostrance_+T,N,1427,
858,213,1,Quelles,quelles,ADJ,3320,quel_C,Adj_S,1428,
859,213,2,gens,gens,NOM,3321,gent1|giens_+I|+T,N,1428,
860,213,3,estes,estes,VER,3322,ester|estre1_+M|+I,Vfin,1428,
861,213,4,vous,vous,PRO:pers,3323,vos1_S,Prn,1428,
862,214,1,sans,sans,PRE,3343,sans_+S,Pre,1430,
863,214,2,vouloir,vouloir,VER,3344,voloir_*+IT,Vinf,1430,
864,214,3,delaisser,delaisser,VER,3345,<unknown>,Vinf,1430,
865,215,1,Apprenez,apprenez,VER,3362,<unknown>,Vfin,1432,
866,215,2,a,a,PRE,3363,a_S,Pre,1432,
867,215,3,cognoistre,cognoistre,VER,3364,conoistre_+Z,Vinf,1432,
868,216,1,vostre,vostre,PRO:poss,3365,vostre_S,Det,1432,
869,216,2,infelicité,infelicité,NIL,3366,infelicité_G,N,1432,
870,217,1,vestir,vestir,VER,3401,vestir_+IMT,Vinf,1502,
871,217,2,et,et,CON:coord,3402,et_S,Crd,1502,
872,217,3,porter,porter,VER,3403,porter_+MIT,Vinf,1502,
873,217,4,nuit,nuit,NOM,3404,nuit_+CIT,N,1503,
874,218,1,et,et,CON:coord,3402,et_S,Crd,1502,
875,218,2,porter,porter,VER,3403,porter_+MIT,Vinf,1502,
876,218,3,nuit,nuit,NOM,3404,nuit_+CIT,N,1503,
877,218,4,et,et,CON:coord,3405,et_S,Crd,1503,
878,218,5,jour,jour,NOM,3406,jor_+C,N,1503,
879,219,1,ne,ne,PRO:clit,3415,en2_S,Crd,1503,
880,219,2,ilz,ilz,PRO:pers,3416,il_S,Prn,1503,s
881,219,3,n',n',PRO:clit,3417,en2_S,Neg,1504,
882,219,4,en,en,PRO:clit,3418,en2_S,Prn,1504,
883,219,5,laissent,laissent,VER,3419,laissier_+IM,Vfin,1504,
884,219,6,sieges,sieges,NOM,3420,siege_+I,N,1504,c
885,220,1,Toutes,toutes,DET:ind,3443,tot_S,Det,1506,
886,220,2,bonnes,bonnes,ADJ,3444,bon_+C,Adj,1506,
887,220,3,nouvelles,nouvelles,NOM,3445,novele_*+I,N,1506,
888,221,1,ne,ne,PRO:clit,3464,en2_S,Neg,1508,
889,221,2,sont,sont,VER,3465,estre1|estre_+I|CMI,Vfin,1508,
890,221,3,a,a,PRE,3466,a_S,Pre,1508,
891,221,4,nulle,nulle,DET:ind,3467,nul_S,Det,1509,
892,221,5,chose,chose,NOM,3468,chose_+CIT,N,1509,
893,222,1,travaillent,travaillent,VER,3473,travaillier_+I,Vpp,1509,
894,222,2,a,a,PRE,3474,a_S,Pre,1509,
895,222,3,acquerre,acquerre,VER,3475,aquerre_+Z,Vinf,1509,
896,223,1,a,a,PRE,3474,a_S,Pre,1509,
897,223,2,acquerre,acquerre,VER,3475,aquerre_+Z,Vinf,1509,
898,223,3,finances,finances,NOM,3476,<unknown>,N,1510,c
899,224,1,quant,quant,ADV,3499,cant_C,Adv,1512,
900,224,2,a,a,PRE,3500,a_S,Pre,1512,
901,224,3,les,les,PRO:pers,3501,il_S,Prn,1512,c
902,224,4,emploier,emploier,VER,3502,emploiier_+Z,Vinf,1512,
