wd_id,line_id,linewd,word,lex_id,tag,old_wd_id,TT lemma,para_id,ch_id,syntag,syntag2,lemma,verse_id,synfunc,syllabified
1,1,1,fu,fu,VER,3,estre1|estre_+I|CMI,1,1,Vfin,Vfin,être1|ester,1,,C/V\
2,1,2,j́a,ja,ADV,4,ja_+CIT,1,1,Adv,Adv,jà,1,,C/V\
3,1,3,en,en,PRE,5,en1_+S,1,1,Pre,Pre,en1,1,,/V\
4,1,4,l',l',DET:def,6,le_S,1,1,Det,Det,le,1,,C/\
5,1,5,antif,antif,ADJ,7,antif_+GT,1,1,Adj,Adj,,1,,/V\.'C/V\
6,1,6,pople,pople,NOM,8,pueple_+T,1,1,N,N,,1,,'C/V\.C/(e)\
7,1,7,Deu,deu,NOM,9,dieu_+IT,1,1,N,N,,1,o,C/V\
8,2,1,Fiz,fiz,NOM,15,fil2|fius_+T|C,1,1,N,N,,1,,C/V\
9,2,2,fud,fud,VER,16,estre_M,1,1,Vfin,Vfin,être1|ester,1,,C/V\
10,2,3,Jeroboam,jeroboam,NPR,17,jeroboam_Z,1,1,N,N,,1,,C/V\.C/V\.C/V\.'C/V\
11,2,4,",",",",PON,18,",",1,1,Pnc,Pnc,,1,,
12,2,5,le,le,DET:def,19,le_S,1,1,Det,Det,le,1,,C/(e)\
13,2,6,fiz,fiz,NOM,20,fil2|fius_+T|C,1,1,N,N,,1,,C/V\
14,3,1,de,de,PRE,56,de_+S,1,1,Pre,Pre,de,1,,C/(e)\
15,3,2,Effraïm,effraim,NPR,57,<unknown>,1,1,N,N,,1,,/V\.C/V\.'C/V\
16,3,3,en,en,PRE,58,en1_+S,1,1,Pre,Pre,en1,1,,/V\
17,3,4,une,une,DET:ndf,59,un_S,1,1,QIs,QIs,un,1,,'/V\.C/(e)\
18,3,5,cite,cité,NOM,60,cité_*+I,1,1,N,N,,1,,C/V\.'C/V\
19,4,1,dunt,dunt,PRO:invar,74,dont_S,1,1,Qux,Qux,dont,1,a,C/V\
20,4,2,fud,fud,VER,75,estre_M,1,1,Vfin,Vfin,être1|ester,1,,C/V\
21,4,3,li,li,PRO:pers,76,il_S,1,1,Det,Det,le,1,,C/V\
22,4,4,bonurez,bonurez,VER,77,ëurer_+Z,1,1,Adj,Adj,,1,,C/V\.C/V\.'C/V\
23,4,5,Joseph,joseph,NPR,78,joseph_Z,1,1,N,N,,1,,C/V\.'C/V\
24,5,1,as,as,PREDET:a,97,a+le_S,1,1,Pre+Det,Pre+Det,à+le,1,,/V\
25,5,2,ordenez,ordenez,VER,98,ordener_+M,1,1,N,N,,1,,/V\.C/e\.'C/V\
26,5,3,Deu,deu,NOM,99,dieu_+IT,1,1,N,N,,1,o,C/V\
27,5,4,de,de,PRE,100,de_+S,1,1,Pre,Pre,de,1,,C/(e)\
28,5,5,part,part,NOM,101,part1|part2|part3|part4_+IT|+T|+T|+T,1,1,N,N,,1,,C/V\
29,5,6,pere,pere,NOM,102,paire|pere1|piere_+T|+T|+T,1,1,N,N,,1,o,'C/V\.C/(e)\
30,6,1,de,de,PRE,107,de_+S,1,1,Pre,Pre,de,1,,C/(e)\
31,6,2,part,part,NOM,108,part1|part2|part3|part4_+IT|+T|+T|+T,1,1,N,N,,1,,C/V\
32,6,3,mere,mere,NOM,109,mere_+CIT,1,1,N,N,,1,,'C/V\.C/(e)\
33,6,4,.,.,PON,110,.,1,1,Pnc,Pnc,,1,,
34,6,5,Muilliers,muilliers,NOM,111,moillier_*+T,1,1,N,N,,2,,C/V\.'C/V\
35,6,6,out,out,VER,112,avoir|oloir_+MIIdMd|+M,1,1,Vfin,Vfin,avoir1,2,,/V\
36,6,7,dous,dous,ADJ,113,deus_*+T,1,1,QIs,QIs,2,2,,C/V\
37,7,1,la,la,DET:def,115,le_S,1,1,Det,Det,le,2,,C/V\
38,7,2,plus,plus,ADV,116,plus_CI,1,1,Adv,Adv,plus,2,,C/V\
39,7,3,noble,noble,ADJ,117,noble1|noble_+IT|CI,1,1,Adj,Adj,noble,2,,'C/V\.C/(e)\
40,7,4,fud,fud,VER,118,estre_M,1,1,Vfin,Vfin,être1|ester,2,,C/V\
41,7,5,claméé,clamee,VER,119,clamer_+IM,1,1,Vpp,Vpp,clamer,2,,C/V\.'C/V\./(e)\
42,7,6,Anna,annä,NPR,120,anna_Z,1,1,N,N,,2,c,'/V\.C/(e)\
43,8,1,fud,fud,VER,212,estre_M,1,1,Vfin,Vfin,être1|ester,2,,C/V\
44,8,2,ke,ke,PROCON,213,que1|que2|que3|que4_S|S|S|S,1,1,Sub,Sub,que,2,,C/(e)\
45,8,3,feïst,feist,VER,214,faire|feire_+IM|M,1,1,Vfin,Vfin,faire,2,,C/(V)\.'/V\
46,8,4,sainte,sainte,ADJ,215,saint_I,1,1,Adj,Adj,saint,2,,'C/V\.C/(e)\
47,8,5,engendrure,engendrure,NOM,216,<nolem>,1,1,N,N,,2,,/V\.C/V\.'C/V\.C/(e)\
48,9,1,en,en,PRE,217,en1_+S,1,1,Pre,Pre,en1,2,,/V\
49,9,2,atemprance,atemprance,NOM,218,atemprance_+T,1,1,N,N,,2,,/V\.C/V\.'C/V\.C/(e)\
50,9,3,é,e,CON:coord,219,et_S,1,1,Crd,Crd,et,2,,/V\
51,9,4,en,en,PRE,220,en1_+S,1,1,Pre,Pre,en1,2,,/V\
52,9,5,nettéé,nettee,NOM,221,<nolem>,1,1,N,N,,2,,C/V\.'C/V\./(e)\
53,10,1,que,que,PROCON,229,que3_S,1,1,Sub,Sub,que,2,,C/(e)\
54,10,2,par,par,PRE,230,par_S,1,1,Pre,Pre,par1,2,,C/V\
55,10,3,fiz,fiz,NOM,231,fil2|fius_+T|C,1,1,N,N,,2,,C/V\
56,10,4,fust,fust,VER,232,estre1|fuster_+I|+M,1,1,Vfin,Vfin,être1|ester,2,,C/V\
57,10,5,á,a,PRE,233,a_S,1,1,Pre,Pre,à,2,,/V\
58,10,6,sun,sun,DET:poss,234,son4_S,1,1,Det,Det,son4,2,,C/V\
59,10,7,plaisir,plaisir,NOM,235,plaisir_+IT,1,1,N,N,,2,,C/V\.'C/V\
60,11,1,que,que,PROCON,273,que3_S,2,1,Sub,Sub,que,2,c,C/(e)\
61,11,2,Deu,deu,NOM,274,dieu_+IT,2,1,N,N,,2,s,C/V\
62,11,3,out,out,VER,275,avoir|oloir_+MIIdMd|+M,2,1,Vfin,Vfin,avoir1,2,,/V\
63,11,4,á,a,PRE,276,a_S,2,1,Pre,Pre,à,2,,/V\
64,11,5,sun,sun,DET:poss,277,son4_S,2,1,Det,Det,son4,2,,C/V\
65,11,6,oes,oes,NOM,278,ues_+IT,2,1,N,N,,2,,/V\
66,11,7,saisie,saisie,VER,279,saisir_+IM,2,1,Vpp,Vpp,saisir,2,,C/V\.'C/V\./(e)\
67,12,1,saisie,saisie,VER,279,saisir_+IM,2,1,Vpp,Vpp,saisir,2,,C/V\.'C/V\./(e)\
68,12,2,é,e,CON:coord,280,et_S,2,1,Crd,Crd,et,2,,/V\
69,12,3,sacréé,sacree,VER,281,sacrer_+M,2,1,Vpp,Vpp,,2,,C/V\.'C/V\./(e)\
70,12,4,.,.,PON,282,.,2,1,Pnc,Pnc,,2,,
71,12,5,La,la,PRO:pers,283,il_S,2,1,Adv,Adv,là,2,a,C/V\
72,12,6,fud,fud,VER,284,estre_M,2,1,Vfin,Vfin,être1|ester,2,,C/V\
73,13,1,Josue,josue,NPR,297,josué_Z,2,1,N,N,,2,,C/V\.'C/V\./(e)\
74,13,2,",",",",PON,298,",",2,1,Pnc,Pnc,,2,,
75,13,3,ki,ki,PROCON,299,qui_S,2,1,Qux,Qux,qui,2,s,C/V\
76,13,4,le,le,DET:def,300,le_S,2,1,Det,Det,le,2,,C/(e)\
77,13,5,pople,pople,NOM,301,pueple_+T,2,1,N,N,,2,,'C/V\.C/(e)\
78,13,6,Deu,deu,NOM,302,dieu_+IT,2,1,N,N,,2,o,C/V\
79,14,1,en,en,PRE,303,en1_+S,2,1,Pre,Pre,en1,2,,/V\
80,14,2,terre,terre,NOM,304,terre_+CIT,2,1,N,N,,2,,'C/V\.C/(e)\
81,14,3,de,de,PRE,305,de_+S,2,1,Pre,Pre,de,2,,C/(e)\
82,14,4,promissiun,promissiun,NOM,306,promissïon_*+Td,2,1,N,N,,2,,C/V\.C/V\.C/{V}\.'/V\
83,15,1,cunduist,cunduist,VER,307,conduire_+MI,2,1,Vfin,Vfin,conduire,2,,C/V\.'C/V\
84,15,2,é,e,CON:coord,308,et_S,2,1,Crd,Crd,et,2,,/V\
85,15,3,guiad,guiad,VER,309,guier_M,2,1,Vfin,Vfin,,2,,C/V\.'C/V\
86,15,4,.,.,PON,310,.,2,1,Pnc,Pnc,,2,,
87,15,5,La,la,PRO:pers,311,il_S,2,1,Adv,Adv,là,2,a,C/V\
88,15,6,fud,fud,VER,312,estre_M,2,1,Vfin,Vfin,être1|ester,2,,C/V\
89,15,7,l',l',DET:def,313,le_S,2,1,Det,Det,le,2,,C/\
90,15,8,arche,arche,NOM,314,arche1|arche2_+T|+IT,2,1,N,N,,2,,'/V\.C/(e)\
91,16,1,la,la,PRO:pers,316,il_S,2,1,Adv,Adv,là,2,a,C/V\
92,16,2,fud,fud,VER,317,estre_M,2,1,Vfin,Vfin,être1|ester,2,,C/V\
93,16,3,li,li,DET:def,318,le_S,2,1,Det,Det,le,2,,C/V\
94,16,4,propiciatories,propiciatories,NOM,319,<nolem>,2,1,N,N,,2,,C/V\.C/V\.C/V\.C/V\.'C/V\./e\
95,17,1,en,en,PRO:clit,325,en2_S,2,1,Pre,Pre,en1,2,,/V\
96,17,2,qui,qui,PROCON,326,qui_S,2,1,Qux,Qux,qui,2,,C/V\
97,17,3,fud,fud,VER,327,estre_M,2,1,Vfin,Vfin,être1|ester,2,,C/V\
98,17,4,repost,repost,VER,328,pondre|repondre|reposer_+M|+IT|+I,2,1,Vpp,Vpp,?,2,,C/V\.'C/V\
99,17,5,é,e,CON:coord,329,et_S,2,1,Crd,Crd,et,2,,/V\
100,17,6,guardez,guardez,VER,330,garder|guarder_+MI|M,2,1,Vpp,Vpp,garder,2,,C/V\.'C/V\
101,18,1,li,li,DET:def,331,le_S,2,1,Det,Det,le,2,,C/V\
102,18,2,tresors,tresors,NOM,332,tresor_+I,2,1,N,N,,2,,C/V\.'C/V\
103,18,3,precius,precius,ADJ,333,precïos_+Z,2,1,Adj,Adj,,2,,C/V\.C/V\.'C/V\
104,18,4,des,des,PREDET:de,334,de+le_S,2,1,Pre+Det,Pre+Det,de+le,2,,C/V\
105,18,5,tables,tables,NOM,335,table_+I,2,1,N,N,,2,,'C/V\.C/e\
106,19,1,de,de,PRE,345,de_+S,2,1,Pre,Pre,de,2,,C/(e)\
107,19,2,la,la,DET:def,346,le_S,2,1,Det,Det,le,2,,C/V\
108,19,3,manne,manne,NOM,347,manne_+T,2,1,N,N,,2,,'C/V\.C/(e)\
109,19,4,ki,ki,PROCON,348,qui_S,2,1,Qux,Qux,qui,2,s,C/V\
110,19,5,del,del,PREDET:de,349,de+le_S,2,1,Pre+Det,Pre+Det,de+le,2,,C/V\
111,19,6,ciel,ciel,NOM,350,ciel_+IT,2,1,N,N,,2,,C/V\
112,19,7,vint,vint,VER,351,venir|voir_+CI|M,2,1,Vfin,Vfin,venir,2,,C/V\
113,20,1,ácustumiers,acustumiers,ADJ,393,acostumier_*G,2,1,Adj,Adj,,3,,/V\.C/V\.C/V\.'C/V\
114,20,2,á,a,PRE,394,a_S,2,1,Pre,Pre,à,3,,/V\
115,20,3,visiter,visiter,VER,395,visiter_+IMT,2,1,Vinf,Vinf,,3,,C/V\.C/V\.'C/V\
116,21,1,depreier,depreier,VER,398,<nolem>,2,1,Vinf,Vinf,déprier,3,,C/V\.C/V\.'C/V\
117,21,2,",",",",PON,399,",",2,1,Pnc,Pnc,,3,,
118,21,3,oblatiuns,oblatiuns,NOM,400,oblacïon_*+Td,2,1,N,N,,3,c,/V\.C/V\.C/{V}\.'/V\
119,21,4,faire,faire,VER,401,faire_+MIT,2,1,Vinf,Vinf,faire,3,,'C/V\.C/(e)\
120,22,1,faire,faire,VER,401,faire_+MIT,2,1,Vinf,Vinf,faire,3,,'C/V\.C/(e)\
121,22,2,é,e,CON:coord,402,et_S,2,1,Crd,Crd,et,3,,/V\
122,22,3,sacrifier,sacrifier,VER,403,sacrifier_M,2,1,Vinf,Vinf,,3,,C/V\.C/V\.C/V\.'C/V\
123,22,4,as,as,PREDET:a,404,a+le_S,2,1,Pre+Det,Pre+Det,à+le,3,,/V\
124,22,5,jurs,jurs,NOM,405,jor_*+I,2,1,N,N,,3,,C/V\
125,23,1,as,as,PREDET:a,404,a+le_S,2,1,Pre+Det,Pre+Det,à+le,3,,/V\
126,23,2,jurs,jurs,NOM,405,jor_*+I,2,1,N,N,,3,,C/V\
127,23,3,asis,asis,VER,406,asseoir|assëoir|sedeir|seoir_+CI|I|M|M,2,1,Vpp,Vpp,asseoir,3,,/V\.'C/V\
128,23,4,é,e,CON:coord,407,et_S,2,1,Crd,Crd,et,3,,/V\
129,23,5,par,par,PRE,408,par_S,2,1,Pre,Pre,par1,3,,C/V\
130,23,6,la,la,DET:def,409,le_S,2,1,Det,Det,le,3,,C/V\
131,23,7,lei,lei,NOM,410,loi_I,2,1,N,N,,3,,C/V\
132,24,1,en,en,PRE,437,en1_+S,2,1,Pre,Pre,en1,3,,/V\
133,24,2,moniment,moniment,NOM,438,<nolem>,2,1,N,N,,3,,C/V\.C/V\.'C/V\
134,24,3,é,e,CON:coord,439,et_S,2,1,Crd,Crd,et,3,,/V\
135,24,4,remembrance,remembrance,NOM,440,remembrance_+IT,2,1,N,N,,3,,C/V\.C/V\.'C/V\.C/(e)\
136,25,1,que,que,PROCON,441,que3_S,2,1,Sub,Sub,que,3,,C/(e)\
137,25,2,il,il,PRO:pers,442,il_S,2,1,Prn,Prn$,3p,3,s,/V\
138,25,3,mestrent,mestrent,VER,443,metre|mettre_M|M,2,1,Vfin,Vfin,mettre,3,,'C/V\.C/e\
139,25,4,lunges,lunges,ADV,444,lonc_Z,2,1,Adv,Adv,longues,3,,'C/V\.C/e\
140,25,5,á,a,PRE,445,a_S,2,1,Pre,Pre,à,3,,/V\
141,25,6,mesáise,mesaise,NOM,446,mesaise_+IT,2,1,N,N,,3,,C/V\.'C/V\.C/(e)\
142,26,1,é,e,CON:coord,449,et_S,2,1,Crd,Crd,et,3,,/V\
143,26,2,en,en,PRE,450,en1_+S,2,1,Pre,Pre,en1,3,,/V\
144,26,3,fuilléés,fuillees,NOM,451,<nolem>,2,1,N,N,,3,,C/V\.'C/V\./e\
145,26,4,jesque,jesque,ADV,452,jesque_I,2,1,PrA,PrA,jusque,3,,'C/V\.C/(e)\
146,26,5,Deu,deu,NOM,453,dieu_+IT,2,1,N,N,,3,s,C/V\
147,27,1,ne,ne,PRO:clit,537,en2_S,3,1,Neg,Neg$$,ne1,5,,C/(e)\
148,27,2,li,li,PRO:pers,538,il_S,3,1,Prn,Prn$$,3p,5,,C/V\
149,27,3,volt,volt,VER,539,valoir|voler|voloir_+M|+I|+CI,3,1,Vfin,Vfin,vouloir,5,,C/V\
150,27,4,encore,encore,ADV,540,encore_+IT,3,1,Adv,Adv,encore,5,,/V\.'C/V\.C/(e)\
151,27,5,duner,duner,VER,541,doner_+MI,3,1,Vinf,Vinf,donner,5,,C/V\.'C/V\
152,28,1,le,le,DET:def,542,le_S,3,1,Det,Det,le,5,,C/(e)\
153,28,2,fruit,fruit,NOM,543,fruit_+IT,3,1,N,N,,5,,C/V\
154,28,3,desired,desiréd,VER,544,descirer|desirer_M|M,3,1,Vpp,Vpp,désirer,5,,C/V\.C/V\.'C/V\
155,28,4,de,de,PRE,545,de_+S,3,1,Pre,Pre,de,5,,C/(e)\
156,28,5,sun,sun,DET:poss,546,son4_S,3,1,Det,Det,son4,5,,C/V\
157,28,6,ventre,ventre,NOM,547,ventre1|ventre_+IT|I,3,1,N,N,,5,,'C/V\.C/(e)\
158,29,1,íçó,iço,NPR,551,<unknown>,3,1,Prn,Prn,ce1,6,c,/V\.'C/V\
159,29,2,li,li,PRO:pers,552,il_S,3,1,Prn,Prn$$,3p,6,,C/V\
160,29,3,turna,turna,VER,553,torner_*+I,3,1,Vfin,Vfin,tourner,6,,C/V\.'C/V\
161,29,4,á,a,PRE,554,a_S,3,1,Pre,Pre,à,6,,/V\
162,29,5,repruce,repruce,NOM,555,<nolem>,3,1,N,N,,6,,C/V\.'C/V\.C/(e)\
163,30,1,é,e,CON:coord,561,et_S,3,1,Crd,Crd,et,6,,/V\
164,30,2,amerement,amerement,ADV,562,amerement_Z,3,1,Adv,Adv,,6,,/V\.C/V\.C/e\.'C/V\
165,30,3,rampodnout,rampodnout,VER,563,<unknown>,3,1,Vfin,Vfin,,6,,C/V\.C/V\.'C/V\
166,31,1,nen,nen,PRO:clit,569,en2_S,3,1,Neg,Neg$$,ne1,7,,C/V\
167,31,2,out,out,VER,570,avoir|oloir_+MIIdMd|+M,3,1,Vfin,Vfin,avoir1,7,,/V\
168,31,3,retur,retur,NOM,571,retor1_+Z,3,1,N,N,,7,c,C/V\.'C/V\
169,31,4,",",",",PON,572,",",3,1,Pnc,Pnc,,7,,
170,31,5,mais,mais,CON:coord,573,mais_S,3,1,Crd,Crd,mais1,7,,C/V\
171,31,6,un,un,DET:ndf,574,un_S,3,1,QIs,QIs,un,7,,/V\
172,31,7,duleir,duleir,NOM,575,<nolem>,3,1,N,N,,7,,C/V\.'C/V\
173,32,1,en,en,PRE,605,en1_+S,3,1,Pre,Pre,en1,8,,/V\
174,32,2,tristur,tristur,NOM,606,tristor_+Z,3,1,N,N,,8,,C/V\.'C/V\
175,32,3,?,?,PON,607,?,3,1,Pnc,Pnc,,8,,
176,32,4,Dun,dun,PRO:invar,608,dont_S,3,1,Adv,Adv,donc,8,,C/V\
177,32,5,n',n',PRO:clit,609,en2_S,3,1,Neg,Neg$$,ne1,8,,C/\
178,32,6,as,as,VER,610,avoir_+MI,3,1,Vfin,Vfin,avoir1,8,,/V\
179,32,7,tu,tu,PRO:pers,611,tu_S,3,1,Prn,Prn,2ps,8,s,C/V\
180,32,8,m',m',DET:poss,612,mon1_S,3,1,Det,Det,mon1,8,,C/\
181,32,9,amur,amur,NOM,613,amor|amur_+I|G,3,1,N,N,,8,,/V\.'C/V\
182,33,1,puis,puis,ADV,634,puis_IT,3,1,Adv,Adv,puis,9,,C/V\
183,33,2,que,que,PROCON,635,que3_S,3,1,Sub,Sub,que,9,,C/(e)\
184,33,3,ele,ele,PRO:pers,636,il_S,3,1,Prn,Prn$,3p,9,s,'/V\.C/(e)\
185,33,4,out,out,VER,637,avoir|oloir_+MIIdMd|+M,3,1,Vfin,Vfin,avoir1,9,,/V\
186,33,5,mangied,mangiéd,VER,638,manger_M,3,1,Vpp,Vpp,manger,9,,C/V\.'C/V\
187,33,6,é,e,CON:coord,639,et_S,3,1,Crd,Crd,et,9,,/V\
188,33,7,beüd,beüd,NPR,640,<unknown>,3,1,Vpp,Vpp,boire,9,,C/(V)\.'/V\
189,34,1,requerre,requerre,VER,646,requerre_+IT,3,1,Vinf,Vinf,requérir,9,,C/V\.'C/V\.C/(e)\
190,34,2,tut,tut,DET:ind,647,tot_S,3,1,QIs,QIs,tout,9,,C/V\
191,34,3,sun,sun,DET:poss,648,son4_S,3,1,Det,Det,son4,9,,C/V\
192,34,4,quer,quer,NOM,649,cuer1|cuer2_+T|+T,3,1,N,N,,9,,C/V\
193,34,5,turnad,turnad,VER,650,torner_*+I,3,1,Vfin,Vfin,tourner,9,,C/V\.'C/V\
194,35,1,turnad,turnad,VER,650,torner_*+I,3,1,Vfin,Vfin,tourner,9,,C/V\.'C/V\
195,35,2,.,.,PON,651,.,3,1,Pnc,Pnc,,9,,
196,35,3,Vint,vint,VER,652,venir|voir_+CI|M,3,1,Vfin,Vfin,venir,9,,C/V\
197,35,4,s',s',PRO:pers,653,soi1_S,3,1,Prn,Prn$$,soi,9,,C/\
198,35,5,en,en,PRE,654,en1_+S,3,1,Prn,Prn,en2,9,,/V\
199,35,6,al,al,PREDET:a,655,a+le_S,3,1,Pre+Det,Pre+Det,à+le,9,,/V\
200,35,7,tabernacle,tabernacle,NOM,656,tabernacle_+T,3,1,N,N,,9,,C/V\.C/e\.'C/V\.C/(e)\
201,36,1,parole,parole,NOM,677,parole_+IT,3,1,N,N,,9,,C/V\.'C/V\.C/(e)\
202,36,2,de,de,PRE,678,de_+S,3,1,Pre,Pre,de,9,,C/(e)\
203,36,3,salu,salu,NOM,679,salu_+IT,3,1,N,N,,9,,C/V\.'C/V\
204,36,4,mustrast,mustrast,VER,680,mostrer_+Z,3,1,Vfin,Vfin,montrer,9,,C/V\.'C/V\
205,37,1,é,e,CON:coord,716,et_S,3,1,Crd,Crd,et,11,,/V\
206,37,2,des,des,PREDET:de,717,de+le_S,3,1,Pre+Det,Pre+Det,de+le,11,,C/V\
207,37,3,champiuns,champiuns,NOM,718,champïon_*+IdTd,3,1,N,N,,11,,C/V\.C/{V}\.'/V\
208,37,4,cumbatanz,cumbatanz,VER,719,combatre_+MI,3,1,Vprs,Vprs,combattre,11,,C/V\.C/V\.'C/V\
209,38,1,Usages,usages,NOM,774,usage_+I,3,1,N,N,,11,a,/V\.'C/V\.C/e\
210,38,2,ert,ert,VER,775,estre1|estre_+I|MI,3,1,Vfin,Vfin,être1|ester,11,,/V\
211,38,3,en,en,PRE,776,en1_+S,3,1,Pre,Pre,en1,11,,/V\
212,38,4,cele,cele,DET:demo,777,cel_S,3,1,Dem,Dem,cil,11,,'C/V\.C/(e)\
213,38,5,lei,lei,NOM,778,loi_I,3,1,N,N,,11,,C/V\
214,39,1,en,en,PRE,805,en1_+S,4,1,Pre,Pre,en1,12,,/V\
215,39,2,sa,sa,DET:poss,806,son4_S,4,1,Det,Det,son4,12,,C/V\
216,39,3,préére,preere,NOM,807,priiere_+Z,4,1,N,N,,12,,C/V\.'C/V\.C/(e)\
217,39,4,demurad,demurad,VER,808,demurer_M,4,1,Vfin,Vfin,demeurer,12,,C/V\.C/V\.'C/V\
218,40,1,Ses,ses,DET:poss,810,son4_S,4,1,Det,Det,son4,13,,C/V\
219,40,2,levres,levres,NOM,811,levre|lievre_*+IT|+IT,4,1,N,N,,13,,'C/V\.C/e\
220,40,3,mout,mout,ADV,812,mout_I,4,1,Vfin,Vfin,?,13,,C/V\
221,40,4,",",",",PON,813,",",4,1,Pnc,Pnc,,13,,
222,40,5,li,li,DET:def,814,le_S,4,1,Det,Det,le,13,,C/V\
223,40,6,quers,quers,NOM,815,cuer_I,4,1,N,N,,13,,C/V\
224,40,7,parlad,parlad,VER,816,parler_+M,4,1,Vfin,Vfin,parler,13,,C/V\.'C/V\
225,41,1,Va,va,VER,836,aler_+CMIT,4,1,Vfin,Vfin,aller,14,,C/V\
226,41,2,",",",",PON,837,",",4,1,Pnc,Pnc,,14,,
227,41,3,bone,bone,ADJ,838,bon_+CI,4,1,Adj,Adj,bon,14,,'C/V\.C/(e)\
228,41,4,femme,femme,NOM,839,feme_+CI,4,1,N,N,,14,,'C/V\.C/(e)\
229,41,5,",",",",PON,840,",",4,1,Pnc,Pnc,,14,,
230,41,6,á,a,PRE,841,a_S,4,1,Pre,Pre,à,14,,/V\
231,41,7,tun,tun,DET:poss,842,ton4_S,4,1,Det,Det,ton4,14,,C/V\
232,41,8,ostel,ostel,NOM,843,ostel_+CIT,4,1,N,N,,14,,/V\.'C/V\
233,42,1,á,a,PRE,895,a_S,4,1,Pre,Pre,à,16,,/V\
234,42,2,Deu,deu,NOM,896,dieu_+IT,4,1,N,N,,16,,C/V\
235,42,3,áí,ai,VER,897,aidier|avoir_+Md|+CMI,4,1,Vfin,Vfin,avoir1,16,,/V\
236,42,4,reveled,reveléd,VER,898,reveler_M,4,1,Vpp,Vpp,,16,,C/V\.C/e\.'C/V\
237,42,5,mun,mun,DET:poss,899,mon1_S,4,1,Det,Det,mon1,16,,C/V\
238,42,6,duel,duel,NOM,900,duel_+IT,4,1,N,N,,16,,C/V\
239,43,1,mun,mun,DET:poss,899,mon1_S,4,1,Det,Det,mon1,16,,C/V\
240,43,2,duel,duel,NOM,900,duel_+IT,4,1,N,N,,16,,C/V\
241,43,3,.,.,PON,901,.,4,1,Pnc,Pnc,,16,,
242,43,4,’,’,PON:cit,902,QUOTED,4,1,Pnc,Pnc,,16,,
243,43,5,_,[,PON,903,[,4,1,Pnc,Pnc,,16,,
244,43,6,Belial,belial,NPR,904,<nolem>,4,1,N,N,,16,,C/V\.'C/V\
245,43,7,",",",",PON,905,",",4,1,Pnc,Pnc,,16,,
246,43,8,çó,ço,NPR,906,<unknown>,4,1,Prn,Prn,ce1,16,s,C/V\
247,43,9,est,est,VER,907,ester|estre1_+M|+I,4,1,Vfin,Vfin,être1|ester,16,,/V\
248,43,10,senz,senz,PRE,908,sans_+S,4,1,Pre,Pre,sans,16,,C/V\
249,43,11,jú,ju,PRO:pers,909,je_S,4,1,N,N,,16,,C/V\
250,44,1,Belial,belial,NPR,904,<nolem>,4,1,N,N,,16,,C/V\.'C/V\
251,44,2,",",",",PON,905,",",4,1,Pnc,Pnc,,16,,
252,44,3,çó,ço,NPR,906,<unknown>,4,1,Prn,Prn,ce1,16,s,C/V\
253,44,4,est,est,VER,907,ester|estre1_+M|+I,4,1,Vfin,Vfin,être1|ester,16,,/V\
254,44,5,senz,senz,PRE,908,sans_+S,4,1,Pre,Pre,sans,16,,C/V\
255,44,6,jú,ju,PRO:pers,909,je_S,4,1,N,N,,16,,C/V\
256,44,7,;,;,PON,910,;,4,1,Pnc,Pnc,,16,,
257,44,8,é,e,CON:coord,911,et_S,4,1,Crd,Crd,et,16,,/V\
258,44,9,cil,cil,PRO:demo,912,cel_S,4,1,Dem,Dem,cil,16,,C/V\
259,45,1,ki,ki,PROCON,916,qui_S,4,1,Qux,Qux,qui,16,s,C/V\
260,45,2,tuz,tuz,DET:ind,917,tot_S,4,1,QIs,QIs,tout,16,,C/V\
261,45,3,jurs,jurs,NOM,918,jor_*+I,4,1,N,N,,16,,C/V\
262,45,4,tirent,tirent,VER,919,tirer_+IM,4,1,Vfin,Vfin,,16,,'C/V\.C/e\
263,45,5,vers,vers,PRE,920,vers2_+S,4,1,Pre,Pre,vers2,16,,C/V\
264,45,6,le,le,DET:def,921,le_S,4,1,Det,Det,le,16,,C/(e)\
265,45,7,mal,mal,NOM,922,mail|mal2|mautrait_+T|+T|+T,4,1,N,N,mal1,16,,C/V\
266,46,1,ostent,ostent,VER,924,oster2|oster_+I|M,4,1,Vfin,Vfin,,16,,'/V\.C/e\
267,46,2,le,le,DET:def,925,le_S,4,1,Det,Det,le,16,,C/(e)\
268,46,3,j́ú,ju,NOM,926,jeu|juene_+T|T,4,1,N,N,,16,,C/V\
269,46,4,de,de,PRE,927,de_+S,4,1,Pre,Pre,de,16,,C/(e)\
270,46,5,la,la,DET:def,928,le_S,4,1,Det,Det,le,16,,C/V\
271,46,6,lei,lei,NOM,929,loi_I,4,1,N,N,,16,,C/V\
272,46,7,Deu,deu,NOM,930,dieu_+IT,4,1,N,N,,16,o,C/V\
273,47,1,vunt,vunt,VER,937,aler_+IM,4,1,Vfin,Vfin,aller,16,,C/V\
274,47,2,cancelant,cancelant,VER,938,chanceler_+IM,4,1,Vprs,Vprs,chanceler,16,,C/V\.C/e\.'C/V\
275,47,3,",",",",PON,939,",",4,1,Pnc,Pnc,,16,,
276,47,4,lur,lur,DET:poss,940,lor2_S,4,1,Det,Det,leur2,16,,C/V\
277,47,5,criatur,criatur,NOM,941,<nolem>,4,1,N,N,,16,,C/V\.C/V\.'C/V\
278,48,1,lur,lur,DET:poss,940,lor2_S,4,1,Det,Det,leur2,16,,C/V\
279,48,2,criatur,criatur,NOM,941,<nolem>,4,1,N,N,,16,,C/V\.C/V\.'C/V\
280,48,3,átariant,atariant,VER,942,<nolem>,4,1,Vprs,Vprs,,16,,/V\.C/V\.C/V\.'C/V\
281,49,1,Vá,va,VER,952,aler_+CMIT,4,1,Vfin,Vfin,aller,17,,C/V\
282,49,2,",",",",PON,953,",",4,1,Pnc,Pnc,,17,,
283,49,3,bóne,bone,ADJ,954,bon_+CI,4,1,Adj,Adj,bon,17,,'C/V\.C/(e)\
284,49,4,femme,femme,NOM,955,feme_+CI,4,1,N,N,,17,,'C/V\.C/(e)\
285,49,5,",",",",PON,956,",",4,1,Pnc,Pnc,,17,,
286,49,6,as,as,PREDET:a,957,a+le_S,4,1,Pre+Det,Pre+Det,à+le,17,,/V\
287,49,7,véies,veies,NOM,958,voie_+I,4,1,N,N,,17,,'C/V\./e\
288,49,8,Deu,deu,NOM,959,dieu_+IT,4,1,N,N,,17,o,C/V\
289,50,1,ad,ad,VER,968,avoir_+IM,4,1,Vfin,Vfin,avoir1,17,,/V\
290,50,2,poeste,poesté,NOM,969,pöeste_+IIdTd,4,1,N,N,,17,,C/V\.C/(V)\.'/V\
291,50,3,",",",",PON,970,",",4,1,Pnc,Pnc,,17,,
292,50,4,furnísse,furnisse,VER,971,furnir_M,4,1,Vfin,Vfin,,17,,C/V\.'C/V\.C/(e)\
293,50,5,en,en,PRO:clit,972,en2_S,4,1,Pre,Pre,en1,17,,/V\
294,50,6,grace,grace,NOM,973,grace_+CIT,4,1,N,N,,17,,'C/V\.C/(e)\
295,51,1,la,la,DET:def,985,le_S,4,1,Det,Det,le,18,,C/V\
296,51,2,chere,chere,NOM,986,chiere_+I,4,1,N,N,,18,,'C/V\.C/(e)\
297,51,3,púis,puis,ADV,987,puis_IT,4,1,Adv,Adv,puis,18,,C/V\
298,51,4,ne,ne,PRO:clit,988,en2_S,4,1,Neg,Neg$$,ne1,18,,C/(e)\
299,51,5,li,li,PRO:pers,989,il_S,4,1,Prn,Prn$$,3p,18,,C/V\
300,51,6,chaï,chaï,VER,990,chëoir_+IM,4,1,Vfin,Vfin,choir,18,,C/V\.'C/V\
301,52,1,Od,od,PRE,992,o4_+S,4,1,Pre,Pre,o1,19,,/V\
302,52,2,sun,sun,DET:poss,993,son4_S,4,1,Det,Det,son4,19,,C/V\
303,52,3,seignur,seignur,NOM,994,seignor_+I,4,1,N,N,,19,,C/V\.'C/V\
304,52,4,le,le,DET:def,995,le_S,4,1,Det,Det,le,19,,C/(e)\
305,52,5,matin,matin,NOM,996,matin2|matin_+IT|I,4,1,N,N,,19,,C/V\.'C/V\
306,52,6,Deu,deu,NOM,997,dieu_+IT,4,1,N,N,,19,o,C/V\
307,53,1,puis,puis,ADV,1000,puis_IT,4,1,Adv,Adv,puis,19,,C/V\
308,53,2,á,a,PRE,1001,a_S,4,1,Pre,Pre,à,19,,/V\
309,53,3,sa,sa,DET:poss,1002,son4_S,4,1,Det,Det,son4,19,,C/V\
310,53,4,maisun,maisun,NOM,1003,maison_+I,4,1,N,N,,19,,C/V\.'C/V\
311,53,5,returnad,returnad,VER,1004,retorner_*+I,4,1,Vfin,Vfin,retourner,19,,C/V\.C/V\.'C/V\
312,54,1,out,out,VER,1007,avoir|oloir_+MIIdMd|+M,4,1,Vfin,Vfin,avoir1,20,,/V\
313,54,2,sa,sa,DET:poss,1008,son4_S,4,1,Det,Det,son4,20,,C/V\
314,54,3,ancele,ancele,NOM,1009,ancele_+GT,4,1,N,N,,20,,/V\.'C/V\.C/(e)\
315,54,4,en,en,PRE,1010,en1_+S,4,1,Pre,Pre,en1,20,,/V\
316,54,5,remembrance,remembrance,NOM,1011,remembrance_+IT,4,1,N,N,,20,,C/V\.C/V\.'C/V\.C/(e)\
317,55,1,en,en,PRE,1010,en1_+S,4,1,Pre,Pre,en1,20,,/V\
318,55,2,remembrance,remembrance,NOM,1011,remembrance_+IT,4,1,N,N,,20,,C/V\.C/V\.'C/V\.C/(e)\
319,55,3,;,;,PON,1012,;,4,1,Pnc,Pnc,,20,,
320,55,4,tost,tost,ADV,1013,tost1|tost_+T|CI,4,1,Adv,Adv,tôt,20,,C/V\
321,55,5,cunceut,cunceut,VER,1014,concevoir_+M,4,1,Vfin,Vfin,concevoir,20,,C/V\.'C/V\
322,56,1,Graces,graces,NOM,1019,grace_+CI,4,1,N,N,,20,c,'C/V\.C/e\
323,56,2,rendit,rendit,VER,1020,rendre_+MI,4,1,Vfin,Vfin,rendre,20,,C/V\.'C/V\
324,56,3,a,a,PRE,1021,a_S,4,1,Pre,Pre,à,20,,/V\
325,56,4,l',l',PRO:pers,1022,il_S,4,1,Det,Det,le,20,,C/\
326,56,5,enfanter,enfanter,VER,1023,enfanter_+T,4,1,Vinf,Vinf,,20,,/V\.C/V\.'C/V\
327,57,1,é,e,CON:coord,1024,et_S,4,1,Crd,Crd,et,20,,/V\
328,57,2,Samuel,samuel,NPR,1025,samuel_I|Z,4,1,N,N,,20,c,C/V\.C/V\.'C/V\
329,57,3,le,le,PRO:pers,1026,il_S,4,1,Prn,Prn$$,3p,20,c,C/(e)\
330,57,4,fist,fist,VER,1027,faire|feire|fere_+CMI|M|M,4,1,Vfin,Vfin,faire,20,,C/V\
331,57,5,numer,numer,VER,1028,nommer_M,4,1,Vinf,Vinf,,20,,C/V\.'C/V\
332,58,1,entend,entend,VER,1034,entendre_+M,4,1,Vfin,Vfin,entendre,20,,/V\.'C/V\
333,58,2,l',l',DET:def,1035,le_S,4,1,Det,Det,le,20,,C/\
334,58,3,estorie,estorie,NOM,1036,estoire1_+T,4,1,N,N,,20,,/V\.'C/V\./(e)\
335,58,4,.,.,PON,1037,.,4,1,Pnc,Pnc,,20,,
336,58,5,Ásez,asez,ADV,1038,assez_+I,4,1,Adv,Adv,assez,20,,/V\.'C/V\
337,58,6,est,est,VER,1039,ester|estre1_+M|+I,4,1,Vfin,Vfin,être1|ester,20,,/V\
338,58,7,clére,clere,ADJ,1040,cler_+I,4,1,Adj,Adj,clair1,20,,'C/V\.C/(e)\
339,59,1,Ásez,asez,ADV,1038,assez_+I,4,1,Adv,Adv,assez,20,,/V\.'C/V\
340,59,2,est,est,VER,1039,ester|estre1_+M|+I,4,1,Vfin,Vfin,être1|ester,20,,/V\
341,59,3,clére,clere,ADJ,1040,cler_+I,4,1,Adj,Adj,clair1,20,,'C/V\.C/(e)\
342,59,4,",",",",PON,1041,",",4,1,Pnc,Pnc,,20,,
343,59,5,é,e,CON:coord,1042,et_S,4,1,Crd,Crd,et,20,,/V\
344,59,6,semble,semble,VER,1043,sanler_M,4,1,Vfin,Vfin,sembler,20,,'C/V\.C/(e)\
345,59,7,nue,nue,ADJ,1044,nu_I,4,1,Adj,Adj,nu,20,a,'C/V\./(e)\
346,60,1,mais,mais,CON:coord,1046,mais_S,4,1,Crd,Crd,mais1,20,,C/V\
347,60,2,pleine,pleine,ADJ,1047,plein_+I,4,1,Adj,Adj,plein,20,,'C/V\.C/(e)\
348,60,3,est,est,VER,1048,ester|estre1_+M|+I,4,1,Vfin,Vfin,être1|ester,20,,/V\
349,60,4,de,de,PRE,1049,de_+S,4,1,Pre,Pre,de,20,,C/(e)\
350,60,5,sens,sens,NOM,1050,sens_+IT,4,1,N,N,,20,,C/V\
351,60,6,é,e,CON:coord,1051,et_S,4,1,Crd,Crd,et,20,,/V\
352,60,7,de,de,PRE,1052,de_+S,4,1,Pre,Pre,de,20,,C/(e)\
353,60,8,meule,meule,NOM,1053,meule|muele_+CT|+T,4,1,N,N,,20,,'C/V\.C/(e)\
354,61,1,é,e,CON:coord,1051,et_S,4,1,Crd,Crd,et,20,,/V\
355,61,2,de,de,PRE,1052,de_+S,4,1,Pre,Pre,de,20,,C/(e)\
356,61,3,meule,meule,NOM,1053,meule|muele_+CT|+T,4,1,N,N,,20,,'C/V\.C/(e)\
357,61,4,.,.,PON,1054,.,4,1,Pnc,Pnc,,20,,
358,61,5,L',l',DET:def,1055,le_S,4,1,Det,Det,le,20,,C/\
359,61,6,estorie,estorie,NOM,1056,estoire1_+T,4,1,N,N,,20,,/V\.'C/V\./(e)\
360,61,7,est,est,VER,1057,ester|estre1_+M|+I,4,1,Vfin,Vfin,être1|ester,20,,/V\
361,61,8,paille,paille,NOM,1058,paile|paille_+T|+IT,4,1,N,N,,20,a,'C/V\.C/(e)\
362,62,1,le,le,DET:def,1065,le_S,4,1,Det,Det,le,20,,C/(e)\
363,62,2,sen,sen,NOM,1066,sen2|sens_+IT|+C,4,1,N,N,,20,,C/V\
364,62,3,est,est,VER,1067,ester|estre1_+M|+I,4,1,Vfin,Vfin,être1|ester,20,,/V\
365,62,4,fruit,fruit,NOM,1068,fruit_+IT,4,1,N,N,,20,a,C/V\
366,62,5,",",",",PON,1069,",",4,1,Pnc,Pnc,,20,,
367,62,6,l',l',DET:def,1070,le_S,4,1,Det,Det,le,20,,C/\
368,62,7,estorie,estorie,NOM,1071,estoire1_+T,4,1,N,N,,20,,/V\.'C/V\./(e)\
369,62,8,raims,raims,NOM,1072,raim|reim_*+IT|+T,4,1,N,N,,20,a,C/V\
370,63,1,É,e,CON:coord,1091,et_S,4,1,Crd,Crd,et,20,,/V\
371,63,2,voil,voil,VER,1092,valoir|veillier2_+M|+I,4,1,Vfin,Vfin,?,20,,C/V\
372,63,3,íci,ici,ADV,1093,ici_+IT,4,1,Adv,Adv,ici,20,,/V\.'C/V\
373,63,4,un,un,DET:ndf,1094,un_S,4,1,QIs,QIs,un,20,,/V\
374,63,5,poi,poi,ADV,1095,poi_I,4,1,Adv,Adv,peu,20,,C/V\
375,63,6,tucher,tucher,VER,1096,tochier_+Z,4,1,Vfin,Vfin,,20,,C/V\.'C/V\
376,64,1,çó,ço,NPR,1108,<unknown>,4,1,Prn,Prn,ce1,20,s,C/V\
377,64,2,est,est,VER,1109,ester|estre1_+M|+I,4,1,Vfin,Vfin,être1|ester,20,,/V\
378,64,3,la,la,DET:def,1110,le_S,4,1,Det,Det,le,20,,C/V\
379,64,4,possessiun,possessiun,NOM,1111,possessïon_*+Td,4,1,N,N,,20,,C/V\.C/V\.C/{V}\.'/V\
380,64,5,Deu,deu,NOM,1112,dieu_+IT,4,1,N,N,,20,o,C/V\
381,65,1,é,e,CON:coord,1114,et_S,4,1,Crd,Crd,et,20,,/V\
382,65,2,signefie,signefie,VER,1115,signefier_M,4,1,Vfin,Vfin,,20,,C/V\.C/e\.'C/V\./(e)\
383,65,3,le,le,DET:def,1116,le_S,4,1,Det,Det,le,20,,C/(e)\
384,65,4,fiz,fiz,NOM,1117,fil2|fius_+T|C,4,1,N,N,,20,,C/V\
385,65,5,Deu,deu,NOM,1118,dieu_+IT,4,1,N,N,,20,o,C/V\
386,66,1,me,me,PRO:pers,1129,je_S,4,1,Prn,Prn$$,1ps,20,c,C/(e)\
387,66,2,tint,tint,VER,1130,tinter_+M,4,1,Vfin,Vfin,tenir,20,,C/V\
388,66,3,en,en,PRE,1131,en1_+S,4,1,Pre,Pre,en1,20,,/V\
389,66,4,sa,sa,DET:poss,1132,son4_S,4,1,Det,Det,son4,20,,C/V\
390,66,5,possessiun,possessiun,NOM,1133,possessïon_*+Td,4,1,N,N,,20,,C/V\.C/V\.C/{V}\.'/V\
391,67,1,al,al,PREDET:a,1137,a+le_S,4,1,Pre+Det,Pre+Det,à+le,20,,/V\
392,67,2,cumencement,cumencement,NOM,1138,comencement_*+T,4,1,N,N,,20,,C/V\.C/V\.C/e\.'C/V\
393,67,3,de,de,PRE,1139,de_+S,4,1,Pre,Pre,de,20,,C/(e)\
394,67,4,ses,ses,DET:poss,1140,son4_S,4,1,Det,Det,son4,20,,C/V\
395,67,5,véies,veies,NOM,1141,voie_+I,4,1,N,N,,20,,'C/V\./e\
396,68,1,de,de,PRE,1139,de_+S,4,1,Pre,Pre,de,20,,C/(e)\
397,68,2,ses,ses,DET:poss,1140,son4_S,4,1,Det,Det,son4,20,,C/V\
398,68,3,véies,veies,NOM,1141,voie_+I,4,1,N,N,,20,,'C/V\./e\
399,68,4,é,e,CON:coord,1142,et_S,4,1,Crd,Crd,et,20,,/V\
400,68,5,de,de,PRE,1143,de_+S,4,1,Pre,Pre,de,20,,C/(e)\
401,68,6,ses,ses,DET:poss,1144,son4_S,4,1,Det,Det,son4,20,,C/V\
402,68,7,ovres,ovres,NOM,1145,uevre_*+T,4,1,N,N,,20,,'/V\.C/e\
403,69,1,La,la,DET:def,1161,le_S,4,1,Det,Det,le,20,,C/V\
404,69,2,premiere,premiere,ADJ:ord,1162,premier_C,4,1,Adj,Adj,premier1,20,,C/V\.C/<V>\.'/V\.C/(e)\
405,69,3,fud,fud,VER,1163,estre_M,4,1,Vfin,Vfin,être1|ester,20,,C/V\
406,69,4,Synagoge,synagoge,NOM,1164,sinagogue_+T,4,1,N,N,,20,,C/V\.C/V\.'C/V\.C/(e)\
407,70,1,fud,fud,VER,1163,estre_M,4,1,Vfin,Vfin,être1|ester,20,,C/V\
408,70,2,Synagoge,synagoge,NOM,1164,sinagogue_+T,4,1,N,N,,20,,C/V\.C/V\.'C/V\.C/(e)\
409,70,3,é,e,CON:coord,1165,et_S,4,1,Crd,Crd,et,20,,/V\
410,70,4,Judaïsme,judaisme,NOM,1166,<unknown>,4,1,N,N,,20,,C/V\.C/V\.'C/V\.C/(e)\
411,71,1,par,par,PRE,1182,par_S,4,1,Pre,Pre,par1,20,,C/V\
412,71,2,la,la,DET:def,1183,le_S,4,1,Det,Det,le,20,,C/V\
413,71,3,lei,lei,NOM,1184,loi_I,4,1,N,N,,20,,C/V\
414,71,4,plusurs,plusurs,PRO:ind,1185,plusor_S,4,1,QIs,QIs,plusieurs,20,c,C/V\.'C/V\
415,71,5,éngendrad,engendrad,VER,1186,engendrer1|engendrer2_*+T|+T,4,1,Vfin,Vfin,,20,,/V\.C/V\.'C/V\
416,72,1,é,e,CON:coord,1208,et_S,4,1,Crd,Crd,et,20,,/V\
417,72,2,cele,cele,PRO:demo,1209,cel_S,4,1,Dem,Dem,cil,20,c,'C/V\.C/(e)\
418,72,3,signefiad,signefiad,VER,1210,signefier_M,4,1,Vfin,Vfin,,20,,C/V\.C/e\.C/V\.'C/V\
419,72,4,Anna,annä,NPR,1211,anna_Z,4,1,N,N,,20,,'/V\.C/(e)\
420,73,1,par,par,PRE,1234,par_S,4,1,Pre,Pre,par1,20,,C/V\
421,73,2,grace,grace,NOM,1235,grace_+CIT,4,1,N,N,,20,,'C/V\.C/(e)\
422,73,3,a,a,PRE,1236,a_S,4,1,Pre,Pre,à,20,,/V\
423,73,4,li,li,PRO:pers,1237,il_S,4,1,Prn,Prn,3p,20,,C/V\
424,73,5,s',s',PRO:pers,1238,soi1_S,4,1,Prn,Prn$$,soi,20,,C/\
425,73,6,acumpaigna,acumpaigna,VER,1239,<nolem>,4,1,Vfin,Vfin,,20,,/V\.C/V\.C/V\.'C/V\
426,74,1,rachatá,rachata,VER,1246,racheter_M,4,1,Vfin,Vfin,racheter,20,,C/V\.C/V\.'C/V\
427,74,2,",",",",PON,1247,",",4,1,Pnc,Pnc,,20,,
428,74,3,mundá,munda,VER,1248,monder1|monder2_*+T|+T,4,1,Vfin,Vfin,,20,,C/V\.'C/V\
429,74,4,par,par,PRE,1249,par_S,4,1,Pre,Pre,par1,20,,C/V\
430,74,5,baptesme,baptesme,NOM,1250,batesme_+I,4,1,N,N,,20,,C/V\.'C/V\.C/(e)\
431,75,1,od,od,PRE,1264,o4_+S,5,1,Pre,Pre,o1,21,,/V\
432,75,2,sa,sa,DET:poss,1265,son4_S,5,1,Det,Det,son4,21,,C/V\
433,75,3,maigniéé,maigniee,NOM,1266,<nolem>,5,1,N,N,,21,,C/V\.'C/V\./(e)\
434,75,4,al,al,PREDET:a,1267,a+le_S,5,1,Pre+Det,Pre+Det,à+le,21,,/V\
435,75,5,tabernacle,tabernacle,NOM,1268,tabernacle_+T,5,1,N,N,,21,,C/V\.C/e\.'C/V\.C/(e)\
436,76,1,Mais,mais,CON:coord,1280,mais_S,5,1,Crd,Crd,mais1,22,,C/V\
437,76,2,Anna,annä,NPR,1281,anna_Z,5,1,N,N,,22,s,'/V\.C/(e)\
438,76,3,out,out,VER,1282,avoir|oloir_+MIIdMd|+M,5,1,Vfin,Vfin,avoir1,22,,/V\
439,76,4,essuigne,essuigne,NOM,1283,<nolem>,5,1,N,N,,22,c,/V\.'C/V\.C/(e)\
440,76,5,é,e,CON:coord,1284,et_S,5,1,Crd,Crd,et,22,,/V\
441,76,6,remest,remest,VER,1285,remanoir_+I,5,1,Vfin,Vfin,remanoir,22,,C/V\.'C/V\
442,77,1,é,e,CON:coord,1284,et_S,5,1,Crd,Crd,et,22,,/V\
443,77,2,remest,remest,VER,1285,remanoir_+I,5,1,Vfin,Vfin,remanoir,22,,C/V\.'C/V\
444,77,3,",",",",PON,1286,",",5,1,Pnc,Pnc,,22,,
445,77,4,kar,kar,CON:coord,1287,car_S,5,1,Crd,Crd,car,22,,C/V\
446,77,5,al,al,PREDET:a,1288,a+le_S,5,1,Pre+Det,Pre+Det,à+le,22,,/V\
447,77,6,tabernacle,tabernacle,NOM,1289,tabernacle_+T,5,1,N,N,,22,,C/V\.C/e\.'C/V\.C/(e)\
448,78,1,ne,ne,PRO:clit,1290,en2_S,5,1,Neg,Neg$$,ne1,22,,C/(e)\
449,78,2,volt,volt,VER,1291,valoir|voler|voloir_+M|+I|+CI,5,1,Vfin,Vfin,vouloir,22,,C/V\
450,78,3,returner,returner,VER,1292,retorner_+I,5,1,Vinf,Vinf,retourner,22,,C/V\.C/V\.'C/V\
451,78,4,jesque,jesque,ADV,1293,jesque_I,5,1,PrA,PrA,jusque,22,,'C/V\.C/(e)\
452,78,5,líu,liu,NOM,1294,lieu_+T,5,1,N,N,,22,,C/V\
453,79,1,Mais,mais,CON:coord,1309,mais_S,5,1,Crd,Crd,mais1,24,,C/V\
454,79,2,puis,puis,ADV,1310,puis_IT,5,1,Adv,Adv,puis,24,,C/V\
455,79,3,que,que,PROCON,1311,que3_S,5,1,Sub,Sub,que,24,,C/(e)\
456,79,4,il,il,PRO:pers,1312,il_S,5,1,Prn,Prn$,3p,24,s,/V\
457,79,5,out,out,VER,1313,avoir|oloir_+MIIdMd|+M,5,1,Vfin,Vfin,avoir1,24,,/V\
458,79,6,set,set,ADJ:card,1314,sep|set_T|IT,5,1,QIs,QIs,7,24,,C/V\
459,79,7,anz,anz,NOM,1315,an_+CI,5,1,N,N,,24,,/V\
460,79,8,passed,passéd,VER,1316,passer_M,5,1,Vpp,Vpp,passer,24,,C/V\.'C/V\
461,80,1,fist,fist,VER,1354,faire|feire|fere_+CMI|M|M,5,1,Vfin,Vfin,faire,24,,C/V\
462,80,2,bel,bel,ADJ,1355,bel1|bel_+T|I,5,1,Adj,Adj,beau,24,,C/V\
463,80,3,reguard,reguard,NOM,1356,<nolem>,5,1,N,N,,24,,C/V\.'C/V\
464,80,4,é,e,CON:coord,1357,et_S,5,1,Crd,Crd,et,24,,/V\
465,80,5,si,si,ADV,1358,si_+IT,5,1,Adv,Adv,si4,24,,C/V\
466,80,6,li,li,PRO:pers,1359,il_S,5,1,Prn,Prn$$,3p,24,,C/V\
467,80,7,dist,dist,VER,1360,dire_+CMI,5,1,Vfin,Vfin,dire,24,,C/V\
468,81,1,é,e,CON:coord,1398,et_S,5,1,Crd,Crd,et,28,,/V\
469,81,2,jo,jo,PRO:pers,1399,je_S,5,1,Prn,Prn$,1ps,28,s,C/V\
470,81,3,li,li,PRO:pers,1400,il_S,5,1,Prn,Prn$$,3p,28,,C/V\
471,81,4,rend,rend,VER,1401,rendre_+M,5,1,Vfin,Vfin,rendre,28,,C/V\
472,81,5,pur,pur,PRE,1402,por2_+S,5,1,Pre,Pre,pour,28,,C/V\
473,81,6,lui,lui,PRO:pers,1403,il|loi1_S|S,5,1,Prn,Prn,3p,28,c,C/V\
474,81,7,servir,servir,VER,1404,servir_+MIT,5,1,Vinf,Vinf,servir,28,,C/V\.'C/V\
475,82,1,receif,receif,VER,1411,recevoir_+MI,5,1,Vfin,Vfin,recevoir,28,,C/V\.'C/V\
476,82,2,l',l',DET:def,1412,le_S,5,1,Det,Det,le,28,,C/\
477,82,3,enfant,enfant,NOM,1413,enfant_+CIT,5,1,N,N,,28,,/V\.'C/V\
478,82,4,que,que,PROCON,1414,que3_S,5,1,Qux,Qux,que,28,,C/(e)\
479,82,5,served,served,VER,1415,servir_+M,5,1,Vfin,Vfin,servir,28,,'C/V\.C/e\
480,82,6,Deu,deu,NOM,1416,dieu_+IT,5,1,N,N,,28,c,C/V\
481,83,1,en,en,PRE,1419,en1_+S,5,1,Pre,Pre,en1,28,,/V\
482,83,2,avant,avant,PRE,1420,avant_S,5,1,PrA,PrA,avant,28,,/V\.'C/V\
483,83,3,.,.,PON,1421,.,5,1,Pnc,Pnc,,28,,
484,83,4,’,’,PON:cit,1422,QUOTED,5,1,Pnc,Pnc,,28,,
485,83,5,É,e,CON:coord,1423,et_S,5,2,Crd,Crd,et,1,,/V\
486,83,6,puis,puis,ADV,1424,puis_IT,5,2,Adv,Adv,puis,1,,C/V\
487,83,7,úrad,urad,VER,1425,orer2_+Z,5,2,Vfin,Vfin,orer,1,,/V\.'C/V\
488,83,8,Anna,annä,NPR,1426,anna_Z,5,2,N,N,,1,s,'/V\.C/(e)\
489,84,1,É,e,CON:coord,1423,et_S,5,2,Crd,Crd,et,1,,/V\
490,84,2,puis,puis,ADV,1424,puis_IT,5,2,Adv,Adv,puis,1,,C/V\
491,84,3,úrad,urad,VER,1425,orer2_+Z,5,2,Vfin,Vfin,orer,1,,/V\.'C/V\
492,84,4,Anna,annä,NPR,1426,anna_Z,5,2,N,N,,1,s,'/V\.C/(e)\
493,84,5,",",",",PON,1427,",",5,2,Pnc,Pnc,,1,,
494,84,6,si,si,DET:poss,1428,son4_S,5,2,Adv,Adv,si4,1,,C/V\
495,84,7,dist,dist,VER,1429,dire_+CMI,5,2,Vfin,Vfin,dire,1,,C/V\
496,85,1,est,est,VER,1434,ester|estre1_+M|+I,5,2,Vfin,Vfin,être1|ester,1,,/V\
497,85,2,esléézciez,esleezciez,VER,1435,<nolem>,5,2,Vpp,Vpp,,1,a,/V\.C/V\.C/e\.'C/V\
498,85,3,é,e,CON:coord,1436,et_S,5,2,Crd,Crd,et,1,,/V\
499,85,4,mis,mis,DET:poss,1437,mon1_S,5,2,Det,Det,mon1,1,,C/V\
500,85,5,fiz,fiz,NOM,1438,fil2|fius_+T|C,5,2,N,N,,1,,C/V\
501,86,1,é,e,CON:coord,1436,et_S,5,2,Crd,Crd,et,1,,/V\
502,86,2,mis,mis,DET:poss,1437,mon1_S,5,2,Det,Det,mon1,1,,C/V\
503,86,3,fiz,fiz,NOM,1438,fil2|fius_+T|C,5,2,N,N,,1,,C/V\
504,86,4,en,en,PRE,1439,en1_+S,5,2,Pre,Pre,en1,1,,/V\
505,86,5,Deu,deu,NOM,1440,dieu_+IT,5,2,N,N,,1,,C/V\
506,86,6,eshalciez,eshalciez,VER,1441,essaucier_+M,5,2,Vpp,Vpp,,1,a,/V\.C/V\.'C/V\
507,87,1,Nul,nul,PRO:ind,1457,nul_S,5,2,QIs,QIs,nul,2,,C/V\
508,87,2,n',n',PRO:clit,1458,en2_S,5,2,Neg,Neg$$,ne1,2,,C/\
509,87,3,est,est,VER,1459,ester|estre1_+M|+I,5,2,Vfin,Vfin,être1|ester,2,,/V\
510,87,4,si,si,DET:poss,1460,son4_S,5,2,Adv,Adv,si4,2,,C/V\
511,87,5,sainz,sainz,ADJ,1461,saint_I,5,2,Adj,Adj,saint,2,,C/V\
512,87,6,cume,cume,NPR,1462,<nolem>,5,2,Sub,Sub,comme,2,,'C/V\.C/(e)\
513,87,7,li,li,DET:def,1463,le_S,5,2,Det,Det,le,2,,C/V\
514,87,8,Sires,sires,NOM,1464,seignor_+CI,5,2,N,N,,2,,'C/V\.C/e\
515,88,1,é,e,CON:coord,1466,et_S,5,2,Crd,Crd,et,2,,/V\
516,88,2,nuls,nuls,PRO:ind,1467,nul_S,5,2,QIs,QIs,nul,2,,C/V\
517,88,3,n',n',PRO:clit,1468,en2_S,5,2,Neg,Neg$$,ne1,2,,C/\
518,88,4,est,est,VER,1469,ester|estre1_+M|+I,5,2,Vfin,Vfin,être1|ester,2,,/V\
519,88,5,altres,altres,ADJ,1470,autre_I,5,2,Adj,Adj,autre,2,,'/V\.C/e\
520,88,6,ki,ki,PROCON,1471,qui_S,5,2,Qux,Qux,qui,2,s,C/V\
521,88,7,ne,ne,PRO:clit,1472,en2_S,5,2,Neg,Neg$$,ne1,2,,C/(e)\
522,88,8,change,change,VER,1473,changier_+MI,5,2,Vfin,Vfin,,2,,'C/V\.C/(e)\
523,89,1,kar,kar,CON:coord,1504,car_S,5,2,Crd,Crd,car,3,,C/V\
524,89,2,Deu,deu,NOM,1505,dieu_+IT,5,2,N,N,,3,s,C/V\
525,89,3,est,est,VER,1506,ester|estre1_+M|+I,5,2,Vfin,Vfin,être1|ester,3,,/V\
526,89,4,de,de,PRE,1507,de_+S,5,2,Pre,Pre,de,3,,C/(e)\
527,89,5,science,science,NOM,1508,scïence_+IdTd,5,2,N,N,,3,,C/V\.'C/V\.C/(e)\
528,89,6,sires,sires,NOM,1509,seignor_+CI,5,2,N,N,,3,,'C/V\.C/e\
529,90,1,Li,li,DET:def,1519,le_S,5,2,Det,Det,le,4,,C/V\
530,90,2,arcs,arcs,NOM,1520,arc_*+IT,5,2,N,N,,4,,/V\
531,90,3,des,des,PREDET:de,1521,de+le_S,5,2,Pre+Det,Pre+Det,de+le,4,,C/V\
532,90,4,forz,forz,ADJ,1522,fort_+CI,5,2,Adj,Adj,fort,4,,C/V\
533,90,5,est,est,VER,1523,ester|estre1_+M|+I,5,2,Vfin,Vfin,être1|ester,4,,/V\
534,90,6,surmuntez,surmuntez,VER,1524,sormonter_*+Z,5,2,Vpp,Vpp,surmonter,4,,C/V\.C/V\.'C/V\
535,91,1,é,e,CON:coord,1526,et_S,5,2,Crd,Crd,et,4,,/V\
536,91,2,li,li,DET:def,1527,le_S,5,2,Det,Det,le,4,,C/V\
537,91,3,fieble,fieble,ADJ,1528,foible_+IT,5,2,Adj,Adj,,4,,'C/V\.C/(e)\
538,91,4,sunt,sunt,VER,1529,soner_+I,5,2,Vfin,Vfin,?,4,,C/V\
539,91,5,esforciez,esforciez,VER,1530,esforcier1|esforcier2_*+T|+T,5,2,Vpp,Vpp,,4,a,/V\.C/V\.'C/V\
540,92,1,ore,ore,ADV,1536,or4|or_+IT|I,5,2,Adv,Adv,or2,5,,'/V\.C/(e)\
541,92,2,se,se,PRO:pers,1537,soi1_S,5,2,Prn,Prn$$,soi,5,,C/(e)\
542,92,3,sunt,sunt,VER,1538,soner_+I,5,2,Vfin,Vfin,?,5,,C/V\
543,92,4,pur,pur,PRE,1539,por2_+S,5,2,Pre,Pre,pour,5,,C/V\
544,92,5,pain,pain,NOM,1540,pain_+IT,5,2,N,N,,5,,C/V\
545,92,6,luéz,lüez,ADV,1541,luès_+Z,5,2,Vpp,Vpp,louer,5,,C/V\.'C/V\
546,93,1,é,e,CON:coord,1554,et_S,5,2,Crd,Crd,et,5,,/V\
547,93,2,céle,cele,PRO:demo,1555,cel_S,5,2,Dem,Dem,cil,5,,'C/V\.C/(e)\
548,93,3,ki,ki,PROCON,1556,qui_S,5,2,Qux,Qux,qui,5,s,C/V\
549,93,4,mulz,mulz,PRO:ind,1557,mout_S,5,2,QIs,QIs,moult,5,,C/V\
550,93,5,óut,out,VER,1558,avoir|oloir_+MIIdMd|+M,5,2,Vfin,Vfin,avoir1,5,,/V\
551,93,6,enfanz,enfanz,NOM,1559,enfant_+I,5,2,N,N,,5,,/V\.'C/V\
552,94,1,é,e,CON:coord,1586,et_S,5,2,Crd,Crd,et,5,,/V\
553,94,2,pois,pois,ADV,1587,puis_IT,5,2,Adv,Adv,puis,5,,C/V\
554,94,3,chascun,chascun,DET:ind,1588,chascun_S,5,2,QIs,QIs,chacun,5,,C/V\.'C/V\
555,94,4,an,an,NOM,1589,an_+CIT,5,2,N,N,,5,,/V\
556,94,5,quant,quant,ADV,1590,cant_C,5,2,Sub,Sub,quand,5,,C/V\
557,94,6,enfant,enfant,NOM,1591,enfant_+CIT,5,2,N,N,,5,c,/V\.'C/V\
558,95,1,é,e,CON:coord,1605,et_S,5,2,Crd,Crd,et,6,,/V\
559,95,2,en,en,PRE,1606,en1_+S,5,2,Pre,Pre,en1,6,,/V\
560,95,3,enfer,enfer,NOM,1607,enfer|infer_+IT|+T,5,2,N,N,,6,,/V\.'C/V\
561,95,4,meine,meine,VER,1608,mener_+M,5,2,Vfin,Vfin,mener,6,,'C/V\.C/(e)\
562,95,5,é,e,CON:coord,1609,et_S,5,2,Crd,Crd,et,6,,/V\
563,95,6,remeine,remeine,VER,1610,remanoir_*+I,5,2,Vfin,Vfin,remanoir,6,,C/V\.'C/V\.C/(e)\
564,96,1,Li,li,DET:def,1612,le_S,5,2,Det,Det,le,7,,C/V\
565,96,2,Sires,sires,NOM,1613,seignor_+CI,5,2,N,N,,7,,'C/V\.C/e\
566,96,3,fait,fait,VER,1614,faire|farre_+CMI|M,5,2,Vfin,Vfin,faire,7,,C/V\
567,96,4,póvre,povre,ADJ,1615,povre_+IT,5,2,Adj,Adj,pauvre,7,c,'C/V\.C/(e)\
568,96,5,é,e,CON:coord,1616,et_S,5,2,Crd,Crd,et,7,,/V\
569,96,6,fait,fait,VER,1617,faire|farre_+CMI|M,5,2,Vfin,Vfin,faire,7,,C/V\
570,96,7,riche,riche,ADJ,1618,riche_+IT,5,2,Adj,Adj,riche,7,c,'C/V\.C/(e)\
571,97,1,le,le,DET:def,1633,le_S,5,2,Det,Det,le,8,,C/(e)\
572,97,2,povre,povre,ADJ,1634,povre_+IT,5,2,Adj,Adj,pauvre,8,,'C/V\.C/(e)\
573,97,3,sache,sache,VER,1635,savoir_+IM,5,2,Vfin,Vfin,savoir,8,,'C/V\.C/(e)\
574,97,4,del,del,PREDET:de,1636,de+le_S,5,2,Pre+Det,Pre+Det,de+le,8,,C/V\
575,97,5,femier,femier,NOM,1637,femier_+IT,5,2,N,N,,8,,C/V\.'C/V\
576,98,1,od,od,PRE,1639,o4_+S,5,2,Pre,Pre,o1,8,,/V\
577,98,2,les,les,DET:def,1640,le_S,5,2,Det,Det,le,8,,C/V\
578,98,3,princes,princes,NOM,1641,prince_+C,5,2,N,N,,8,,'C/V\.C/e\
579,98,4,le,le,PRO:pers,1642,il_S,5,2,Prn,Prn$$,3p,8,c,C/(e)\
580,98,5,fait,fait,VER,1643,faire|farre_+CMI|M,5,2,Vfin,Vfin,faire,8,,C/V\
581,98,6,sedeir,sedeir,VER,1644,sëoir_+I,5,2,Vinf,Vinf,seoir,8,c,C/V\.'C/V\
582,99,1,le,le,DET:def,1667,le_S,5,2,Det,Det,le,8,,C/(e)\
583,99,2,son,son,DET:poss,1668,son4_S,5,2,Det,Det,son4,8,,C/V\
584,99,3,pople,pople,NOM,1669,pueple_+T,5,2,N,N,,8,,'C/V\.C/(e)\
585,99,4,qu',qu',PROCON,1670,que1|que2|que3|que4_S|S|S|S,5,2,Qux,Qux,que,8,c,C/\
586,99,5,il,il,PRO:pers,1671,il_S,5,2,Prn,Prn$,3p,8,s,/V\
587,99,6,ad,ad,VER,1672,avoir_+IM,5,2,Vfin,Vfin,avoir1,8,,/V\
588,99,7,levé,levé,VER,1673,laver|lever_+IM|+M,5,2,Vpp,Vpp,lever,8,,C/V\.'C/V\
589,100,1,Les,les,DET:def,1675,le_S,5,2,Det,Det,le,9,,C/V\
590,100,2,piez,piez,NOM,1676,pie|pié_+C|+I,5,2,N,N,,9,,C/V\
591,100,3,as,as,PREDET:a,1677,a+le_S,5,2,Pre+Det,Pre+Det,à+le,9,,/V\
592,100,4,seinz,seinz,ADJ,1678,saint_I,5,2,Adj,Adj,saint,9,,C/V\
593,100,5,guvernerad,guvernerad,VER,1679,guverner_M,5,2,Vfin,Vfin,,9,,C/V\.C/V\.C/e\.'C/V\
594,101,1,é,e,CON:coord,1688,et_S,5,2,Crd,Crd,et,9,,/V\
595,101,2,nuls,nuls,PRO:ind,1689,nul_S,5,2,QIs,QIs,nul,9,s,C/V\
596,101,3,par,par,PRE,1690,par_S,5,2,Pre,Pre,par1,9,,C/V\
597,101,4,sei,sei,DET:poss,1691,son4_S,5,2,Prn,Prn,soi,9,,C/V\
598,101,5,force,force,NOM,1692,force1|force2_+T|+IT,5,2,N,N,,9,c,'C/V\.C/(e)\
599,101,6,n',n',PRO:clit,1693,en2_S,5,2,Neg,Neg$$,ne1,9,,C/\
600,101,7,avrad,avrad,VER,1694,avoir_+M,5,2,Vfin,Vfin,avoir1,9,,/V\.'C/V\
601,102,1,Ses,ses,DET:poss,1696,son4_S,5,2,Det,Det,son4,10,,C/V\
602,102,2,adversaries,adversaries,NOM,1697,<nolem>,5,2,N,N,,10,,/V\.C/V\.'C/V\./e\
603,102,3,le,le,PRO:pers,1698,il_S,5,2,Prn,Prn$$,3p,10,c,C/(e)\
604,102,4,criendrunt,criendrunt,VER,1699,craindre_M,5,2,Vfin,Vfin,craindre,10,,C/V\.'C/V\
605,103,1,é,e,CON:coord,1701,et_S,5,2,Crd,Crd,et,10,,/V\
606,103,2,sur,sur,PRE,1702,sor2_+S,5,2,PrA,PrA,sur,10,,C/V\
607,103,3,els,els,PRO:pers,1703,il_S,5,2,Prn,Prn,3p,10,,/V\
608,103,4,del,del,PREDET:de,1704,de+le_S,5,2,Pre+Det,Pre+Det,de+le,10,,C/V\
609,103,5,ciel,ciel,NOM,1705,ciel_+IT,5,2,N,N,,10,,C/V\
610,103,6,tunerad,tunerad,VER,1706,<nolem>,5,2,Vfin,Vfin,,10,,C/V\.C/e\.'C/V\
611,104,1,É,e,CON:coord,1708,et_S,5,2,Crd,Crd,et,10,,/V\
612,104,2,tute,tute,DET:ind,1709,tot_S,5,2,QIs,QIs,tout,10,,'C/V\.C/(e)\
613,104,3,terre,terre,NOM,1710,terre_+CIT,5,2,N,N,,10,,'C/V\.C/(e)\
614,104,4,jugerad,jugerad,VER,1711,jugier_+M,5,2,Vfin,Vfin,,10,,C/V\.C/e\.'C/V\
615,105,1,é,e,CON:coord,1723,et_S,6,2,Crd,Crd,et,11,,/V\
616,105,2,li,li,DET:def,1724,le_S,6,2,Det,Det,le,11,,C/V\
617,105,3,enfes,enfes,NOM,1725,enfant_+IT,6,2,N,N,,11,,'/V\.C/e\
618,105,4,od,od,PRE,1726,o4_+S,6,2,Pre,Pre,o1,11,,/V\
619,105,5,Deu,deu,NOM,1727,dieu_+IT,6,2,N,N,,11,,C/V\
620,105,6,remaint,remaint,VER,1728,remanoir|remener_+I|+I,6,2,Vfin,Vfin,remanoir,11,,C/V\.'C/V\
621,106,1,Encuntre,encuntre,PRE,1744,encontre1_S,6,2,PrA,PrA,encontre2,12,,/V\.'C/V\.C/(e)\
622,106,2,Deu,deu,NOM,1745,dieu_+IT,6,2,N,N,,12,,C/V\
623,106,3,furent,furent,VER,1746,estre1|estre_+I|CMI,6,2,Vfin,Vfin,être1|ester,12,,'C/V\.C/e\
624,106,4,felun,felun,NOM,1747,felon_I,6,2,N,N,,12,a,C/V\.'C/V\
625,107,1,del,del,PREDET:de,1765,de+le_S,6,2,Pre+Det,Pre+Det,de+le,12,,C/V\
626,107,2,sacrefise,sacrefise,NOM,1766,sacrefise_+T,6,2,N,N,,12,,C/V\.C/e\.'C/V\.C/(e)\
627,107,3,tresturnerent,tresturnerent,VER,1767,trestorner_*+I,6,2,Vfin,Vfin,trestourner,12,,C/V\.C/V\.'C/V\.C/e\
628,108,1,li,li,DET:def,1799,le_S,6,2,Det,Det,le,17,,C/V\
629,108,2,poples,poples,NOM,1800,pueple_*+T,6,2,N,N,,17,,'C/V\.C/e\
630,108,3,del,del,PREDET:de,1801,de+le_S,6,2,Pre+Det,Pre+Det,de+le,17,,C/V\
631,108,4,servise,servise,NOM,1802,servise_+IT,6,2,N,N,,17,,C/V\.'C/V\.C/(e)\
632,108,5,Deu,deu,NOM,1803,dieu_+IT,6,2,N,N,,17,o,C/V\
633,109,1,del,del,PREDET:de,1801,de+le_S,6,2,Pre+Det,Pre+Det,de+le,17,,C/V\
634,109,2,servise,servise,NOM,1802,servise_+IT,6,2,N,N,,17,,C/V\.'C/V\.C/(e)\
635,109,3,Deu,deu,NOM,1803,dieu_+IT,6,2,N,N,,17,o,C/V\
636,109,4,se,se,PRO:pers,1804,soi1_S,6,2,Prn,Prn$$,soi,17,,C/(e)\
637,109,5,retraist,retraist,VER,1805,retraire_+Z,6,2,Vfin,Vfin,retraire,17,,C/V\.'C/V\
638,110,1,de,de,PRE,1840,de_+S,6,2,Pre,Pre,de,19,,C/(e)\
639,110,2,vesture,vesture,NOM,1841,vestëure_+T,6,2,N,N,,19,,C/V\.'C/V\.C/(e)\
640,110,3,le,le,PRO:pers,1842,il_S,6,2,Prn,Prn$$,3p,19,c,C/(e)\
641,110,4,regarda,regarda,VER,1843,regarder_+I,6,2,Vfin,Vfin,regarder,19,,C/V\.C/V\.'C/V\
642,111,1,É,e,CON:coord,1845,et_S,6,2,Crd,Crd,et,19,,/V\
643,111,2,ambedui,ambedui,ADJ:card,1846,ambedos_Z,6,2,QIs,QIs,ambedeux,19,s,/V\.C/e\.'C/V\
644,111,3,firent,firent,VER,1847,faire|feire_+CMI|M,6,2,Vfin,Vfin,faire,19,,'C/V\.C/e\
645,111,4,á,a,PRE,1848,a_S,6,2,Pre,Pre,à,19,,/V\
646,111,5,Deu,deu,NOM,1849,dieu_+IT,6,2,N,N,,19,,C/V\
647,112,1,lur,lur,PRO:pers,1860,lor2_S,6,2,Prn,Prn$$,3p,20,,C/V\
648,112,2,dunad,dunad,VER,1861,doner_*+MI,6,2,Vfin,Vfin,donner,20,,C/V\.'C/V\
649,112,3,beneïçiun,beneiçiun,NOM,1862,<unknown>,6,2,N,N,,20,c,C/V\.C/(V)\./V\.C/{V}\.'/V\
650,113,1,en,en,PRE,1871,en1_+S,6,2,Pre,Pre,en1,20,,/V\
651,113,2,prosprete,prospreté,NOM,1872,<nolem>,6,2,N,N,,20,,C/V\.C/e\.'C/V\
652,113,3,pur,pur,PRE,1873,por2_+S,6,2,Pre,Pre,pour,20,,C/V\
653,113,4,cel,cel,DET:demo,1874,cel_S,6,2,Dem,Dem,cil,20,,C/V\
654,113,5,enfant,enfant,NOM,1875,enfant_+CIT,6,2,N,N,,20,,/V\.'C/V\
655,114,1,suvent,suvent,ADV,1890,sovent_I,6,2,Adv,Adv,souvent,21,,C/V\.'C/V\
656,114,2,cunceut,cunceut,VER,1891,concevoir_+M,6,2,Vfin,Vfin,concevoir,21,,C/V\.'C/V\
657,114,3,é,e,CON:coord,1892,et_S,6,2,Crd,Crd,et,21,,/V\
658,114,4,enfantá,enfanta,VER,1893,enfanter_+Z,6,2,Vfin,Vfin,,21,,/V\.C/V\.'C/V\
659,115,1,esteit,esteit,VER,1896,ester|estre_+M|MI,7,2,Vfin,Vfin,être1|ester,22,,/V\.'C/V\
660,115,2,lores,lores,ADV,1897,lors_+IT,7,2,Adv,Adv,lors,22,,'C/V\.C/e\
661,115,3,de,de,PRE,1898,de_+S,7,2,Pre,Pre,de,22,,C/(e)\
662,115,4,grant,grant,ADJ,1899,grant_+CIT,7,2,Adj,Adj,grand,22,,C/V\
663,115,5,eded,eded,NOM,1900,<unknown>,7,2,N,N,,22,,/V\.'C/V\
664,116,1,Ne,ne,PRO:clit,1941,en2_S,7,2,Neg,Neg$$,ne1,24,,C/(e)\
665,116,2,faites,faites,VER,1942,faire_+CMI,7,2,Vfin,Vfin,faire,24,,'C/V\.C/e\
666,116,3,mais,mais,CON:coord,1943,mais_S,7,2,Adv,Adv,mais1,24,,C/V\
667,116,4,tel,tel,ADJ,1944,tel_+CIT,7,2,Adj,Adj,tel,24,,C/V\
668,116,5,uverainne,uverainne,NOM,1945,<nolem>,7,2,N,N,,24,,/V\.C/e\.'C/V\.C/(e)\
669,117,1,dunt,dunt,PRO:invar,1946,dont_S,7,2,Qux,Qux,dont,24,,C/V\
670,117,2,le,le,DET:def,1947,le_S,7,2,Det,Det,le,24,,C/(e)\
671,117,3,sacrefise,sacrefise,NOM,1948,sacrefise_+T,7,2,N,N,,24,,C/V\.C/e\.'C/V\.C/(e)\
672,117,4,remaigne,remaigne,VER,1949,remanoir_+I,7,2,Vfin,Vfin,remanoir,24,,C/V\.'C/V\.C/(e)\
673,118,1,á,a,PRE,1957,a_S,7,2,Pre,Pre,à,25,,/V\
674,118,2,Deu,deu,NOM,1958,dieu_+IT,7,2,N,N,,25,,C/V\
675,118,3,se,se,PRO:pers,1959,soi1_S,7,2,Prn,Prn$$,soi,25,,C/(e)\
676,118,4,purrad,purrad,VER,1960,poeir|pouvoir_M|M,7,2,Vfin,Vfin,pouvoir2,25,,C/V\.'C/V\
677,118,5,acorder,acorder,VER,1961,acorder_+IT,7,2,Vinf,Vinf,,25,,/V\.C/V\.'C/V\
678,119,1,ki,ki,PROCON,1970,qui_S,7,2,Qux,Qux,qui,25,s,C/V\
679,119,2,purrad,purrad,VER,1971,poeir|pouvoir_M|M,7,2,Vfin,Vfin,pouvoir2,25,,C/V\.'C/V\
680,119,3,pur,pur,PRE,1972,por2_+S,7,2,Pre,Pre,pour,25,,C/V\
681,119,4,lui,lui,PRO:pers,1973,il|loi1_S|S,7,2,Prn,Prn,3p,25,,C/V\
682,119,5,preier,preier,VER,1974,priier_+IT,7,2,Vinf,Vinf,prier,25,,C/{V}\./V\.'C/V\
683,120,1,kar,kar,CON:coord,2018,car_S,7,2,Crd,Crd,car,25,,C/V\
684,120,2,Deus,deus,NOM,2019,dieu_+I,7,2,N,N,,25,s,C/V\
685,120,3,les,les,PRO:pers,2020,il_S,7,2,Prn,Prn$$,3p,25,c,C/V\
686,120,4,volt,volt,VER,2021,valoir|voler|voloir_+M|+I|+CI,7,2,Vfin,Vfin,vouloir,25,,C/V\
687,120,5,ocire,ocire,VER,2022,ocire_+MIT,7,2,Vinf,Vinf,occire,25,,/V\.'C/V\.C/(e)\
688,120,6,é,e,CON:coord,2023,et_S,7,2,Crd,Crd,et,25,,/V\
689,120,7,faire,faire,VER,2024,faire_+MIT,7,2,Vinf,Vinf,faire,25,,'C/V\.C/(e)\
690,121,1,é,e,CON:coord,2033,et_S,7,2,Crd,Crd,et,26,,/V\
691,121,2,plout,plout,VER,2034,plaire|pleuvoir_+M|M,7,2,Vfin,Vfin,?,26,,C/V\
692,121,3,á,a,PRE,2035,a_S,7,2,Pre,Pre,à,26,,/V\
693,121,4,Deu,deu,NOM,2036,dieu_+IT,7,2,N,N,,26,,C/V\
694,121,5,é,e,CON:coord,2037,et_S,7,2,Crd,Crd,et,26,,/V\
695,121,6,a,a,PRE,2038,a_S,7,2,Pre,Pre,à,26,,/V\
696,121,7,sa,sa,DET:poss,2039,son4_S,7,2,Det,Det,son4,26,,C/V\
697,121,8,gent,gent,NOM,2040,gent1|giant_+IT|+T,7,2,N,N,,26,,C/V\
698,122,1,par,par,PRE,2064,par_S,8,2,Pre,Pre,par1,27,,C/V\
699,122,2,mei,mei,PRO:pers,2065,je_S,8,2,Prn,Prn,1ps,27,,C/V\
700,122,3,:,:,PON,2066,:,8,2,Pnc,Pnc,,27,,
701,122,4,«,«,PON:cit,2067,«,8,2,Pnc,Pnc,,27,,
702,122,5,Dun,dun,ADV,2068,dont_I,8,2,Adv,Adv,donc,27,,C/V\
703,122,6,ne,ne,PRO:clit,2069,en2_S,8,2,Neg,Neg$$,ne1,27,,C/(e)\
704,122,7,me,me,PRO:pers,2070,je_S,8,2,Prn,Prn$$,1ps,27,c,C/(e)\
705,122,8,revelái,revelai,VER,2071,reveler_M,8,2,Vfin,Vfin,,27,,C/V\.C/e\.'C/V\
706,123,1,muntast,muntast,VER,2115,monter_*+I,8,2,Vfin,Vfin,monter,28,,C/V\.'C/V\
707,123,2,é,e,CON:coord,2116,et_S,8,2,Crd,Crd,et,28,,/V\
708,123,3,encens,encens,NOM,2117,encens_+IT,8,2,N,N,,28,c,/V\.'C/V\
709,123,4,í,i,PRO:clit,2118,i2_S,8,2,Prn,Prn$$,y,28,,/V\
710,123,5,portast,portast,VER,2119,porter_+IM,8,2,Vfin,Vfin,porter,28,,C/V\.'C/V\
711,124,1,É,e,CON:coord,2121,et_S,8,2,Crd,Crd,et,28,,/V\
712,124,2,dunai,dunai,VER,2122,doner_*+MI,8,2,Vfin,Vfin,donner,28,,C/V\.'C/V\
713,124,3,li,li,PRO:pers,2123,il_S,8,2,Prn,Prn,3p,28,,C/V\
714,124,4,tutes,tutes,DET:ind,2124,tot_S,8,2,QIs,QIs,tout,28,,'C/V\.C/e\
715,124,5,les,les,DET:def,2125,le_S,8,2,Det,Det,le,28,,C/V\
716,124,6,choses,choses,NOM,2126,chose_+CI,8,2,N,N,,28,,'C/V\.C/e\
717,125,1,ki,ki,PROCON,2127,qui_S,8,2,Qux,Qux,qui,28,s,C/V\
718,125,2,alíevent,alievent,VER,2128,alever_*+Z,8,2,Vfin,Vfin,,28,,/V\.'C/V\.C/e\
719,125,3,des,des,PREDET:de,2129,de+le_S,8,2,Pre+Det,Pre+Det,de+le,28,,C/V\
720,125,4,sacrefises,sacrefises,NOM,2130,sacrefise_*+T,8,2,N,N,,28,,C/V\.C/e\.'C/V\.C/e\
721,126,1,É,e,CON:coord,2135,et_S,8,2,Crd,Crd,et,29,,/V\
722,126,2,purquei,purquei,ADV,2136,por_coi_Z,8,2,Qux,Qux,pourquoi,29,,C/V\.'C/V\
723,126,3,as,as,VER,2137,avoir_+MI,8,2,Vfin,Vfin,avoir1,29,,/V\
724,126,4,buted,butéd,VER,2138,buter_M,8,2,Vpp,Vpp,,29,,C/V\.'C/V\
725,126,5,en,en,PRE,2139,en1_+S,8,2,Pre,Pre,en1,29,,/V\
726,126,6,veie,veie,NOM,2140,voie_+I,8,2,N,N,,29,,'C/V\./(e)\
727,127,1,mes,mes,DET:poss,2143,mon1_S,8,2,Det,Det,mon1,29,,C/V\
728,127,2,sacrefises,sacrefises,NOM,2144,sacrefise_*+T,8,2,N,N,,29,,C/V\.C/e\.'C/V\.C/e\
729,127,3,é,e,CON:coord,2145,et_S,8,2,Crd,Crd,et,29,,/V\
730,127,4,mes,mes,DET:poss,2146,mon1_S,8,2,Det,Det,mon1,29,,C/V\
731,127,5,duns,duns,NOM,2147,don_+I,8,2,N,N,,29,,C/V\
732,128,1,é,e,CON:coord,2167,et_S,8,2,Crd,Crd,et,29,,/V\
733,128,2,despendre,despendre,VER,2168,despendre1|despendre2_+T|+T,8,2,Vinf,Vinf,dépendre,29,,C/V\.'C/V\.C/(e)\
734,128,3,del,del,PREDET:de,2169,de+le_S,8,2,Pre+Det,Pre+Det,de+le,29,,C/V\
735,128,4,sacrefise,sacrefise,NOM,2170,sacrefise_+T,8,2,N,N,,29,,C/V\.C/e\.'C/V\.C/(e)\
736,129,1,fud,fud,VER,2189,estre_M,8,2,Vfin,Vfin,être1|ester,30,,C/V\
737,129,2,que,que,PROCON,2190,que3_S,8,2,Sub,Sub,que,30,,C/(e)\
738,129,3,tu,tu,PRO:pers,2191,tu_S,8,2,Prn,Prn,2ps,30,,C/V\
739,129,4,é,e,CON:coord,2192,et_S,8,2,Crd,Crd,et,30,,/V\
740,129,5,li,li,DET:def,2193,le_S,8,2,Det,Det,le,30,,C/V\
741,129,6,tuens,tuens,ADJ:poss,2194,ton4_S,8,2,Adj,Adj,ton2,30,,C/V\
742,129,7,lignages,lignages,NOM,2195,lignage_+I,8,2,N,N,,30,,C/V\.'C/V\.C/e\
743,130,1,É,e,CON:coord,2263,et_S,8,2,Crd,Crd,et,31,,/V\
744,130,2,ne,ne,PRO:clit,2264,en2_S,8,2,Neg,Neg$$,ne1,31,,C/(e)\
745,130,3,remaindra,remaindra,VER,2265,remanoir_+Z,8,2,Vfin,Vfin,remanoir,31,,C/V\.C/V\.'C/V\
746,130,4,hoem,hoem,NOM,2266,ome_+I,8,2,N,N,,31,,C/V\
747,130,5,antif,antif,ADJ,2267,antif_+GT,8,2,Adj,Adj,,31,,/V\.'C/V\
748,131,1,en,en,PRE,2290,en1_+S,8,2,Pre,Pre,en1,32,,/V\
749,131,2,tutes,tutes,DET:ind,2291,tot_S,8,2,QIs,QIs,tout,32,,'C/V\.C/e\
750,131,3,les,les,DET:def,2292,le_S,8,2,Det,Det,le,32,,C/V\
751,131,4,prosperitez,prosperitez,NOM,2293,<nolem>,8,2,N,N,,32,,C/V\.C/e\.C/V\.'C/V\
752,132,1,murrunt,murrunt,VER,2353,morir_+I,8,2,Vfin,Vfin,mourir,33,,C/V\.'C/V\
753,132,2,quant,quant,ADV,2354,cant_C,8,2,Sub,Sub,quand,33,,C/V\
754,132,3,á,a,PRE,2355,a_S,8,2,Pre,Pre,à,33,,/V\
755,132,4,age,age,NOM,2356,agie_G,8,2,N,N,,33,,'/V\.C/(e)\
756,132,5,vendrunt,vendrunt,VER,2357,vendre|venir_+I|+I,8,2,Vfin,Vfin,?,33,,C/V\.'C/V\
757,133,1,en,en,PRE,2367,en1_+S,8,2,Pre,Pre,en1,33,,/V\
758,133,2,un,un,DET:ndf,2368,un_S,8,2,QIs,QIs,un,33,,/V\
759,133,3,jur,jur,NOM,2369,jor_+I,8,2,N,N,,33,,C/V\
760,133,4,quatre,quatre,ADJ:card,2370,catre_CIT,8,2,QIs,QIs,4,33,,'C/V\.C/(e)\
761,133,5,vinz,vinz,ADJ:card,2371,vint_C,8,2,QIs,QIs,20,33,,C/V\
762,133,6,pruveires,pruveires,NOM,2372,provoire_+Z,8,2,N,N,,33,,C/V\.'C/V\.C/e\
763,134,1,de,de,PRE,2373,de_+S,8,2,Pre,Pre,de,33,,C/(e)\
764,134,2,sun,sun,DET:poss,2374,son4_S,8,2,Det,Det,son4,33,,C/V\
765,134,3,parente,parenté,NOM,2375,parent|parente_+T|+T,8,2,N,N,,33,,C/V\.C/V\.'C/V\
766,134,4,é,e,CON:coord,2376,et_S,8,2,Crd,Crd,et,33,,/V\
767,134,5,lur,lur,DET:poss,2377,lor2_S,8,2,Det,Det,leur2,33,,C/V\
768,134,6,femmes,femmes,NOM,2378,feme_+CI,8,2,N,N,,33,,'C/V\.C/e\
769,135,1,é,e,CON:coord,2376,et_S,8,2,Crd,Crd,et,33,,/V\
770,135,2,lur,lur,DET:poss,2377,lor2_S,8,2,Det,Det,leur2,33,,C/V\
771,135,3,femmes,femmes,NOM,2378,feme_+CI,8,2,N,N,,33,,'C/V\.C/e\
772,135,4,é,e,CON:coord,2379,et_S,8,2,Crd,Crd,et,33,,/V\
773,135,5,lur,lur,DET:poss,2380,lor2_S,8,2,Det,Det,leur2,33,,C/V\
774,135,6,enfanz,enfanz,NOM,2381,enfant_+I,8,2,N,N,,33,,/V\.'C/V\
775,136,1,Içó,iço,NOM,2413,<unknown>,8,2,Prn,Prn,ce1,35,s,/V\.'C/V\
776,136,2,fud,fud,VER,2414,estre_M,8,2,Vfin,Vfin,être1|ester,35,,C/V\
777,136,3,dit,dit,VER,2415,dire_+CMI,8,2,Vpp,Vpp,dire,35,,C/V\
778,136,4,de,de,PRE,2416,de_+S,8,2,Pre,Pre,de,35,,C/(e)\
779,136,5,Jesu,jesu,NPR,2417,<unknown>,8,2,N,N,,35,,C/V\.'C/V\
780,136,6,-,-,PON,2418,-,8,2,Pnc,Pnc,,35,,
781,136,7,Crist,crist,NPR,2419,<unknown>,8,2,N,N,,35,,C/V\
782,137,1,ki,ki,PROCON,2456,qui_S,8,2,Qux,Qux,qui,35,s,C/V\
783,137,2,tuz,tuz,DET:ind,2457,tot_S,8,2,QIs,QIs,tout,35,,C/V\
784,137,3,jurs,jurs,NOM,2458,jor_*+I,8,2,N,N,,35,,C/V\
785,137,4,devant,devant,PRE,2459,devant_S,8,2,PrA,PrA,devant,35,,C/V\.'C/V\
786,137,5,Jesu,jesu,NPR,2460,<unknown>,8,2,N,N,,35,,C/V\.'C/V\
787,137,6,-,-,PON,2461,-,8,2,Pnc,Pnc,,35,,
788,137,7,Crist,crist,NPR,2462,<unknown>,8,2,N,N,,35,,C/V\
789,138,1,e,e,CON:coord,2489,et_S,8,2,Crd,Crd,et,36,,/V\
790,138,2,face,face,VER,2490,faire|farre|feire_+CMI|M|M,8,2,Vfin,Vfin,faire,36,,'C/V\.C/(e)\
791,138,3,offerende,offerende,NOM,2491,ofrende_*+I,8,2,N,N,,36,,/V\.C/e\.'C/V\.C/(e)\
792,138,4,é,e,CON:coord,2492,et_S,8,2,Crd,Crd,et,36,,/V\
793,138,5,present,present,NOM,2493,present2_+IT,8,2,N,N,,36,,C/V\.'C/V\
794,139,1,ke,ke,PROCON,2500,que1|que2|que3|que4_S|S|S|S,8,2,Sub,Sub,que,36,,C/(e)\
795,139,2,il,il,PRO:pers,2501,il_S,8,2,Prn,Prn$,3p,36,s,/V\
796,139,3,seit,seit,VER,2502,savoir_+M,8,2,Vfin,Vfin,savoir,36,,C/V\
797,139,4,en,en,PRE,2503,en1_+S,8,2,Pre,Pre,en1,36,,/V\
798,139,5,alcune,alcune,DET:ind,2504,aucun_S,8,2,QIs,QIs,aucun,36,,/V\.'C/V\.C/(e)\
799,139,6,partie,partie,NOM,2505,partie_+CIT,8,2,N,N,,36,,C/V\.'C/V\./(e)\
800,140,1,al,al,PREDET:a,2507,a+le_S,8,2,Pre+Det,Pre+Det,à+le,36,,/V\
801,140,2,servise,servise,NOM,2508,servise_+IT,8,2,N,N,,36,,C/V\.'C/V\.C/(e)\
802,140,3,de,de,PRE,2509,de_+S,8,2,Pre,Pre,de,36,,C/(e)\
803,140,4,pruverage,pruverage,NOM,2510,<nolem>,8,2,N,N,,36,,C/V\.C/e\.'C/V\.C/(e)\
804,141,1,serveit,serveit,VER,2523,servir_+M,9,3,Vfin,Vfin,servir,1,,C/V\.'C/V\
805,141,2,á,a,PRE,2524,a_S,9,3,Pre,Pre,à,1,,/V\
806,141,3,Deu,deu,NOM,2525,dieu_+IT,9,3,N,N,,1,,C/V\
807,141,4,devant,devant,PRE,2526,devant_S,9,3,PrA,PrA,devant,1,,C/V\.'C/V\
808,141,5,Hely,hely,NPR,2527,hely_Z,9,3,N,N,,1,,/V\.'C/V\
809,142,1,É,e,CON:coord,2638,et_S,9,3,Crd,Crd,et,6,,/V\
810,142,2,Deu,deu,NOM,2639,dieu_+IT,9,3,N,N,,6,s,C/V\
811,142,3,de,de,PRE,2640,de_+S,9,3,Pre,Pre,de,6,,C/(e)\
812,142,4,rechief,rechief,NOM,2641,rechief_Z,9,3,N,N,,6,,C/V\.'C/V\
813,142,5,Samuel,samuel,NPR,2642,samuel_I|Z,9,3,N,N,,6,c,C/V\.C/V\.'C/V\
814,143,1,é,e,CON:coord,2645,et_S,9,3,Crd,Crd,et,6,,/V\
815,143,2,Samuel,samuel,NPR,2646,samuel_I|Z,9,3,N,N,,6,s,C/V\.C/V\.'C/V\
816,143,3,chalt,chalt,ADJ,2647,chaut_+IT,9,3,Adj,Adj,chaud,6,,C/V\
817,143,4,pas,pas,NOM,2648,pas|past2_+IT|+T,9,3,N,N,,6,,C/V\
818,143,5,leva,leva,VER,2649,lever_+IM,9,3,Vfin,Vfin,lever,6,,C/V\.'C/V\
819,144,1,chalt,chalt,ADJ,2647,chaut_+IT,9,3,Adj,Adj,chaud,6,,C/V\
820,144,2,pas,pas,NOM,2648,pas|past2_+IT|+T,9,3,N,N,,6,,C/V\
821,144,3,leva,leva,VER,2649,lever_+IM,9,3,Vfin,Vfin,lever,6,,C/V\.'C/V\
822,144,4,",",",",PON,2650,",",9,3,Pnc,Pnc,,6,,
823,144,5,vint,vint,VER,2651,venir|voir_+CI|M,9,3,Vfin,Vfin,venir,6,,C/V\
824,144,6,a,a,PRE,2652,a_S,9,3,Pre,Pre,à,6,,/V\
825,144,7,l',l',DET:def,2653,le_S,9,3,Det,Det,le,6,,C/\
826,144,8,evesche,evesche,NOM,2654,evesque_*+Z,9,3,N,N,,6,,/V\.'C/V\.C/(e)\
827,145,1,Tierce,tierce,NOM,2693,tierce_+IT,9,3,Adj,Adj,,8,,'C/V\.C/(e)\
828,145,2,fiede,fiede,NOM,2694,<nolem>,9,3,N,N,,8,,'C/V\.C/(e)\
829,145,3,Deu,deu,NOM,2695,dieu_+IT,9,3,N,N,,8,s,C/V\
830,145,4,Samuel,samuel,NPR,2696,samuel_I|Z,9,3,N,N,,8,c,C/V\.C/V\.'C/V\
831,146,1,Samuel,samuel,NPR,2704,samuel_I|Z,9,3,N,N,,8,s,C/V\.C/V\.'C/V\
832,146,2,returna,returna,VER,2705,retorner_*+I,9,3,Vfin,Vfin,retourner,8,,C/V\.C/V\.'C/V\
833,146,3,.,.,PON,2706,.,9,3,Pnc,Pnc,,8,,
834,146,4,É,e,CON:coord,2707,et_S,9,3,Crd,Crd,et,9,,/V\
835,146,5,dist,dist,VER,2708,dire_+CMI,9,3,Vfin,Vfin,dire,9,,C/V\
836,147,1,vint,vint,VER,2775,venir|voir_+CI|M,9,3,Vfin,Vfin,venir,10,,C/V\
837,147,2,é,e,CON:coord,2776,et_S,9,3,Crd,Crd,et,10,,/V\
838,147,3,apela,apela,VER,2777,apeler_+MI,9,3,Vfin,Vfin,appeler,10,,/V\.C/e\.'C/V\
839,147,4,Samuel,samuel,NPR,2778,samuel_I|Z,9,3,N,N,,10,c,C/V\.C/V\.'C/V\
840,148,1,Un,un,DET:ndf,2810,un_S,9,3,QIs,QIs,un,11,,/V\
841,148,2,óvre,ovre,NOM,2811,uevre_+T,9,3,N,N,,11,,'/V\.C/(e)\
842,148,3,frai,frai,VER,2812,faire_+IM,9,3,Vfin,Vfin,faire,11,,C/V\
843,148,4,en,en,PRE,2813,en1_+S,9,3,Pre,Pre,en1,11,,/V\
844,148,5,Israel,israel,NPR,2814,israel_Z,9,3,N,N,,11,,/V\.C/V\.'C/V\
845,149,1,susciterai,susciterai,VER,2834,susciter_*+IT,9,3,Vfin,Vfin,,12,,C/V\.C/V\.C/e\.'C/V\
846,149,2,encuntre,encuntre,PRE,2835,encontre1_S,9,3,PrA,PrA,encontre2,12,,/V\.'C/V\.C/(e)\
847,149,3,Hely,hely,NPR,2836,hely_Z,9,3,N,N,,12,,/V\.'C/V\
848,150,1,pur,pur,PRE,2871,por2_+S,9,3,Pre,Pre,pour,13,,C/V\
849,150,2,çó,ço,NPR,2872,<unknown>,9,3,Prn,Prn,ce1,13,,C/V\
850,150,3,que,que,PROCON,2873,que3_S,9,3,Qux,Qux,que,13,,C/(e)\
851,150,4,bien,bien,ADV,2874,bien1|bien2|bien_+IT|C|I,9,3,Adv,Adv,bien,13,,C/V\
852,150,5,sout,sout,VER,2875,estre1|estre_+I|CMI,9,3,Vfin,Vfin,être1|ester,13,,C/V\
853,150,6,que,que,PROCON,2876,que3_S,9,3,Sub,Sub,que,13,,C/(e)\
854,150,7,ses,ses,DET:poss,2877,son4_S,9,3,Det,Det,son4,13,,C/V\
855,150,8,fiz,fiz,NOM,2878,fil2|fius_+T|C,9,3,N,N,,13,,C/V\
856,151,1,encuntre,encuntre,PRE,2891,encontre1_S,9,3,PrA,PrA,encontre2,14,,/V\.'C/V\.C/(e)\
857,151,2,la,la,DET:def,2892,le_S,9,3,Det,Det,le,14,,C/V\
858,151,3,maisun,maisun,NOM,2893,maison_+I,9,3,N,N,,14,,C/V\.'C/V\
859,151,4,Hely,hely,NPR,2894,hely_Z,9,3,N,N,,14,o,/V\.'C/V\
860,152,1,que,que,PROCON,2896,que3_S,9,3,Sub,Sub,que,14,,C/(e)\
861,152,2,la,la,DET:def,2897,le_S,9,3,Det,Det,le,14,,C/V\
862,152,3,iniquite,iniquité,NOM,2898,iniquité_+Z,9,3,N,N,,14,,/V\.C/V\.C/V\.'C/V\
863,152,4,de,de,PRE,2899,de_+S,9,3,Pre,Pre,de,14,,C/(e)\
864,152,5,lui,lui,PRO:pers,2900,il|loi1_S|S,9,3,Prn,Prn,3p,14,,C/V\
865,153,1,ne,ne,PRO:clit,2905,en2_S,9,3,Crd,Crd,ne2,14,,C/(e)\
866,153,2,par,par,PRE,2906,par_S,9,3,Pre,Pre,par1,14,,C/V\
867,153,3,duns,duns,NOM,2907,don_+I,9,3,N,N,,14,,C/V\
868,153,4,ne,ne,PRO:clit,2908,en2_S,9,3,Crd,Crd,ne2,14,,C/(e)\
869,153,5,par,par,PRE,2909,par_S,9,3,Pre,Pre,par1,14,,C/V\
870,153,6,sacrefises,sacrefises,NOM,2910,sacrefise_*+T,9,3,N,N,,14,,C/V\.C/e\.'C/V\.C/e\
871,154,1,quele,quele,ADJ,2942,quel_C,9,3,Qux,Qux,quel,16,,'C/V\.C/(e)\
872,154,2,parole,parole,NOM,2943,parole_+IT,9,3,N,N,,16,,C/V\.'C/V\.C/(e)\
873,154,3,est,est,VER,2944,ester|estre1_+M|+I,9,3,Vfin,Vfin,être1|ester,16,,/V\
874,154,4,çó,ço,NOM,2945,<unknown>,9,3,Prn,Prn,ce1,16,,C/V\
875,154,5,que,que,PROCON,2946,que3_S,9,3,Qux,Qux,que,16,c,C/(e)\
876,154,6,Deus,deus,NOM,2947,dieu_+I,9,3,N,N,,16,s,C/V\
877,155,1,Samuel,samuel,NPR,2981,samuel_I|Z,9,3,N,N,,18,s,C/V\.C/V\.'C/V\
878,155,2,á,a,VER,2982,avoir_+CMI,9,3,Pre,Pre,à,18,,/V\
879,155,3,tant,tant,ADV,2983,tant_CI,9,3,QIs,QIs,tant,18,,C/V\
880,155,4,li,li,PRO:pers,2984,il_S,9,3,Prn,Prn$$,3p,18,,C/V\
881,155,5,mustra,mustra,VER,2985,mostrer_*+I,9,3,Vfin,Vfin,montrer,18,,C/V\.'C/V\
882,156,1,é,e,CON:coord,2986,et_S,9,3,Crd,Crd,et,18,,/V\
883,156,2,nule,nule,DET:ind,2987,nul_S,9,3,QIs,QIs,nul,18,,'C/V\.C/(e)\
884,156,3,chose,chose,NOM,2988,chose_+CIT,9,3,N,N,,18,,'C/V\.C/(e)\
885,156,4,n',n',PRO:clit,2989,en2_S,9,3,Neg,Neg$$,ne1,18,,C/\
886,156,5,en,en,PRO:clit,2990,en2_S,9,3,Pre,Pre,en1,18,,/V\
887,156,6,cela,cela,VER,2991,celer_M,9,3,Vfin,Vfin,celer,18,,C/V\.'C/V\
888,157,1,n',n',PRO:clit,2989,en2_S,9,3,Neg,Neg$$,ne1,18,,C/\
889,157,2,en,en,PRO:clit,2990,en2_S,9,3,Pre,Pre,en1,18,,/V\
890,157,3,cela,cela,VER,2991,celer_M,9,3,Vfin,Vfin,celer,18,,C/V\.'C/V\
891,157,4,.,.,PON,2992,.,9,3,Pnc,Pnc,,18,,
892,157,5,Hely,hely,NPR,2993,hely_Z,9,3,N,N,,18,s,/V\.'C/V\
893,157,6,respundi,respundi,VER,2994,<unknown>,9,3,Vfin,Vfin,répondre,18,,C/V\.C/V\.'C/V\
894,158,1,Hely,hely,NPR,2993,hely_Z,9,3,N,N,,18,s,/V\.'C/V\
895,158,2,respundi,respundi,VER,2994,<unknown>,9,3,Vfin,Vfin,répondre,18,,C/V\.C/V\.'C/V\
896,158,3,:,:,PON,2995,:,9,3,Pnc,Pnc,,18,,
897,158,4,‘,‘,PON:cit,2996,QUOTED,9,3,Pnc,Pnc,,18,,
898,158,5,Sires,sires,NOM,2997,seignor_+CI,9,3,N,N,,18,a,'C/V\.C/e\
899,158,6,est,est,VER,2998,ester|estre1_+M|+I,9,3,Vfin,Vfin,être1|ester,18,,/V\
900,159,1,E,e,CON:coord,3030,et_S,9,3,Crd,Crd,et,20,,/V\
901,159,2,tuit,tuit,DET:ind,3031,tot_S,9,3,QIs,QIs,tout,20,,C/V\
902,159,3,li,li,DET:def,3032,le_S,9,3,Det,Det,le,20,,C/V\
903,159,4,poples,poples,NOM,3033,pueple_*+T,9,3,N,N,,20,,'C/V\.C/e\
904,159,5,de,de,PRE,3034,de_+S,9,3,Pre,Pre,de,20,,C/(e)\
905,159,6,Israel,israel,NPR,3035,israel_Z,9,3,N,N,,20,,/V\.C/V\.'C/V\
906,160,1,en,en,PRE,3065,en1_+S,9,3,Pre,Pre,en1,21,,/V\
907,160,2,Sylo,sylo,NPR,3066,sylo_Z,9,3,N,N,,21,,C/V\.'C/V\
908,160,3,",",",",PON,3067,",",9,3,Pnc,Pnc,,21,,
909,160,4,sulunc,sulunc,PRE,3068,selonc_S,9,3,PrA,PrA,selon,21,,C/V\.'C/V\
910,160,5,sa,sa,DET:poss,3069,son4_S,9,3,Det,Det,son4,21,,C/V\
911,160,6,parole,parole,NOM,3070,parole_+IT,9,3,N,N,,21,,C/V\.'C/V\.C/(e)\
912,161,1,pur,pur,PRE,3101,por2_+S,9,3,Pre,Pre,pour,21,,C/V\
913,161,2,le,le,DET:def,3102,le_S,9,3,Det,Det,le,21,,C/(e)\
914,161,3,peche,peché,NOM,3103,pesche1|pesche2_+T|+T,9,3,N,N,,21,,C/V\.'C/V\
915,161,4,as,as,PREDET:a,3104,a+le_S,9,3,Pre+Det,Pre+Det,à+le,21,,/V\
916,161,5,fiz,fiz,NOM,3105,fil2|fius_+T|C,9,3,N,N,,21,,C/V\
917,161,6,Hely,hely,NPR,3106,hely_Z,9,3,N,N,,21,o,/V\.'C/V\
