wd_id,line_id,linewd,word,lex_id,old_wd_id,para_id,ch_id,verse_id,syntag,syntag2,lemma,syllabified
1,1,1,é,e,10,1,1,1,Crd,Crd,et,/V\
2,1,2,out,out,11,1,1,1,Vfin,Vfin,avoir,/V\
3,1,3,num,num,12,1,1,1,N,N,,C/V\
4,1,4,Helcana,helcana,13,1,1,1,N,N,,/V\.C/V\.'C/V\
5,2,1,é,e,31,1,1,1,Crd,Crd,et,/V\
6,2,2,fud,fud,32,1,1,1,Vfin,Vfin,être,C/V\
7,2,3,de,de,33,1,1,1,Pre,Pre,de,C/(e)\
8,2,4,Effratá,effrata,34,1,1,1,N,N,,/V\.C/V\.'C/V\
9,3,1,ki,ki,45,1,1,1,Qux,Qux,qui,C/V\
10,3,2,puis,puis,46,1,1,1,PrA,PrA,puis,C/V\
11,3,3,fud,fud,47,1,1,1,Vfin,Vfin,être,C/V\
12,3,4,apeléé,apelee,48,1,1,1,Vpp,Vpp,appeler,/V\.C/e\.'C/V\./(e)\
13,4,1,Ramathaïm,ramathaim,64,1,1,1,N,N,,C/V\.C/V\.C/V\.'C/V\
14,4,2,-,-,65,1,1,1,Pnc,Pnc,,
15,4,3,Sophim,sophim,66,1,1,1,N,N,,C/V\.'C/V\
16,5,1,ki,ki,68,1,1,1,Qux,Qux,qui,C/V\
17,5,2,puis,puis,69,1,1,1,PrA,PrA,puis,C/V\
18,5,3,fud,fud,70,1,1,1,Vfin,Vfin,être,C/V\
19,5,4,apeléé,apelee,71,1,1,1,Vpp,Vpp,appeler,/V\.C/e\.'C/V\./(e)\
20,6,1,ki,ki,80,1,1,1,Qux,Qux,qui,C/V\
21,6,2,le,le,81,1,1,1,Det,Det,le,C/(e)\
22,6,3,precius,precius,82,1,1,1,Adj,Adj,,C/V\.C/V\.'C/V\
23,6,4,cors,cors,83,1,1,1,N,N,,C/V\
24,7,1,fud,fud,118,1,1,2,Vfin,Vfin,être,C/V\
25,7,2,claméé,clamee,119,1,1,2,Vpp,Vpp,clamer,C/V\.'C/V\./(e)\
26,7,3,Anna,annä,120,1,1,2,N,N,,'/V\.C/(e)\
27,7,4,é,e,121,1,1,2,Crd,Crd,et,/V\
28,7,5,l',l',122,1,1,2,Det,Det,le,C/\
29,7,6,altre,altre,123,1,1,2,Adj,Adj,autre,'/V\.C/(e)\
30,8,1,Anna,annä,120,1,1,2,N,N,,'/V\.C/(e)\
31,8,2,é,e,121,1,1,2,Crd,Crd,et,/V\
32,8,3,l',l',122,1,1,2,Det,Det,le,C/\
33,8,4,altre,altre,123,1,1,2,Adj,Adj,autre,'/V\.C/(e)\
34,8,5,Phenenna,phenennä,124,1,1,2,N,N,,C/V\.'C/V\.C/(e)\
35,9,1,mais,mais,131,1,1,2,Crd,Crd,mais,C/V\
36,9,2,Anna,annä,132,1,1,2,N,N,,'/V\.C/(e)\
37,9,3,n',n',133,1,1,2,Neg,Neg$$,ne,C/\
38,9,4,en,en,134,1,1,2,Prn,Prn$$,en2,/V\
39,9,5,out,out,135,1,1,2,Vfin,Vfin,avoir,/V\
40,9,6,nul,nul,136,1,1,2,QIs,QIs,nul,C/V\
41,10,1,Bien,bien,138,1,1,2,Adv,Adv,bien,C/V\
42,10,2,lut,lut,139,1,1,2,Vfin,Vfin,lire,C/V\
43,10,3,en,en,140,1,1,2,Pre,Pre,en,/V\
44,10,4,la,la,141,1,1,2,Det,Det,le,C/V\
45,10,5,vielz,vielz,142,1,1,2,Adj,Adj,vieux,C/V\
46,10,6,lei,lei,143,1,1,2,N,N,,C/V\
47,11,1,oüssent,oussent,147,1,1,2,Vfin,Vfin,avoir,/(V)\.'/V\.C/e\
48,11,2,od,od,148,1,1,2,Pre,Pre,o,/V\
49,11,3,cumpáigne,cumpaigne,149,1,1,2,N,N,,C/V\.'C/V\.C/(e)\
50,12,1,Kar,kar,152,1,1,2,Crd,Crd,car,C/V\
51,12,2,des,des,153,1,1,2,Pre+Det,Pre+Det,de.le,C/V\
52,12,3,treze,treze,154,1,1,2,QIs,QIs,treize,'C/V\.C/(e)\
53,12,4,lignees,lignees,155,1,1,2,N,N,,C/V\.'C/V\./e\
54,13,1,ki,ki,178,1,1,2,Qux,Qux,qui,C/V\
55,13,2,primes,primes,179,1,1,2,Adv,Adv,primes,'C/V\.C/e\
56,13,3,fud,fud,180,1,1,2,Vfin,Vfin,être,C/V\
57,13,4,levez,levez,181,1,1,2,Vpp,Vpp,lever,C/V\.'C/V\
58,14,1,que,que,189,1,1,2,Qux,Qux,que,C/(e)\
59,14,2,li,li,190,1,1,2,Det,Det,le,C/V\
60,14,3,reis,reis,191,1,1,2,N,N,,C/V\
61,14,4,Salemun,salemun,192,1,1,2,N,N,,C/V\.C/e\.'C/V\
62,15,1,que,que,222,1,1,2,Sub,Sub,que,C/(e)\
63,15,2,li,li,223,1,1,2,Det,Det,le,C/V\
64,15,3,servises,servises,224,1,1,2,N,N,,C/V\.'C/V\.C/e\
65,15,4,Deu,deu,225,1,1,2,N,N,,C/V\
66,16,1,de,de,255,1,1,2,Pre,Pre,de,C/(e)\
67,16,2,mescreantes,mescreantes,256,1,1,2,Vprs,Vprs,mécroire,C/V\.C/(V)\.'/V\.C/e\
68,16,3,genz,genz,257,1,1,2,N,N,,C/V\
69,17,1,que,que,273,2,1,2,Qux,Qux,que,C/(e)\
70,17,2,Deu,deu,274,2,1,2,N,N,,C/V\
71,17,3,out,out,275,2,1,2,Vfin,Vfin,avoir,/V\
72,17,4,á,a,276,2,1,2,Pre,Pre,à,/V\
73,17,5,sun,sun,277,2,1,2,Det,Det,son4,C/V\
74,17,6,oes,oes,278,2,1,2,N,N,,/V\
75,18,1,out,out,275,2,1,2,Vfin,Vfin,avoir,/V\
76,18,2,á,a,276,2,1,2,Pre,Pre,à,/V\
77,18,3,sun,sun,277,2,1,2,Det,Det,son4,C/V\
78,18,4,oes,oes,278,2,1,2,N,N,,/V\
79,18,5,saisie,saisie,279,2,1,2,Vpp,Vpp,saisir,C/V\.'C/V\./(e)\
80,19,1,é,e,280,2,1,2,Crd,Crd,et,/V\
81,19,2,sacréé,sacree,281,2,1,2,Vpp,Vpp,,C/V\.'C/V\./(e)\
82,19,3,.,.,282,2,1,2,Pnc,Pnc,,
83,19,4,La,la,283,2,1,2,Adv,Adv,là,C/V\
84,19,5,fud,fud,284,2,1,2,Vfin,Vfin,être,C/V\
85,20,1,La,la,283,2,1,2,Adv,Adv,là,C/V\
86,20,2,fud,fud,284,2,1,2,Vfin,Vfin,être,C/V\
87,20,3,é,e,285,2,1,2,Crd,Crd,et,/V\
88,20,4,out,out,286,2,1,2,Vfin,Vfin,avoir,/V\
89,20,5,ested,estéd,287,2,1,2,Vpp,Vpp,être,/V\.'C/V\
90,21,1,li,li,331,2,1,2,Det,Det,le,C/V\
91,21,2,tresors,tresors,332,2,1,2,N,N,,C/V\.'C/V\
92,21,3,precius,precius,333,2,1,2,Adj,Adj,,C/V\.C/V\.'C/V\
93,22,1,fud,fud,389,2,1,3,Vfin,Vfin,être,C/V\
94,22,2,li,li,390,2,1,3,Det,Det,le,C/V\
95,22,3,bers,bers,391,2,1,3,N,N,,C/V\
96,22,4,Helchana,helchana,392,2,1,3,N,N,,/V\.C/V\.'C/V\
97,23,1,á,a,394,2,1,3,Pre,Pre,à,/V\
98,23,2,visiter,visiter,395,2,1,3,Vinf,Vinf,,C/V\.C/V\.'C/V\
99,23,3,pur,pur,396,2,1,3,Pre,Pre,pour,C/V\
100,23,4,Deu,deu,397,2,1,3,N,N,,C/V\
101,24,1,faire,faire,401,2,1,3,Vinf,Vinf,faire,'C/V\.C/(e)\
102,24,2,é,e,402,2,1,3,Crd,Crd,et,/V\
103,24,3,sacrifier,sacrifier,403,2,1,3,Vinf,Vinf,,C/V\.C/V\.C/V\.'C/V\
104,25,1,asis,asis,406,2,1,3,Vpp,Vpp,asseoir,/V\.'C/V\
105,25,2,é,e,407,2,1,3,Crd,Crd,et,/V\
106,25,3,par,par,408,2,1,3,Pre,Pre,par,C/V\
107,25,4,la,la,409,2,1,3,Det,Det,le,C/V\
108,25,5,lei,lei,410,2,1,3,N,N,,C/V\
109,26,1,á,a,421,2,1,3,Pre,Pre,à,/V\
110,26,2,la,la,422,2,1,3,Det,Det,le,C/V\
111,26,3,feste,feste,423,2,1,3,N,N,,'C/V\.C/(e)\
112,26,4,Salceie,salceie,424,2,1,3,N,N,,C/V\.'C/V\./(e)\
113,27,1,átitele,atitelé,472,3,1,3,Vpp,Vpp,,/V\.C/V\.C/e\.'C/V\
114,27,2,",",",",473,3,1,3,Pnc,Pnc,,
115,27,3,Ofni,ofni,474,3,1,3,N,N,,/V\.'C/V\
116,28,1,é,e,486,3,1,3,Crd,Crd,et,/V\
117,28,2,maistre,maistre,487,3,1,3,N,N,,'C/V\.C/(e)\
118,28,3,principals,principals,488,3,1,3,Adj,Adj,,C/V\.C/V\.'C/V\
119,29,1,avint,avint,494,3,1,4,Vfin,Vfin,avenir,/V\.'C/V\
120,29,2,que,que,495,3,1,4,Qux,Qux,que,C/(e)\
121,29,3,Elchana,elchana,496,3,1,4,N,N,,/V\.C/V\.'C/V\
122,30,1,á,a,503,3,1,4,Pre,Pre,à,/V\
123,30,2,sei,sei,504,3,1,4,Prn,Prn,soi,C/V\
124,30,3,retint,retint,505,3,1,4,Vfin,Vfin,retenir,C/V\.'C/V\
125,30,4,partie,partie,506,3,1,4,N,N,,C/V\.'C/V\./(e)\
126,31,1,É,e,565,3,1,7,Crd,Crd,et,/V\
127,31,2,la,la,566,3,1,7,Det,Det,le,C/V\
128,31,3,bonuréé,bonuree,567,3,1,7,Adj,Adj,,C/V\.C/V\.'C/V\./(e)\
129,31,4,Anna,annä,568,3,1,7,N,N,,'/V\.C/(e)\
130,32,1,Anna,annä,568,3,1,7,N,N,,'/V\.C/(e)\
131,32,2,nen,nen,569,3,1,7,Neg,Neg$$,ne,C/V\
132,32,3,out,out,570,3,1,7,Vfin,Vfin,avoir,/V\
133,32,4,retur,retur,571,3,1,7,N,N,,C/V\.'C/V\
134,33,1,mais,mais,573,3,1,7,Crd,Crd,mais,C/V\
135,33,2,un,un,574,3,1,7,QIs,QIs,un,/V\
136,33,3,duleir,duleir,575,3,1,7,N,N,,C/V\.'C/V\
137,33,4,",",",",576,3,1,7,Pnc,Pnc,,
138,33,5,plurer,plurer,577,3,1,7,Vinf,Vinf,pleurer,C/V\.'C/V\
139,34,1,Sis,sis,582,3,1,8,Det,Det,son4,C/V\
140,34,2,mariz,mariz,583,3,1,8,N,N,,C/V\.'C/V\
141,34,3,Helchana,helchana,584,3,1,8,N,N,,/V\.C/V\.'C/V\
142,35,1,si,si,588,3,1,8,Adv,Adv,si4,C/V\
143,35,2,li,li,589,3,1,8,Prn,Prn$$,li,C/V\
144,35,3,dist,dist,590,3,1,8,Vfin,Vfin,dire,C/V\
145,35,4,:,:,591,3,1,8,Pnc,Pnc,,
146,35,5,‘,‘,592,3,1,8,Pnc,Pnc,,
147,35,6,Purquei,purquei,593,3,1,8,Qux,Qux,pourquoi,C/V\.'C/V\
148,35,7,plures,plures,594,3,1,8,Vfin,Vfin,pleurer,'C/V\.C/e\
149,36,1,É,e,600,3,1,8,Crd,Crd,et,/V\
150,36,2,purquei,purquei,601,3,1,8,Qux,Qux,pourquoi,C/V\.'C/V\
151,36,3,est,est,602,3,1,8,Vfin,Vfin,être,/V\
152,36,4,tis,tis,603,3,1,8,Det,Det,ton2,C/V\
153,36,5,quers,quers,604,3,1,8,N,N,,C/V\
154,37,1,puis,puis,634,3,1,9,PrA,PrA,puis,C/V\
155,37,2,que,que,635,3,1,9,Sub,Sub,que,C/(e)\
156,37,3,ele,ele,636,3,1,9,Prn,Prn$,elle,'/V\.C/(e)\
157,37,4,out,out,637,3,1,9,Vfin,Vfin,avoir,/V\
158,37,5,mangied,mangiéd,638,3,1,9,Vpp,Vpp,manger,C/V\.'C/V\
159,38,1,requerre,requerre,646,3,1,9,Vinf,Vinf,requérir,C/V\.'C/V\.C/(e)\
160,38,2,tut,tut,647,3,1,9,QIs,QIs,tout,C/V\
161,38,3,sun,sun,648,3,1,9,Det,Det,son4,C/V\
162,38,4,quer,quer,649,3,1,9,N,N,,C/V\
163,39,1,Vint,vint,652,3,1,9,Vfin,Vfin,venir,C/V\
164,39,2,s',s',653,3,1,9,Prn,Prn%%,se,C/\
165,39,3,en,en,654,3,1,9,Prn,Prn,en2,/V\
166,39,4,al,al,655,3,1,9,Pre+Det,Pre+Det,à.le,/V\
167,39,5,tabernacle,tabernacle,656,3,1,9,N,N,,C/V\.C/e\.'C/V\.C/(e)\
168,40,1,truvad,truvad,658,3,1,9,Vfin,Vfin,trouver,C/V\.'C/V\
169,40,2,l',l',659,3,1,9,Det,Det,le,C/\
170,40,3,evesche,evesche,660,3,1,9,N,N,,/V\.'C/V\.C/(e)\
171,40,4,Hely,hely,661,3,1,9,N,N,,/V\.'C/V\
172,41,1,í,i,668,3,1,9,Prn,Prn$$,y2,/V\
173,41,2,ért,ert,669,3,1,9,Vfin,Vfin,être,/V\
174,41,3,qu',qu',670,3,1,9,Sub,Sub,que,C/\
175,41,4,il,il,671,3,1,9,Prn,Prn,il,/V\
176,41,5,as,as,672,3,1,9,Vfin,Vfin,avoir,/V\
177,41,6,alanz,alanz,673,3,1,9,Vprs,Vprs,aller,/V\.'C/V\
178,42,1,parole,parole,677,3,1,9,N,N,,C/V\.'C/V\.C/(e)\
179,42,2,de,de,678,3,1,9,Pre,Pre,de,C/(e)\
180,42,3,salu,salu,679,3,1,9,N,N,,C/V\.'C/V\
181,43,1,La,la,682,3,1,10,Det,Det,le,C/V\
182,43,2,dame,dame,683,3,1,10,N,N,,'C/V\.C/(e)\
183,43,3,fist,fist,684,3,1,10,Vfin,Vfin,faire,C/V\
184,43,4,á,a,685,3,1,10,Pre,Pre,à,/V\
185,43,5,Deu,deu,686,3,1,10,N,N,,C/V\
186,44,1,fist,fist,684,3,1,10,Vfin,Vfin,faire,C/V\
187,44,2,á,a,685,3,1,10,Pre,Pre,à,/V\
188,44,3,Deu,deu,686,3,1,10,N,N,,C/V\
189,44,4,sun,sun,687,3,1,10,Det,Det,son4,C/V\
190,44,5,present,present,688,3,1,10,N,N,,C/V\.'C/V\
191,45,1,é,e,689,3,1,10,Crd,Crd,et,/V\
192,45,2,sa,sa,690,3,1,10,Det,Det,son4,C/V\
193,45,3,oblatiun,oblatiun,691,3,1,10,N,N,,/V\.C/V\.C/{V}\.'/V\
194,46,1,é,e,701,3,1,10,Crd,Crd,et,/V\
195,46,2,en,en,702,3,1,10,Pre,Pre,en,/V\
196,46,3,ceste,ceste,703,3,1,10,Dem,Dem,cist,'C/V\.C/(e)\
197,46,4,baillie,baillie,704,3,1,10,Vfin,Vfin,bailler,C/V\.'C/V\./(e)\
198,47,1,é,e,729,3,1,11,Crd,Crd,et,/V\
199,47,2,ma,ma,730,3,1,11,Det,Det,mon,C/V\
200,47,3,afflictiun,afflictiun,731,3,1,11,N,N,,/V\.C/V\.C/{V}\.'/V\
201,48,1,á,a,768,3,1,11,Pre,Pre,à,/V\
202,48,2,tei,tei,769,3,1,11,Prn,Prn,toi,C/V\
203,48,3,iert,iert,770,3,1,11,Vfin,Vfin,être,/V\
204,48,4,ádetid,adetid,771,3,1,11,Vpp,Vpp,,/V\.C/e\.'C/V\
205,49,1,La,la,803,4,1,12,Det,Det,le,C/V\
206,49,2,dame,dame,804,4,1,12,N,N,,'C/V\.C/(e)\
207,49,3,en,en,805,4,1,12,Pre,Pre,en,/V\
208,49,4,sa,sa,806,4,1,12,Det,Det,son4,C/V\
209,49,5,préére,preere,807,4,1,12,N,N,,C/V\.'C/V\.C/(e)\
210,50,1,l',l',822,4,1,13,Prn,Prn$$,le,C/\
211,50,2,esguardad,esguardad,823,4,1,13,Vfin,Vfin,égarder,/V\.C/V\.'C/V\
212,50,3,é,e,824,4,1,13,Crd,Crd,et,/V\
213,50,4,pur,pur,825,4,1,13,Pre,Pre,pour,C/V\
214,50,5,ívre,ivre,826,4,1,13,Adj,Adj,,'/V\.C/(e)\
215,51,1,á,a,841,4,1,14,Pre,Pre,à,/V\
216,51,2,tun,tun,842,4,1,14,Det,Det,ton2,C/V\
217,51,3,ostel,ostel,843,4,1,14,N,N,,/V\.'C/V\
218,51,4,dormir,dormir,844,4,1,14,Vinf,Vinf,dormir,C/V\.'C/V\
219,52,1,á,a,895,4,1,16,Pre,Pre,à,/V\
220,52,2,Deu,deu,896,4,1,16,N,N,,C/V\
221,52,3,áí,ai,897,4,1,16,Vfin,Vfin,avoir,/V\
222,52,4,reveled,reveléd,898,4,1,16,Vpp,Vpp,,C/V\.C/e\.'C/V\
223,53,1,áí,ai,897,4,1,16,Vfin,Vfin,avoir,/V\
224,53,2,reveled,reveléd,898,4,1,16,Vpp,Vpp,,C/V\.C/e\.'C/V\
225,53,3,mun,mun,899,4,1,16,Det,Det,mon,C/V\
226,53,4,duel,duel,900,4,1,16,N,N,,C/V\
227,54,1,Belial,belial,904,4,1,16,N,N,,C/V\.'C/V\
228,54,2,",",",",905,4,1,16,Pnc,Pnc,,
229,54,3,çó,ço,906,4,1,16,Prn,Prn,ce,C/V\
230,54,4,est,est,907,4,1,16,Vfin,Vfin,être,/V\
231,54,5,senz,senz,908,4,1,16,Pre,Pre,sans,C/V\
232,54,6,jú,ju,909,4,1,16,N,N,,C/V\
233,55,1,çó,ço,906,4,1,16,Prn,Prn,ce,C/V\
234,55,2,est,est,907,4,1,16,Vfin,Vfin,être,/V\
235,55,3,senz,senz,908,4,1,16,Pre,Pre,sans,C/V\
236,55,4,jú,ju,909,4,1,16,N,N,,C/V\
237,55,5,;,;,910,4,1,16,Pnc,Pnc,,
238,55,6,é,e,911,4,1,16,Crd,Crd,et,/V\
239,55,7,cil,cil,912,4,1,16,Dem,Dem,cil,C/V\
240,56,1,Deus,deus,961,4,1,17,N,N,,C/V\
241,56,2,",",",",962,4,1,17,Pnc,Pnc,,
242,56,3,ki,ki,963,4,1,17,Qux,Qux,qui,C/V\
243,56,4,de,de,964,4,1,17,Pre,Pre,de,C/(e)\
244,56,5,tut,tut,965,4,1,17,QIs,QIs,tout,C/V\
245,56,6,bien,bien,966,4,1,17,Adv,Adv,bien,C/V\
246,56,7,faire,faire,967,4,1,17,Vinf,Vinf,faire,'C/V\.C/(e)\
247,57,1,rendit,rendit,1020,4,1,20,Vfin,Vfin,rendre,C/V\.'C/V\
248,57,2,a,a,1021,4,1,20,Pre,Pre,à,/V\
249,57,3,l',l',1022,4,1,20,Det,Det,le,C/\
250,57,4,enfanter,enfanter,1023,4,1,20,Vinf,Vinf,,/V\.C/V\.'C/V\
251,58,1,est,est,1048,4,1,20,Vfin,Vfin,être,/V\
252,58,2,de,de,1049,4,1,20,Pre,Pre,de,C/(e)\
253,58,3,sens,sens,1050,4,1,20,N,N,,C/V\
254,58,4,é,e,1051,4,1,20,Crd,Crd,et,/V\
255,58,5,de,de,1052,4,1,20,Pre,Pre,de,C/(e)\
256,58,6,meule,meule,1053,4,1,20,N,N,,'C/V\.C/(e)\
257,59,1,le,le,1065,4,1,20,Det,Det,le,C/(e)\
258,59,2,sen,sen,1066,4,1,20,N,N,,C/V\
259,59,3,est,est,1067,4,1,20,Vfin,Vfin,être,/V\
260,59,4,fruit,fruit,1068,4,1,20,N,N,,C/V\
261,59,5,",",",",1069,4,1,20,Pnc,Pnc,,
262,59,6,l',l',1070,4,1,20,Det,Det,le,C/\
263,59,7,estorie,estorie,1071,4,1,20,N,N,,/V\.'C/V\./(e)\
264,60,1,est,est,1067,4,1,20,Vfin,Vfin,être,/V\
265,60,2,fruit,fruit,1068,4,1,20,N,N,,C/V\
266,60,3,",",",",1069,4,1,20,Pnc,Pnc,,
267,60,4,l',l',1070,4,1,20,Det,Det,le,C/\
268,60,5,estorie,estorie,1071,4,1,20,N,N,,/V\.'C/V\./(e)\
269,60,6,raims,raims,1072,4,1,20,N,N,,C/V\
270,61,1,é,e,1087,4,1,20,Crd,Crd,et,/V\
271,61,2,de,de,1088,4,1,20,Pre,Pre,de,C/(e)\
272,61,3,signefiance,signefiance,1089,4,1,20,N,N,,C/V\.C/e\.C/V\.'C/V\.C/(e)\
273,62,1,ad,ad,1151,4,1,20,Vfin,Vfin,avoir,/V\
274,62,2,eüd,eüd,1152,4,1,20,Vpp,Vpp,avoir,/(V)\.'/V\
275,62,3,dous,dous,1153,4,1,20,QIs,QIs,deux,C/V\
276,62,4,muillers,muillers,1154,4,1,20,N,N,,C/V\.'C/V\
277,63,1,si,si,1156,4,1,20,Adv,Adv,si4,C/V\
278,63,2,cume,cume,1157,4,1,20,Sub,Sub,comme,'C/V\.C/(e)\
279,63,3,out,out,1158,4,1,20,Vfin,Vfin,avoir,/V\
280,63,4,Helchana,helchana,1159,4,1,20,N,N,,/V\.C/V\.'C/V\
281,64,1,dum,dum,1194,4,1,20,Qux,Qux,dont,C/V\
282,64,2,ele,ele,1195,4,1,20,Prn,Prn$,elle,'/V\.C/(e)\
283,64,3,forsvead,forsvead,1196,4,1,20,Vfin,Vfin,fourvoyer,C/V\.C/V\.'C/V\
284,65,1,É,e,1218,4,1,20,Crd,Crd,et,/V\
285,65,2,Anna,annä,1219,4,1,20,N,N,,'/V\.C/(e)\
286,65,3,",",",",1220,4,1,20,Pnc,Pnc,,
287,65,4,çó,ço,1221,4,1,20,Prn,Prn,ce,C/V\
288,65,5,est,est,1222,4,1,20,Vfin,Vfin,être,/V\
289,65,6,grace,grace,1223,4,1,20,N,N,,'C/V\.C/(e)\
290,66,1,Ensement,ensement,1225,4,1,20,Adv,Adv,ensement,/V\.C/e\.'C/V\
291,66,2,Seinte,seinte,1226,4,1,20,Adj,Adj,saint,'C/V\.C/(e)\
292,66,3,Eglise,eglise,1227,4,1,20,N,N,,/V\.'C/V\.C/(e)\
293,67,1,a,a,1236,4,1,20,Pre,Pre,à,/V\
294,67,2,li,li,1237,4,1,20,Prn,Prn,li,C/V\
295,67,3,s',s',1238,4,1,20,Prn,Prn$$,se,C/\
296,67,4,acumpaigna,acumpaigna,1239,4,1,20,Vfin,Vfin,,/V\.C/V\.C/V\.'C/V\
297,68,1,é,e,1240,4,1,20,Crd,Crd,et,/V\
298,68,2,par,par,1241,4,1,20,Pre,Pre,par,C/V\
299,68,3,sa,sa,1242,4,1,20,Det,Det,son4,C/V\
300,68,4,mort,mort,1243,4,1,20,N,N,,C/V\
301,68,5,de,de,1244,4,1,20,Pre,Pre,de,C/(e)\
302,68,6,mort,mort,1245,4,1,20,N,N,,C/V\
303,69,1,é,e,1251,4,1,20,Crd,Crd,et,/V\
304,69,2,sun,sun,1252,4,1,20,Det,Det,son4,C/V\
305,69,3,Saint,saint,1253,4,1,20,Adj,Adj,saint,C/V\
306,69,4,Esperit,esperit,1254,4,1,20,N,N,,/V\.C/e\.'C/V\
307,70,1,out,out,1282,5,1,22,Vfin,Vfin,avoir,/V\
308,70,2,essuigne,essuigne,1283,5,1,22,N,N,,/V\.'C/V\.C/(e)\
309,70,3,é,e,1284,5,1,22,Crd,Crd,et,/V\
310,70,4,remest,remest,1285,5,1,22,Vfin,Vfin,remanoir,C/V\.'C/V\
311,71,1,fust,fust,1295,5,1,22,Vfin,Vfin,être,C/V\
312,71,2,de,de,1296,5,1,22,Pre,Pre,de,C/(e)\
313,71,3,l',l',1297,5,1,22,Det,Det,le,C/\
314,71,4,enfant,enfant,1298,5,1,22,N,N,,/V\.'C/V\
315,71,5,a,a,1299,5,1,22,Pre,Pre,à,/V\
316,71,6,Deu,deu,1300,5,1,22,N,N,,C/V\
317,72,1,out,out,1344,5,1,24,Vfin,Vfin,avoir,/V\
318,72,2,primes,primes,1345,5,1,24,Adv,Adv,primes,'C/V\.C/e\
319,72,3,Deus,deus,1346,5,1,24,N,N,,C/V\
320,72,4,sa,sa,1347,5,1,24,Det,Det,son4,C/V\
321,72,5,part,part,1348,5,1,24,N,N,,C/V\
322,73,1,Jó,jo,1371,5,1,26,Prn,Prn$,je,C/V\
323,73,2,sui,sui,1372,5,1,26,Vfin,Vfin,être,C/V\
324,73,3,la,la,1373,5,1,26,Det,Det,le,C/V\
325,73,4,túe,tue,1374,5,1,26,Adj,Adj,ton2,'C/V\./(e)\
326,73,5,ancele,ancele,1375,5,1,26,N,N,,/V\.'C/V\.C/(e)\
327,74,1,que,que,1414,5,1,28,Sub,Sub,que,C/(e)\
328,74,2,served,served,1415,5,1,28,Vfin,Vfin,servir,'C/V\.C/e\
329,74,3,Deu,deu,1416,5,1,28,N,N,,C/V\
330,74,4,des,des,1417,5,1,28,Pre,Pre,dès,C/V\
331,74,5,ore,ore,1418,5,1,28,N,N,,'/V\.C/(e)\
332,75,1,n',n',1468,5,2,2,Neg,Neg$$,ne,C/\
333,75,2,est,est,1469,5,2,2,Vfin,Vfin,être,/V\
334,75,3,altres,altres,1470,5,2,2,Adj,Adj,autre,'/V\.C/e\
335,75,4,ki,ki,1471,5,2,2,Qux,Qux,qui,C/V\
336,75,5,ne,ne,1472,5,2,2,Neg,Neg$$,ne,C/(e)\
337,75,6,change,change,1473,5,2,2,Vfin,Vfin,,'C/V\.C/(e)\
338,76,1,é,e,1475,5,2,2,Crd,Crd,et,/V\
339,76,2,nuls,nuls,1476,5,2,2,QIs,QIs,nul,C/V\
340,76,3,n',n',1477,5,2,2,Neg,Neg$$,ne,C/\
341,76,4,est,est,1478,5,2,2,Vfin,Vfin,être,/V\
342,76,5,de,de,1479,5,2,2,Pre,Pre,de,C/(e)\
343,76,6,la,la,1480,5,2,2,Det,Det,le,C/V\
344,76,7,force,force,1481,5,2,2,N,N,,'C/V\.C/(e)\
345,77,1,en,en,1491,5,2,3,Pre,Pre,en,/V\
346,77,2,podnéé,podnee,1492,5,2,3,N,N,,C/V\.'C/V\./(e)\
347,77,3,par,par,1493,5,2,3,Pre,Pre,par,C/V\
348,77,4,glorie,glorie,1494,5,2,3,N,N,,'C/V\./(e)\
349,78,1,nen,nen,1498,5,2,3,Neg,Neg$$,ne,C/V\
350,78,2,isse,isse,1499,5,2,3,Vfin,Vfin,issir,'/V\.C/(e)\
351,78,3,de,de,1500,5,2,3,Pre,Pre,de,C/(e)\
352,78,4,voz,voz,1501,5,2,3,Det,Det,votre,C/V\
353,78,5,buches,buches,1502,5,2,3,N,N,,'C/V\.C/e\
354,79,1,kar,kar,1504,5,2,3,Crd,Crd,car,C/V\
355,79,2,Deu,deu,1505,5,2,3,N,N,,C/V\
356,79,3,est,est,1506,5,2,3,Vfin,Vfin,être,/V\
357,79,4,de,de,1507,5,2,3,Pre,Pre,de,C/(e)\
358,79,5,science,science,1508,5,2,3,N,N,,C/V\.'C/V\.C/(e)\
359,80,1,est,est,1506,5,2,3,Vfin,Vfin,être,/V\
360,80,2,de,de,1507,5,2,3,Pre,Pre,de,C/(e)\
361,80,3,science,science,1508,5,2,3,N,N,,C/V\.'C/V\.C/(e)\
362,80,4,sires,sires,1509,5,2,3,N,N,,'C/V\.C/e\
363,81,1,des,des,1521,5,2,4,Pre+Det,Pre+Det,de.le,C/V\
364,81,2,forz,forz,1522,5,2,4,Adj,Adj,fort,C/V\
365,81,3,est,est,1523,5,2,4,Vfin,Vfin,être,/V\
366,81,4,surmuntez,surmuntez,1524,5,2,4,Vpp,Vpp,surmonter,C/V\.C/V\.'C/V\
367,82,1,ore,ore,1536,5,2,5,Adv,Adv,or2,'/V\.C/(e)\
368,82,2,se,se,1537,5,2,5,Prn,Prn$$,se,C/(e)\
369,82,3,sunt,sunt,1538,5,2,5,Vfin,Vfin,être,C/V\
370,82,4,pur,pur,1539,5,2,5,Pre,Pre,pour,C/V\
371,82,5,pain,pain,1540,5,2,5,N,N,,C/V\
372,83,1,quant,quant,1574,5,2,5,Sub,Sub,quand,C/V\
373,83,2,néz,nez,1575,5,2,5,Vpp,Vpp,naître,C/V\
374,83,3,fúd,fud,1576,5,2,5,Vfin,Vfin,être,C/V\
375,83,4,Samuél,samuel,1577,5,2,5,N,N,,C/V\.C/V\.'C/V\
376,84,1,a,a,1581,5,2,5,Pre,Pre,à,/V\
377,84,2,la,la,1582,5,2,5,Det,Det,le,C/V\
378,84,3,bonuréé,bonuree,1583,5,2,5,Adj,Adj,,C/V\.C/V\.'C/V\./(e)\
379,84,4,Ánne,anne,1584,5,2,5,N,N,,'/V\.C/(e)\
380,85,1,perdi,perdi,1595,5,2,5,Vfin,Vfin,perdre,C/V\.'C/V\
381,85,2,alcun,alcun,1596,5,2,5,QIs,QIs,aucun,/V\.'C/V\
382,85,3,Fenénne,fenenne,1597,5,2,5,N,N,,C/V\.'C/V\.C/(e)\
383,86,1,depriemt,depriemt,1621,5,2,7,Vfin,Vfin,déprier,C/V\.'C/V\
384,86,2,",",",",1622,5,2,7,Pnc,Pnc,,
385,86,3,le,le,1623,5,2,7,Det,Det,le,C/(e)\
386,86,4,humble,humble,1624,5,2,7,Adj,Adj,,'/V\.C/(e)\
387,86,5,éslieve,eslieve,1625,5,2,7,Vfin,Vfin,élever,/V\.'C/V\.C/(e)\
388,87,1,esdrézce,esdrezce,1629,5,2,8,Vfin,Vfin,,/V\.'C/V\.C/(e)\
389,87,2,del,del,1630,5,2,8,Pre+Det,Pre+Det,de.le,C/V\
390,87,3,puldrier,puldrier,1631,5,2,8,N,N,,C/V\.'C/V\
391,88,1,sunt,sunt,1655,5,2,8,Vfin,Vfin,être,C/V\
392,88,2,les,les,1656,5,2,8,Det,Det,le,C/V\
393,88,3,quatre,quatre,1657,5,2,8,QIs,QIs,quatre,'C/V\.C/(e)\
394,88,4,parties,parties,1658,5,2,8,N,N,,C/V\.'C/V\./e\
395,89,1,as,as,1677,5,2,9,Pre+Det,Pre+Det,à.le,/V\
396,89,2,seinz,seinz,1678,5,2,9,Adj,Adj,saint,C/V\
397,89,3,guvernerad,guvernerad,1679,5,2,9,Vfin,Vfin,,C/V\.C/V\.C/e\.'C/V\
398,90,1,é,e,1723,6,2,11,Crd,Crd,et,/V\
399,90,2,li,li,1724,6,2,11,Det,Det,le,C/V\
400,90,3,enfes,enfes,1725,6,2,11,N,N,,'/V\.C/e\
401,90,4,od,od,1726,6,2,11,Pre,Pre,o,/V\
402,90,5,Deu,deu,1727,6,2,11,N,N,,C/V\
403,91,1,é,e,1748,6,2,12,Crd,Crd,et,/V\
404,91,2,encuntre,encuntre,1749,6,2,12,PrA,PrA,encontre2,/V\.'C/V\.C/(e)\
405,91,3,la,la,1750,6,2,12,Det,Det,le,C/V\
406,91,4,gent,gent,1751,6,2,12,N,N,,C/V\
407,92,1,les,les,1759,6,2,12,Det,Det,le,C/V\
408,92,2,dames,dames,1760,6,2,12,N,N,,'C/V\.C/e\
409,92,3,violerent,violerent,1761,6,2,12,Vfin,Vfin,,C/V\.C/V\.'C/V\.C/e\
410,93,1,é,e,1813,6,2,18,Crd,Crd,et,/V\
411,93,2,de,de,1814,6,2,18,Pre,Pre,de,C/(e)\
412,93,3,vesture,vesture,1815,6,2,18,N,N,,C/V\.'C/V\.C/(e)\
413,93,4,linge,linge,1816,6,2,18,N,N,,'C/V\.C/(e)\
414,94,1,É,e,1827,6,2,19,Crd,Crd,et,/V\
415,94,2,Anna,annä,1828,6,2,19,N,N,,'/V\.C/(e)\
416,94,3,as,as,1829,6,2,19,Pre+Det,Pre+Det,à.le,/V\
417,94,4,jurs,jurs,1830,6,2,19,N,N,,C/V\
418,94,5,ásis,asis,1831,6,2,19,Vfin,Vfin,asseoir,/V\.'C/V\
419,95,1,é,e,1852,6,2,19,Crd,Crd,et,/V\
420,95,2,lur,lur,1853,6,2,19,Det,Det,leur2,C/V\
421,95,3,oblatiuns,oblatiuns,1854,6,2,19,N,N,,/V\.C/V\.C/{V}\.'/V\
422,96,1,qu',qu',1876,6,2,20,Qux,Qux,que,C/\
423,96,2,il,il,1877,6,2,20,Prn,Prn$,il,/V\
424,96,3,li,li,1878,6,2,20,Prn,Prn$$,li,C/V\
425,96,4,ourent,ourent,1879,6,2,20,Vfin,Vfin,avoir,'/V\.C/e\
426,96,5,dune,duné,1880,6,2,20,Vpp,Vpp,donner,C/V\.'C/V\
427,97,1,la,la,1886,6,2,21,Det,Det,le,C/V\
428,97,2,dame,dame,1887,6,2,21,N,N,,'C/V\.C/(e)\
429,97,3,visitá,visita,1888,6,2,21,Vfin,Vfin,,C/V\.C/V\.'C/V\
430,98,1,Purquei,purquei,1917,7,2,23,Qux,Qux,pourquoi,C/V\.'C/V\
431,98,2,faites,faites,1918,7,2,23,Vfin,Vfin,faire,'C/V\.C/e\
432,98,3,tel,tel,1919,7,2,23,Adj,Adj,tel,C/V\
433,98,4,ovre,ovre,1920,7,2,23,N,N,,'/V\.C/(e)\
434,99,1,dunt,dunt,1921,7,2,23,Qux,Qux,dont,C/V\
435,99,2,la,la,1922,7,2,23,Det,Det,le,C/V\
436,99,3,plainte,plainte,1923,7,2,23,N,N,,'C/V\.C/(e)\
437,99,4,me,me,1924,7,2,23,Prn,Prn$$,me,C/(e)\
438,99,5,vient,vient,1925,7,2,23,Vfin,Vfin,venir,C/V\
439,100,1,Si,si,1951,7,2,25,Sub,Sub,si3,C/V\
440,100,2,hom,hom,1952,7,2,25,N,N,,/V\
441,100,3,peche,peche,1953,7,2,25,Vfin,Vfin,,'C/V\.C/(e)\
442,100,4,vers,vers,1954,7,2,25,Pre,Pre,vers2,C/V\
443,100,5,altre,altre,1955,7,2,25,Adj,Adj,autre,'/V\.C/(e)\
444,101,1,se,se,1959,7,2,25,Prn,Prn$$,se,C/(e)\
445,101,2,purrad,purrad,1960,7,2,25,Vfin,Vfin,pouvoir2,C/V\.'C/V\
446,101,3,acorder,acorder,1961,7,2,25,Vinf,Vinf,,/V\.C/V\.'C/V\
447,102,1,é,e,1963,7,2,25,Crd,Crd,et,/V\
448,102,2,s',s',1964,7,2,25,Sub,Sub,si3,C/\
449,102,3,il,il,1965,7,2,25,Prn,Prn$,il,/V\
450,102,4,peche,peche,1966,7,2,25,Vfin,Vfin,,'C/V\.C/(e)\
451,102,5,vers,vers,1967,7,2,25,Pre,Pre,vers2,C/V\
452,102,6,Deu,deu,1968,7,2,25,N,N,,C/V\
453,103,1,kar,kar,2018,7,2,25,Crd,Crd,car,C/V\
454,103,2,Deus,deus,2019,7,2,25,N,N,,C/V\
455,103,3,les,les,2020,7,2,25,Prn,Prn$$,le,C/V\
456,103,4,volt,volt,2021,7,2,25,Vfin,Vfin,vouloir,C/V\
457,103,5,ocire,ocire,2022,7,2,25,Vinf,Vinf,occire,/V\.'C/V\.C/(e)\
458,104,1,les,les,2020,7,2,25,Prn,Prn$$,le,C/V\
459,104,2,volt,volt,2021,7,2,25,Vfin,Vfin,vouloir,C/V\
460,104,3,ocire,ocire,2022,7,2,25,Vinf,Vinf,occire,/V\.'C/V\.C/(e)\
461,104,4,é,e,2023,7,2,25,Crd,Crd,et,/V\
462,104,5,faire,faire,2024,7,2,25,Vinf,Vinf,faire,'C/V\.C/(e)\
463,105,1,é,e,2023,7,2,25,Crd,Crd,et,/V\
464,105,2,faire,faire,2024,7,2,25,Vinf,Vinf,faire,'C/V\.C/(e)\
465,105,3,vengement,vengement,2025,7,2,25,N,N,,C/V\.C/e\.'C/V\
466,106,1,Li,li,2027,7,2,26,Det,Det,le,C/V\
467,106,2,emfes,emfes,2028,7,2,26,N,N,,'/V\.C/e\
468,106,3,Samuel,samuel,2029,7,2,26,N,N,,C/V\.C/V\.'C/V\
469,107,1,amendout,amendout,2030,7,2,26,Vfin,Vfin,,/V\.C/V\.'C/V\
470,107,2,é,e,2031,7,2,26,Crd,Crd,et,/V\
471,107,3,creísseit,creisseit,2032,7,2,26,Vfin,Vfin,croître,C/V\.'C/V\
472,108,1,vint,vint,2048,8,2,27,Vfin,Vfin,venir,C/V\
473,108,2,a,a,2049,8,2,27,Pre,Pre,à,/V\
474,108,3,l',l',2050,8,2,27,Det,Det,le,C/\
475,108,4,evesche,evesche,2051,8,2,27,N,N,,/V\.'C/V\.C/(e)\
476,108,5,Hely,hely,2052,8,2,27,N,N,,/V\.'C/V\
477,109,1,te,te,2060,8,2,27,Prn,Prn$$,te,C/(e)\
478,109,2,mande,mande,2061,8,2,27,Vfin,Vfin,mander,'C/V\.C/(e)\
479,109,3,ces,ces,2062,8,2,27,Dem,Dem,cist,C/V\
480,109,4,paroles,paroles,2063,8,2,27,N,N,,C/V\.'C/V\.C/e\
481,110,1,Dun,dun,2068,8,2,27,Adv,Adv,donc,C/V\
482,110,2,ne,ne,2069,8,2,27,Neg,Neg$$,ne,C/(e)\
483,110,3,me,me,2070,8,2,27,Prn,Prn$$,me,C/(e)\
484,110,4,revelái,revelai,2071,8,2,27,Vfin,Vfin,,C/V\.C/e\.'C/V\
485,111,1,é,e,2116,8,2,28,Crd,Crd,et,/V\
486,111,2,encens,encens,2117,8,2,28,N,N,,/V\.'C/V\
487,111,3,í,i,2118,8,2,28,Prn,Prn$$,y2,/V\
488,111,4,portast,portast,2119,8,2,28,Vfin,Vfin,porter,C/V\.'C/V\
489,112,1,É,e,2135,8,2,29,Crd,Crd,et,/V\
490,112,2,purquei,purquei,2136,8,2,29,Qux,Qux,pourquoi,C/V\.'C/V\
491,112,3,as,as,2137,8,2,29,Vfin,Vfin,avoir,/V\
492,112,4,buted,butéd,2138,8,2,29,Vpp,Vpp,,C/V\.'C/V\
493,113,1,en,en,2139,8,2,29,Pre,Pre,en,/V\
494,113,2,veie,veie,2140,8,2,29,N,N,,'C/V\./(e)\
495,113,3,del,del,2141,8,2,29,Pre+Det,Pre+Det,de.le,C/V\
496,113,4,talun,talun,2142,8,2,29,N,N,,C/V\.'C/V\
497,114,1,jol,jol,2219,8,2,30,Prn+Prn,Prn$+Prn$$,je.le,C/V\
498,114,2,glorifierai,glorifierai,2220,8,2,30,Vfin,Vfin,,C/V\.C/V\.C/V\.C/e\.'C/V\
499,115,1,é,e,2222,8,2,31,Crd,Crd,et,/V\
500,115,2,ki,ki,2223,8,2,31,Qux,Qux,qui,C/V\
501,115,3,mei,mei,2224,8,2,31,Prn,Prn$$,moi,C/V\
502,115,4,despirra,despirra,2225,8,2,31,Vfin,Vfin,dépire,C/V\.C/V\.'C/V\
503,116,1,jol,jol,2227,8,2,31,Prn+Prn,Prn$+Prn$$,je.le,C/V\
504,116,2,metrai,metrai,2228,8,2,31,Vfin,Vfin,mettre,C/V\.'C/V\
505,116,3,en,en,2229,8,2,31,Pre,Pre,en,/V\
506,116,4,despit,despit,2230,8,2,31,N,N,,C/V\.'C/V\
507,117,1,é,e,2237,8,2,31,Crd,Crd,et,/V\
508,117,2,colperai,colperai,2238,8,2,31,Vfin,Vfin,,C/V\.C/e\.'C/V\
509,117,3,tun,tun,2239,8,2,31,Det,Det,ton2,C/V\
510,117,4,braz,braz,2240,8,2,31,N,N,,C/V\
511,118,1,Le,le,2251,8,2,31,Det,Det,le,C/(e)\
512,118,2,braz,braz,2252,8,2,31,N,N,,C/V\
513,118,3,apele,apele,2253,8,2,31,Vfin,Vfin,appeler,/V\.'C/V\.C/(e)\
514,118,4,l',l',2254,8,2,31,Det,Det,le,C/\
515,118,5,arche,arche,2255,8,2,31,N,N,,'/V\.C/(e)\
516,119,1,é,e,2297,8,2,32,Crd,Crd,et,/V\
517,119,2,nen,nen,2298,8,2,32,Neg,Neg$$,ne,C/V\
518,119,3,iért,iert,2299,8,2,32,Vfin,Vfin,être,/V\
519,119,4,nuls,nuls,2300,8,2,32,QIs,QIs,nul,C/V\
520,119,5,evesches,evesches,2301,8,2,32,N,N,,/V\.'C/V\.C/e\
521,120,1,de,de,2314,8,2,33,Pre,Pre,de,C/(e)\
522,120,2,mun,mun,2315,8,2,33,Det,Det,mon,C/V\
523,120,3,autel,autel,2316,8,2,33,N,N,,/V\.'C/V\
524,120,4,",",",",2317,8,2,33,Pnc,Pnc,,
525,120,5,mais,mais,2318,8,2,33,Crd,Crd,mais,C/V\
526,120,6,çó,ço,2319,8,2,33,Prn,Prn,ce,C/V\
527,121,1,lur,lur,2327,8,2,33,Prn,Prn$$,leur,C/V\
528,121,2,defaillent,defaillent,2328,8,2,33,Vfin,Vfin,défaillir,C/V\.'C/V\.C/e\
529,121,3,par,par,2329,8,2,33,Pre,Pre,par,C/V\
530,121,4,plur,plur,2330,8,2,33,N,N,,C/V\
531,122,1,quant,quant,2335,8,2,33,Sub,Sub,quand,C/V\
532,122,2,verrunt,verrunt,2336,8,2,33,Vfin,Vfin,voir,C/V\.'C/V\
533,122,3,altre,altre,2337,8,2,33,Adj,Adj,autre,'/V\.C/(e)\
534,122,4,aveir,aveir,2338,8,2,33,Vinf,Vinf,avoir,/V\.'C/V\
535,123,1,aveir,aveir,2338,8,2,33,Vinf,Vinf,avoir,/V\.'C/V\
536,123,2,la,la,2339,8,2,33,Det,Det,le,C/V\
537,123,3,seignurie,seignurie,2340,8,2,33,N,N,,C/V\.C/V\.'C/V\./(e)\
538,124,1,Içó,iço,2360,8,2,33,Prn,Prn,ce,/V\.'C/V\
539,124,2,fud,fud,2361,8,2,33,Vfin,Vfin,être,C/V\
540,124,3,ácumpli,acumpli,2362,8,2,33,Vpp,Vpp,,/V\.C/V\.'C/V\
541,125,1,quant,quant,2363,8,2,33,Sub,Sub,quand,C/V\
542,125,2,Saül,saül,2364,8,2,33,N,N,,C/V\.'C/V\
543,125,3,fist,fist,2365,8,2,33,Vfin,Vfin,faire,C/V\
544,125,4,ocire,ocire,2366,8,2,33,Vinf,Vinf,occire,/V\.'C/V\.C/(e)\
545,126,1,fist,fist,2365,8,2,33,Vfin,Vfin,faire,C/V\
546,126,2,ocire,ocire,2366,8,2,33,Vinf,Vinf,occire,/V\.'C/V\.C/(e)\
547,126,3,en,en,2367,8,2,33,Pre,Pre,en,/V\
548,126,4,un,un,2368,8,2,33,QIs,QIs,un,/V\
549,126,5,jur,jur,2369,8,2,33,N,N,,C/V\
550,127,1,íçó,iço,2432,8,2,35,Prn,Prn,ce,/V\.'C/V\
551,127,2,que,que,2433,8,2,35,Qux,Qux,que,C/(e)\
552,127,3,á,a,2434,8,2,35,Pre,Pre,à,/V\
553,127,4,mun,mun,2435,8,2,35,Det,Det,mon,C/V\
554,127,5,pere,pere,2436,8,2,35,N,N,,'C/V\.C/(e)\
555,128,1,maisun,maisun,2447,8,2,35,N,N,,C/V\.'C/V\
556,128,2,de,de,2448,8,2,35,Pre,Pre,de,C/(e)\
557,128,3,lealte,lealté,2449,8,2,35,N,N,,C/V\.C/V\.'C/V\
558,129,1,é,e,2464,8,2,35,Crd,Crd,et,/V\
559,129,2,en,en,2465,8,2,35,Pre,Pre,en,/V\
560,129,3,prosperite,prosperité,2466,8,2,35,N,N,,C/V\.C/V\.C/V\.'C/V\
561,130,1,É,e,2470,8,2,36,Crd,Crd,et,/V\
562,130,2,si,si,2471,8,2,36,Adv,Adv,si4,C/V\
563,130,3,est,est,2472,8,2,36,Vfin,Vfin,être,/V\
564,130,4,á,a,2473,8,2,36,Pre,Pre,à,/V\
565,130,5,venir,venir,2474,8,2,36,Vinf,Vinf,venir,C/V\.'C/V\
566,131,1,é,e,2492,8,2,36,Crd,Crd,et,/V\
567,131,2,present,present,2493,8,2,36,N,N,,C/V\.'C/V\
568,131,3,é,e,2494,8,2,36,Crd,Crd,et,/V\
569,131,4,de,de,2495,8,2,36,Pre,Pre,de,C/(e)\
570,131,5,pain,pain,2496,8,2,36,N,N,,C/V\
571,132,1,é,e,2494,8,2,36,Crd,Crd,et,/V\
572,132,2,de,de,2495,8,2,36,Pre,Pre,de,C/(e)\
573,132,3,pain,pain,2496,8,2,36,N,N,,C/V\
574,132,4,é,e,2497,8,2,36,Crd,Crd,et,/V\
575,132,5,d',d',2498,8,2,36,Pre,Pre,de,C/\
576,132,6,argent,argent,2499,8,2,36,N,N,,/V\.'C/V\
577,133,1,receü,receu,2506,8,2,36,Vpp,Vpp,recevoir,C/V\.C/(V)\.'/V\
578,133,2,al,al,2507,8,2,36,Pre+Det,Pre+Det,à.le,/V\
579,133,3,servise,servise,2508,8,2,36,N,N,,C/V\.'C/V\.C/(e)\
580,134,1,Li,li,2520,9,3,1,Det,Det,le,C/V\
581,134,2,emfes,emfes,2521,9,3,1,N,N,,'/V\.C/e\
582,134,3,Samuel,samuel,2522,9,3,1,N,N,,C/V\.C/V\.'C/V\
583,135,1,é,e,2529,9,3,1,Crd,Crd,et,/V\
584,135,2,la,la,2530,9,3,1,Det,Det,le,C/V\
585,135,3,parole,parole,2531,9,3,1,N,N,,C/V\.'C/V\.C/(e)\
586,135,4,Deu,deu,2532,9,3,1,N,N,,C/V\
587,136,1,Avint,avint,2547,9,3,2,Vfin,Vfin,avenir,/V\.'C/V\
588,136,2,á,a,2548,9,3,2,Pre,Pre,à,/V\
589,136,3,une,une,2549,9,3,2,QIs,QIs,un,'/V\.C/(e)\
590,136,4,feiz,feiz,2550,9,3,2,N,N,,C/V\
591,137,1,ú,u,2585,9,3,2,Qux,Qux,où,/V\
592,137,2,l',l',2586,9,3,2,Det,Det,le,C/\
593,137,3,arche,arche,2587,9,3,2,N,N,,'/V\.C/(e)\
594,137,4,Deu,deu,2588,9,3,2,N,N,,C/V\
595,137,5,esteit,esteit,2589,9,3,2,Vfin,Vfin,être,/V\.'C/V\
596,138,1,é,e,2610,9,3,5,Crd,Crd,et,/V\
597,138,2,dist,dist,2611,9,3,5,Vfin,Vfin,dire,C/V\
598,138,3,:,:,2612,9,3,5,Pnc,Pnc,,
599,138,4,‘,‘,2613,9,3,5,Pnc,Pnc,,
600,138,5,Ci,ci,2614,9,3,5,Adv,Adv,ci,C/V\
601,138,6,sui,sui,2615,9,3,5,Vfin,Vfin,être,C/V\
602,138,7,venuz,venuz,2616,9,3,5,Vpp,Vpp,venir,C/V\.'C/V\
603,139,1,Nun,nun,2629,9,3,5,Neg,Neg$$,ne,C/V\
604,139,2,fis,fis,2630,9,3,5,Vfin,Vfin,faire,C/V\
605,139,3,",",",",2631,9,3,5,Pnc,Pnc,,
606,139,4,vá,va,2632,9,3,5,Vfin,Vfin,aller,C/V\
607,139,5,t',t',2633,9,3,5,Prn,Prn%%,te,C/\
608,139,6,en,en,2634,9,3,5,Prn,Prn%%,en2,/V\
609,139,7,dormir,dormir,2635,9,3,5,Vinf,Vinf,dormir,C/V\.'C/V\
610,140,1,de,de,2640,9,3,6,Pre,Pre,de,C/(e)\
611,140,2,rechief,rechief,2641,9,3,6,N,N,,C/V\.'C/V\
612,140,3,Samuel,samuel,2642,9,3,6,N,N,,C/V\.C/V\.'C/V\
613,141,1,Samuel,samuel,2642,9,3,6,N,N,,C/V\.C/V\.'C/V\
614,141,2,apela,apela,2643,9,3,6,Vfin,Vfin,appeler,/V\.C/e\.'C/V\
615,142,1,é,e,2645,9,3,6,Crd,Crd,et,/V\
616,142,2,Samuel,samuel,2646,9,3,6,N,N,,C/V\.C/V\.'C/V\
617,142,3,chalt,chalt,2647,9,3,6,Adj,Adj,chaud,C/V\
618,142,4,pas,pas,2648,9,3,6,N,N,,C/V\
619,143,1,leva,leva,2649,9,3,6,Vfin,Vfin,lever,C/V\.'C/V\
620,143,2,",",",",2650,9,3,6,Pnc,Pnc,,
621,143,3,vint,vint,2651,9,3,6,Vfin,Vfin,venir,C/V\
622,143,4,a,a,2652,9,3,6,Pre,Pre,à,/V\
623,143,5,l',l',2653,9,3,6,Det,Det,le,C/\
624,143,6,evesche,evesche,2654,9,3,6,N,N,,/V\.'C/V\.C/(e)\
625,144,1,ne,ne,2661,9,3,7,Neg,Neg$$,ne,C/(e)\
626,144,2,fud,fud,2662,9,3,7,Vfin,Vfin,être,C/V\
627,144,3,encore,encore,2663,9,3,7,Adv,Adv,encore,/V\.'C/V\.C/(e)\
628,144,4,á,a,2664,9,3,7,Pre,Pre,à,/V\
629,144,5,Deu,deu,2665,9,3,7,N,N,,C/V\
630,145,1,ne,ne,2668,9,3,7,Crd,Crd,ne2,C/(e)\
631,145,2,la,la,2669,9,3,7,Det,Det,le,C/V\
632,145,3,parole,parole,2670,9,3,7,N,N,,C/V\.'C/V\.C/(e)\
633,145,4,Deu,deu,2671,9,3,7,N,N,,C/V\
634,146,1,Respundi,respundi,2677,9,3,7,Vfin,Vfin,répondre,C/V\.C/V\.'C/V\
635,146,2,li,li,2678,9,3,7,Det,Det,le,C/V\
636,146,3,evesches,evesches,2679,9,3,7,N,N,,/V\.'C/V\.C/e\
637,147,1,Samuel,samuel,2696,9,3,8,N,N,,C/V\.C/V\.'C/V\
638,147,2,apela,apela,2697,9,3,8,Vfin,Vfin,appeler,/V\.C/e\.'C/V\
639,148,1,á,a,2702,9,3,8,Pre,Pre,à,/V\
640,148,2,Hely,hely,2703,9,3,8,N,N,,/V\.'C/V\
641,148,3,Samuel,samuel,2704,9,3,8,N,N,,C/V\.C/V\.'C/V\
642,149,1,Samuel,samuel,2704,9,3,8,N,N,,C/V\.C/V\.'C/V\
643,149,2,returna,returna,2705,9,3,8,Vfin,Vfin,retourner,C/V\.C/V\.'C/V\
644,150,1,que,que,2726,9,3,9,Sub,Sub,que,C/(e)\
645,150,2,Deu,deu,2727,9,3,9,N,N,,C/V\
646,150,3,out,out,2728,9,3,9,Vfin,Vfin,avoir,/V\
647,150,4,Samuel,samuel,2729,9,3,9,N,N,,C/V\.C/V\.'C/V\
648,151,1,t',t',2746,9,3,9,Prn,Prn$$,te,C/\
649,151,2,apele,apele,2747,9,3,9,Vfin,Vfin,appeler,/V\.'C/V\.C/(e)\
650,151,3,mais,mais,2748,9,3,9,Adv,Adv,mais,C/V\
651,151,4,",",",",2749,9,3,9,Pnc,Pnc,,
652,151,5,respund,respund,2750,9,3,9,Vfin,Vfin,répondre,C/V\.'C/V\
653,152,1,respund,respund,2750,9,3,9,Vfin,Vfin,répondre,C/V\.'C/V\
654,152,2,:,:,2751,9,3,9,Pnc,Pnc,,
655,152,3,«,«,2752,9,3,9,Pnc,Pnc,,
656,152,4,Parole,parole,2753,9,3,9,Vfin,Vfin,parler,C/V\.'C/V\.C/(e)\
657,152,5,",",",",2754,9,3,9,Pnc,Pnc,,
658,152,6,Sire,sire,2755,9,3,9,N,N,,'C/V\.C/(e)\
659,153,1,returna,returna,2769,9,3,9,Vfin,Vfin,retourner,C/V\.C/V\.'C/V\
660,153,2,é,e,2770,9,3,9,Crd,Crd,et,/V\
661,153,3,dormí,dormi,2771,9,3,9,Vfin,Vfin,dormir,C/V\.'C/V\
662,154,1,Samuel,samuel,2781,9,3,10,N,N,,C/V\.C/V\.'C/V\
663,154,2,!,!,2782,9,3,10,Pnc,Pnc,,
664,154,3,Samuel,samuel,2783,9,3,10,N,N,,C/V\.C/V\.'C/V\
665,155,1,á,a,2825,9,3,11,Pre,Pre,à,/V\
666,155,2,celui,celui,2826,9,3,11,Dem,Dem,cil,C/V\.'C/V\
667,155,3,qui,qui,2827,9,3,11,Qux,Qux,qui,C/V\
668,155,4,l',l',2828,9,3,11,Prn,Prn$$,le,C/\
669,155,5,orrad,orrad,2829,9,3,11,Vfin,Vfin,ouïr,/V\.'C/V\
670,156,1,é,e,2852,9,3,12,Crd,Crd,et,/V\
671,156,2,si,si,2853,9,3,12,Adv,Adv,si4,C/V\
672,156,3,l',l',2854,9,3,12,Prn,Prn$$,le,C/\
673,156,4,assummerai,assummerai,2855,9,3,12,Vfin,Vfin,,/V\.C/V\.C/e\.'C/V\
674,157,1,É,e,2886,9,3,14,Crd,Crd,et,/V\
675,157,2,pur,pur,2887,9,3,14,Pre,Pre,pour,C/V\
676,157,3,çó,ço,2888,9,3,14,Prn,Prn,ce,C/V\
677,157,4,ai,ai,2889,9,3,14,Vfin,Vfin,avoir,/V\
678,157,5,juré,juré,2890,9,3,14,Vpp,Vpp,jurer,C/V\.'C/V\
679,158,1,que,que,2896,9,3,14,Sub,Sub,que,C/(e)\
680,158,2,la,la,2897,9,3,14,Det,Det,le,C/V\
681,158,3,iniquite,iniquité,2898,9,3,14,N,N,,/V\.C/V\.C/V\.'C/V\
682,159,1,é,e,2918,9,3,15,Crd,Crd,et,/V\
683,159,2,cremeit,cremeit,2919,9,3,15,Vfin,Vfin,craindre,C/V\.'C/V\
684,159,3,á,a,2920,9,3,15,Pre,Pre,à,/V\
685,159,4,mustrer,mustrer,2921,9,3,15,Vinf,Vinf,montrer,C/V\.'C/V\
686,160,1,Mais,mais,2927,9,3,16,Crd,Crd,mais,C/V\
687,160,2,Hely,hely,2928,9,3,16,N,N,,/V\.'C/V\
688,160,3,l',l',2929,9,3,16,Prn,Prn$$,le,C/\
689,160,4,apela,apela,2930,9,3,16,Vfin,Vfin,appeler,/V\.C/e\.'C/V\
690,161,1,bel,bel,2939,9,3,16,Adj,Adj,beau,C/V\
691,161,2,fiz,fiz,2940,9,3,16,N,N,,C/V\
692,161,3,",",",",2941,9,3,16,Pnc,Pnc,,
693,161,4,quele,quele,2942,9,3,16,Qux,Qux,quel,'C/V\.C/(e)\
694,161,5,parole,parole,2943,9,3,16,N,N,,C/V\.'C/V\.C/(e)\
695,162,1,É,e,2961,9,3,16,Crd,Crd,et,/V\
696,162,2,si,si,2962,9,3,16,Sub,Sub,si3,C/V\
697,162,3,tu,tu,2963,9,3,16,Prn,Prn$,tu,C/V\
698,162,4,le,le,2964,9,3,16,Prn,Prn$$,le,C/(e)\
699,162,5,me,me,2965,9,3,16,Prn,Prn$$,me,C/(e)\
700,162,6,céiles,ceiles,2966,9,3,16,Vfin,Vfin,,'C/V\.C/e\
701,163,1,vienge,vienge,2970,9,3,16,Vfin,Vfin,venir,'C/V\.C/(e)\
702,163,2,sur,sur,2971,9,3,16,PrA,PrA,sur,C/V\
703,163,3,tei,tei,2972,9,3,16,Prn,Prn,toi,C/V\
704,163,4,que,que,2973,9,3,16,Sub,Sub,que,C/(e)\
705,163,5,Deu,deu,2974,9,3,16,N,N,,C/V\
706,164,1,respundi,respundi,2994,9,3,18,Vfin,Vfin,répondre,C/V\.C/V\.'C/V\
707,164,2,:,:,2995,9,3,18,Pnc,Pnc,,
708,164,3,‘,‘,2996,9,3,18,Pnc,Pnc,,
709,164,4,Sires,sires,2997,9,3,18,N,N,,'C/V\.C/e\
710,164,5,est,est,2998,9,3,18,Vfin,Vfin,être,/V\
711,165,1,Il,il,3000,9,3,18,Prn,Prn$,il,/V\
712,165,2,frad,frad,3001,9,3,18,Vfin,Vfin,faire,C/V\
713,165,3,que,que,3002,9,3,18,Qux,Qux,que,C/(e)\
714,165,4,bon,bon,3003,9,3,18,Adj,Adj,bon,C/V\
715,165,5,li,li,3004,9,3,18,Prn,Prn$$,li,C/V\
716,165,6,iert,iert,3005,9,3,18,Vfin,Vfin,être,/V\
717,166,1,É,e,3014,9,3,19,Crd,Crd,et,/V\
718,166,2,Deus,deus,3015,9,3,19,N,N,,C/V\
719,166,3,fud,fud,3016,9,3,19,Vfin,Vfin,être,C/V\
720,166,4,ovec,ovec,3017,9,3,19,PrA,PrA,avec,/V\.'C/V\
721,166,5,li,li,3018,9,3,19,Prn,Prn,li,C/V\
722,167,1,de,de,3034,9,3,20,Pre,Pre,de,C/(e)\
723,167,2,Israel,israel,3035,9,3,20,N,N,,/V\.C/V\.'C/V\
724,167,3,",",",",3036,9,3,20,Pnc,Pnc,,
725,167,4,des,dés,3037,9,3,20,Pre,Pre,dès,C/V\
726,167,5,Dan,dan,3038,9,3,20,N,N,,C/V\
727,168,1,cunut,cunut,3043,9,3,20,Vfin,Vfin,connaître,C/V\.'C/V\
728,168,2,que,que,3044,9,3,20,Sub,Sub,que,C/(e)\
729,168,3,Samuel,samuel,3045,9,3,20,N,N,,C/V\.C/V\.'C/V\
730,169,1,se,se,3061,9,3,21,Prn,Prn$$,se,C/(e)\
731,169,2,fud,fud,3062,9,3,21,Vfin,Vfin,être,C/V\
732,169,3,á,a,3063,9,3,21,Pre,Pre,à,/V\
733,169,4,Samuel,samuel,3064,9,3,21,N,N,,C/V\.C/V\.'C/V\
