wd_id,line_id,linewd,word,lex_id,old_wd_id,page_id,syntag,syntag2,lemma,syllabified
1,1,1,en,en,5,1022,Pre,Pre,en,/V\
2,1,2,la,la,6,1022,Det,Det,le,C/V\
3,1,3,court,court,7,1022,N,N,,C/V\
4,1,4,de,de,8,1022,Pre,Pre,de,C/(e)\
5,1,5,la,la,9,1022,Det,Det,le,C/V\
6,1,6,royne,royne,10,1022,N,N,,C/(V)\.'/V\.C/(e)\
7,2,1,femme,femme,15,1022,N,N,,'C/V\.C/(e)\
8,2,2,dudit,dudit,16,1022,Pre+Dem,Pre+Dem,de.ledit,C/V\.'C/V\
9,2,3,roy,roy,17,1022,N,N,,C/V\
10,2,4,Jehan,jehan,18,1022,N,N,,C/(V)\.'/V\
11,3,1,qui,qui,26,1022,Qux,Qux,qui,C/V\
12,3,2,des,des,27,1022,Pre+Det,Pre+Det,de.le,C/V\
13,3,3,Belles,belles,28,1022,Adj,Adj,beau,'C/V\.C/e\
14,3,4,Cousines,cousines,29,1022,N,N,,C/V\.'C/V\.C/e\
15,4,1,onques,onques,56,1022,Adv,Adv,onques,'/V\.C/e\
16,4,2,puis,puis,57,1022,PrA,PrA,puis,C/V\
17,4,3,le,le,58,1022,Det,Det,le,C/(e)\
18,4,4,trespas,trespas,59,1022,N,N,,C/V\.'C/V\
19,5,1,pour,pour,66,1022,Pre,Pre,pour,C/V\
20,5,2,quelque,quelque,67,1022,QIs,QIs,quelque,'C/V\.C/(e)\
21,5,3,occasion,occasion,68,1022,N,N,,/V\.C/V\.C/{V}\.'/V\
22,6,1,vouloit,vouloit,134,1022,Vfin,Vfin,vouloir,C/V\.'C/V\
23,6,2,les,les,135,1022,Det,Det,le,C/V\
24,6,3,anciennes,anciennes,136,1022,Adj,Adj,,/V\.C/{V}\.'/V\.C/e\
25,7,1,disent,disent,145,1022,Vfin,Vfin,dire,'C/V\.C/e\
26,7,2,que,que,146,1022,Sub,Sub,que,C/(e)\
27,7,3,les,les,147,1022,Det,Det,le,C/V\
28,7,4,Romains,romains,148,1022,Adj,Adj,,C/V\.'C/V\
29,8,1,Et,et,201,1022,Crd,Crd,et,/V\
30,8,2,de,de,202,1022,Pre,Pre,de,C/(e)\
31,8,3,ce,ce,203,1022,Prn,Prn,ce,C/(e)\
32,8,4,dit,dit,204,1022,Vfin,Vfin,dire,C/V\
33,8,5,l',l',205,1022,Det,Det,le,C/\
34,8,6,Appostre,appostre,206,1022,N,N,,/V\.'C/V\.C/(e)\
35,9,1,ne,ne,228,1022,Neg,Neg$$,ne,C/(e)\
36,9,2,sont,sont,229,1022,Vfin,Vfin,être,C/V\
37,9,3,pas,pas,230,1022,Neg,Neg,pas,C/V\
38,9,4,droictes,droictes,231,1022,Adj,Adj,droit2,'C/V\.C/e\
39,9,5,vesves,vesves,232,1022,Adj,Adj,,'C/V\.C/e\
40,10,1,de,de,272,1022,Pre,Pre,de,C/(e)\
41,10,2,Dieu,dieu,273,1022,N,N,,C/V\
42,10,3,ne,ne,274,1022,Crd,Crd,ne2,C/(e)\
43,10,4,pour,pour,275,1022,Pre,Pre,pour,C/V\
44,10,5,l',l',276,1022,Det,Det,le,C/\
45,10,6,amour,amour,277,1022,N,N,,/V\.'C/V\
46,11,1,si,si,300,1023,Adv,Adv,si4,C/V\
47,11,2,comme,comme,301,1023,Sub,Sub,comme,'C/V\.C/(e)\
48,11,3,dit,dit,302,1023,Vfin,Vfin,dire,C/V\
49,11,4,Virgilles,virgilles,303,1023,N,N,,C/V\.'C/V\.C/e\
50,12,1,Lequel,lequel,310,1023,Qux,Qux,lequel,C/V\.'C/V\
51,12,2,Ennee,ennee,311,1023,N,N,,/V\.'C/V\./(e)\
52,12,3,tant,tant,312,1023,QIs,QIs,tant,C/V\
53,13,1,mais,mais,320,1023,Crd,Crd,mais,C/V\
54,13,2,Dido,dido,321,1023,N,N,,C/V\.'C/V\
55,13,3,de,de,322,1023,Pre,Pre,de,C/(e)\
56,13,4,s',s',323,1023,Det,Det,son4,C/\
57,13,5,amour,amour,324,1023,N,N,,/V\.'C/V\
58,14,1,car,car,329,1023,Crd,Crd,car,C/V\
59,14,2,tant,tant,330,1023,QIs,QIs,tant,C/V\
60,14,3,avoit,avoit,331,1023,Vfin,Vfin,avoir,/V\.'C/V\
61,14,4,amé,amé,332,1023,Vpp,Vpp,aimer,/V\.'C/V\
62,15,1,et,et,333,1023,Crd,Crd,et,/V\
63,15,2,encores,encores,334,1023,Adv,Adv,encore,/V\.'C/V\.C/e\
64,15,3,amoit,amoit,335,1023,Vfin,Vfin,aimer,/V\.'C/V\
65,16,1,Et,et,348,1023,Crd,Crd,et,/V\
66,16,2,a,a,349,1023,Pre,Pre,à,/V\
67,16,3,Anne,anne,350,1023,N,N,,'/V\.C/(e)\
68,16,4,sa,sa,351,1023,Det,Det,son4,C/V\
69,16,5,seur,seur,352,1023,N,N,,C/V\
70,17,1,Duquel,duquel,369,1023,Pre+Qux,Pre+Qux,duquel,C/V\.'C/V\
71,17,2,vers,vers,370,1023,N,N,,C/V\
72,17,3,la,la,371,1023,Det,Det,le,C/V\
73,17,4,sentence,sentence,372,1023,N,N,,C/V\.'C/V\.C/(e)\
74,18,1,ou,ou,438,1023,Crd,Crd,ou,/V\
75,18,2,le,le,439,1023,Det,Det,le,C/(e)\
76,18,3,palis,palis,440,1023,N,N,,C/V\.'C/V\
77,18,4,de,de,441,1023,Pre,Pre,de,C/(e)\
78,18,5,l',l',442,1023,Det,Det,le,C/\
79,18,6,ost,ost,443,1023,N,N,,/V\
80,19,1,de,de,441,1023,Pre,Pre,de,C/(e)\
81,19,2,l',l',442,1023,Det,Det,le,C/\
82,19,3,ost,ost,443,1023,N,N,,/V\
83,19,4,aux,aux,444,1023,Pre+Det,Pre+Det,à.le,/V\
84,19,5,ennemis,ennemis,445,1023,N,N,,/V\.C/e\.'C/V\
85,20,1,de,de,527,1024,Pre,Pre,de,C/(e)\
86,20,2,chasteté,chasteté,528,1024,N,N,,C/V\.C/e\.'C/V\
87,20,3,emprinse,emprinse,529,1024,Vpp,Vpp,emprendre,/V\.'C/V\.C/(e)\
88,21,1,qui,qui,531,1024,Qux,Qux,qui,C/V\
89,21,2,estoient,estoient,532,1024,Vfin,Vfin,être,/V\.'C/V\./e\
90,21,3,trop,trop,533,1024,Adv,Adv,trop,C/V\
91,21,4,plus,plus,534,1024,Adv,Adv,plus,C/V\
92,22,1,en,en,596,1024,Pre,Pre,en,/V\
93,22,2,la,la,597,1024,Prn,Prn$$,le,C/V\
94,22,3,reconfortant,reconfortant,598,1024,Vprs,Vprs,,C/V\.C/V\.C/V\.'C/V\
95,23,1,jour,jour,625,1024,N,N,,C/V\
96,23,2,que,que,626,1024,Qux,Qux,que,C/(e)\
97,23,3,elle,elle,627,1024,Prn,Prn$,elle,'/V\.C/(e)\
98,23,4,morroit,morroit,628,1024,Vfin,Vfin,mourir,C/V\.'C/V\
99,24,1,ne,ne,641,1024,Neg,Neg$$,ne,C/(e)\
100,24,2,cessoit,cessoit,642,1024,Vfin,Vfin,,C/V\.'C/V\
101,24,3,de,de,643,1024,Pre,Pre,de,C/(e)\
102,24,4,plourer,plourer,644,1024,Vinf,Vinf,pleurer,C/V\.'C/V\
103,25,1,jamaiz,jamaiz,742,1025,Adv,Adv,jamais,C/V\.'C/V\
104,25,2,mon,mon,743,1025,Det,Det,mon,C/V\
105,25,3,cœur,cœur,744,1025,N,N,,C/V\
106,25,4,",",",",745,1025,Pnc,Pnc,,
107,25,5,pour,pour,746,1025,Pre,Pre,pour,C/V\
108,25,6,doubte,doubte,747,1025,N,N,,'C/V\.C/(e)\
109,26,1,pour,pour,746,1025,Pre,Pre,pour,C/V\
110,26,2,doubte,doubte,747,1025,N,N,,'C/V\.C/(e)\
111,26,3,de,de,748,1025,Pre,Pre,de,C/(e)\
112,26,4,le,le,749,1025,Prn,Prn$,le,C/(e)\
113,26,5,perdre,perdre,750,1025,Vinf,Vinf,perdre,'C/V\.C/(e)\
114,27,1,mect,mect,791,1025,Vfin,Vfin,mettre,C/V\
115,27,2,ledit,ledit,792,1025,Dem,Dem,ledit,C/e\.'C/V\
116,27,3,benoit,benoit,793,1025,Adj,Adj,,C/V\.'C/V\
117,27,4,saint,saint,794,1025,Adj,Adj,saint,C/V\
118,28,1,desquelz,desquelz,796,1025,Pre+Qux,Pre+Qux,duquel,C/V\.'C/V\
119,28,2,je,je,797,1025,Prn,Prn$,je,C/(e)\
120,28,3,me,me,798,1025,Prn,Prn$$,me,C/(e)\
121,28,4,delaisse,delaisse,799,1025,Vfin,Vfin,délaisser,C/V\.'C/V\.C/(e)\
122,29,1,car,car,801,1025,Crd,Crd,car,C/V\
123,29,2,la,la,802,1025,Adv,Adv,là,C/V\
124,29,3,les,les,803,1025,Prn,Prn$$,le,C/V\
125,29,4,porra,porra,804,1025,Vfin,Vfin,pouvoir2,C/V\.'C/V\
126,29,5,veoir,veoir,805,1025,Vinf,Vinf,voir,C/(V)\.'/V\
127,30,1,Entre,entre,809,1025,PrA,PrA,entre,'/V\.C/(e)\
128,30,2,lesquelx,lesquelx,810,1025,Qux,Qux,lequel,C/V\.'C/V\
129,30,3,exemples,exemples,811,1025,N,N,,/V\.'C/V\.C/e\
130,31,1,C',c',831,1025,Prn,Prn,ce,C/\
131,31,2,est,est,832,1025,Vfin,Vfin,être,/V\
132,31,3,d',d',833,1025,Pre,Pre,de,C/\
133,31,4,une,une,834,1025,QIs,QIs,un,'/V\.C/(e)\
134,31,5,femme,femme,835,1025,N,N,,'C/V\.C/(e)\
135,31,6,a,a,836,1025,Pre,Pre,à,/V\
136,31,7,Romme,romme,837,1025,N,N,,'C/V\.C/(e)\
137,32,1,qui,qui,866,1025,Qux,Qux,qui,C/V\
138,32,2,avoit,avoit,867,1025,Vfin,Vfin,avoir,/V\.'C/V\
139,32,3,espousé,espousé,868,1025,Vpp,Vpp,,/V\.C/V\.'C/V\
140,33,1,et,et,893,1025,Crd,Crd,et,/V\
141,33,2,joye,joye,894,1025,N,N,,'C/V\./(e)\
142,33,3,",",",",895,1025,Pnc,Pnc,,
143,33,4,desirans,desirans,896,1025,Vprs,Vprs,désirer,C/V\.C/V\.'C/V\
144,34,1,veoir,veoir,897,1025,Vinf,Vinf,voir,C/(V)\.'/V\
145,34,2,lequel,lequel,898,1025,Qux,Qux,lequel,C/V\.'C/V\
146,34,3,de,de,899,1025,Pre,Pre,de,C/(e)\
147,34,4,eulx,eulx,900,1025,Prn,Prn,eux,/V\
148,34,5,deux,deux,901,1025,QIs,QIs,deux,C/V\
149,35,1,Sy,sy,904,1025,Adv,Adv,si4,C/V\
150,35,2,advint,advint,905,1026,Vfin,Vfin,avenir,/V\.'C/V\
151,35,3,que,que,906,1026,Sub,Sub,que,C/(e)\
152,35,4,la,la,907,1026,Det,Det,le,C/V\
153,35,5,femme,femme,908,1026,N,N,,'C/V\.C/(e)\
154,36,1,Et,et,948,1026,Crd,Crd,et,/V\
155,36,2,sur,sur,949,1026,PrA,PrA,sur,C/V\
156,36,3,son,son,950,1026,Det,Det,son4,C/V\
157,36,4,chief,chief,951,1026,N,N,,C/V\
158,36,5,",",",",952,1026,Pnc,Pnc,,
159,36,6,en,en,953,1026,Pre,Pre,en,/V\
160,36,7,signe,signe,954,1026,N,N,,'C/V\.C/(e)\
161,37,1,en,en,953,1026,Pre,Pre,en,/V\
162,37,2,signe,signe,954,1026,N,N,,'C/V\.C/(e)\
163,37,3,de,de,955,1026,Pre,Pre,de,C/(e)\
164,37,4,grant,grant,956,1026,Adj,Adj,grand,C/V\
165,37,5,joye,joye,957,1026,N,N,,'C/V\./(e)\
166,38,1,lui,lui,959,1026,Prn,Prn$$,lui,C/V\
167,38,2,misrent,misrent,960,1026,Vfin,Vfin,mettre,'C/V\.C/e\
168,38,3,ung,ung,961,1026,QIs,QIs,un,/V\
169,38,4,chappel,chappel,962,1026,N,N,,C/V\.'C/V\
170,39,1,et,et,1018,1026,Crd,Crd,et,/V\
171,39,2,du,du,1019,1026,Pre+Det,Pre+Det,de.le,C/V\
172,39,3,petit,petit,1020,1026,Adj,Adj,petit,C/V\.'C/V\
173,39,4,Saintré,saintré,1021,1026,N,N,,C/V\.'C/V\
174,40,1,pour,pour,1033,1027,Pre,Pre,pour,C/V\
175,40,2,quelque,quelque,1034,1027,QIs,QIs,quelque,'C/V\.C/(e)\
176,40,3,occasion,occasion,1035,1027,N,N,,/V\.C/V\.C/{V}\.'/V\
177,41,1,ce,ce,1049,1027,Prn,Prn,ce,C/(e)\
178,41,2,",",",",1050,1027,Pnc,Pnc,,
179,41,3,elle,elle,1051,1027,Prn,Prn$,elle,'/V\.C/(e)\
180,41,4,ayant,ayant,1052,1027,Vprs,Vprs,avoir,/V\.'C/V\
181,41,5,son,son,1053,1027,Det,Det,son4,C/V\
182,41,6,cœur,cœur,1054,1027,N,N,,C/V\
183,42,1,en,en,1055,1027,Pre,Pre,en,/V\
184,42,2,diverses,diverses,1056,1027,QIs,QIs,divers,C/V\.'C/V\.C/e\
185,42,3,penssees,penssees,1057,1027,N,N,,C/V\.'C/V\./e\
186,43,1,et,et,1084,1027,Crd,Crd,et,/V\
187,43,2,en,en,1085,1027,Pre,Pre,en,/V\
188,43,3,celle,celle,1086,1027,Dem,Dem,cil,'C/V\.C/(e)\
189,43,4,pensee,pensee,1087,1027,N,N,,C/V\.'C/V\./(e)\
190,44,1,et,et,1113,1027,Crd,Crd,et,/V\
191,44,2,enfans,enfans,1114,1027,N,N,,/V\.'C/V\
192,44,3,de,de,1115,1027,Pre,Pre,de,C/(e)\
193,44,4,la,la,1116,1027,Det,Det,le,C/V\
194,44,5,court,court,1117,1027,N,N,,C/V\
195,45,1,ung,ung,1122,1027,QIs,QIs,un,/V\
196,45,2,le,le,1123,1027,Det,Det,le,C/(e)\
197,45,3,plus,plus,1124,1027,Adv,Adv,plus,C/V\
198,45,4,a,a,1125,1027,Pre,Pre,à,/V\
199,45,5,son,son,1126,1027,Det,Det,son4,C/V\
200,45,6,gré,gré,1127,1027,N,N,,C/V\
201,46,1,sur,sur,1133,1027,PrA,PrA,sur,C/V\
202,46,2,le,le,1134,1027,Det,Det,le,C/(e)\
203,46,3,petit,petit,1135,1027,Adj,Adj,petit,C/V\.'C/V\
204,46,4,Saintré,saintré,1136,1027,N,N,,C/V\.'C/V\
205,47,1,touchast,touchast,1186,1027,Vfin,Vfin,,C/V\.'C/V\
206,47,2,ne,ne,1187,1027,Neg,Neg$$,ne,C/(e)\
207,47,3,s',s',1188,1027,Prn,Prn$$,se,C/\
208,47,4,en,en,1189,1027,Prn,Prn$$,en2,/V\
209,47,5,osoit,osoit,1190,1027,Vfin,Vfin,oser,/V\.'C/V\
210,48,1,avoit,avoit,1219,1027,Vfin,Vfin,avoir,/V\.'C/V\
211,48,2,mis,mis,1220,1027,Vpp,Vpp,mettre,C/V\
212,48,3,a,a,1221,1027,Pre,Pre,à,/V\
213,48,4,dormir,dormir,1222,1027,Vinf,Vinf,dormir,C/V\.'C/V\
214,49,1,avec,avec,1230,1027,PrA,PrA,avec,/V\.'C/V\
215,49,2,ses,ses,1231,1027,Det,Det,son4,C/V\
216,49,3,escuiers,escuiers,1232,1027,N,N,,/V\.C/V\.'C/V\
217,50,1,dames,dames,1234,1027,N,N,,'C/V\.C/e\
218,50,2,et,et,1235,1027,Crd,Crd,et,/V\
219,50,3,damoiselles,damoiselles,1236,1027,N,N,,C/V\.C/V\.'C/V\.C/e\
220,51,1,de,de,1266,1027,Pre,Pre,de,C/(e)\
221,51,2,Madame,madame,1267,1027,N,N,,C/V\.'C/V\.C/(e)\
222,51,3,passer,passer,1268,1027,Vinf,Vinf,passer,C/V\.'C/V\
223,52,1,Est,est,1307,1027,Vfin,Vfin,être,/V\
224,52,2,ce,ce,1308,1027,Prn,Prn,ce,C/(e)\
225,52,3,la,la,1309,1027,Det,Det,le,C/V\
226,52,4,contenence,contenence,1310,1027,N,N,,C/V\.C/e\.'C/V\.C/(e)\
227,53,1,d',d',1311,1027,Pre,Pre,de,C/\
228,53,2,un,un,1312,1027,QIs,QIs,un,/V\
229,53,3,escuier,escuier,1313,1027,N,N,,/V\.C/V\.'C/V\
230,53,4,de,de,1314,1027,Pre,Pre,de,C/(e)\
231,53,5,bien,bien,1315,1027,N,N,bien,C/V\
232,54,1,que,que,1317,1027,Sub,Sub,que,C/(e)\
233,54,2,de,de,1318,1027,Pre,Pre,de,C/(e)\
234,54,3,non,non,1319,1027,Neg,Neg,ne,C/V\
235,54,4,convoier,convoier,1320,1027,Vinf,Vinf,convoyer,C/V\.C/V\.'C/V\
236,55,1,Or,or,1324,1027,Adv,Adv,or2,/V\
237,55,2,ça,ça,1325,1027,Adv,Adv,çà,C/V\
238,55,3,",",",",1326,1027,Pnc,Pnc,,
239,55,4,maistre,maistre,1327,1027,N,N,,'C/V\.C/(e)\
240,55,5,",",",",1328,1027,Pnc,Pnc,,
241,55,6,passez,passez,1329,1027,Vfin,Vfin,passer,C/V\.'C/V\
242,56,1,et,et,1330,1027,Crd,Crd,et,/V\
243,56,2,vous,vous,1331,1027,Prn,Prn$$,vous,C/V\
244,56,3,mettez,mettez,1332,1027,Vfin,Vfin,mettre,C/V\.'C/V\
245,56,4,devant,devant,1333,1027,PrA,PrA,devant,C/V\.'C/V\
246,57,1,dist,dist,1430,1027,Vfin,Vfin,dire,C/V\
247,57,2,dame,dame,1431,1027,N,N,,'C/V\.C/(e)\
248,57,3,Katerine,katerine,1432,1027,N,N,,C/V\.C/e\.'C/V\.C/(e)\
249,58,1,et,et,1477,1027,Crd,Crd,et,/V\
250,58,2,nous,nous,1478,1027,Prn,Prn$$,nous,C/V\
251,58,3,laissiez,laissiez,1479,1027,Vfin,Vfin,laisser,C/V\.'C/V\
252,58,4,icy,icy,1480,1027,Adv,Adv,ici,/V\.'C/V\
253,59,1,chacun,chacun,1487,1027,QIs,QIs,chacun,C/V\.'C/V\
254,59,2,sailli,sailli,1488,1027,Vfin,Vfin,,C/V\.'C/V\
255,59,3,dehors,dehors,1489,1027,PrA,PrA,dehors,C/V\.'C/V\
256,60,1,et,et,1491,1027,Crd,Crd,et,/V\
257,60,2,le,le,1492,1027,Det,Det,le,C/(e)\
258,60,3,petit,petit,1493,1027,Adj,Adj,petit,C/V\.'C/V\
259,60,4,Saintré,saintré,1494,1027,N,N,,C/V\.'C/V\
260,61,1,a,a,1495,1027,Pre,Pre,à,/V\
261,61,2,genoulz,genoulz,1496,1027,N,N,,C/V\.'C/V\
262,61,3,prent,prent,1497,1027,Vfin,Vfin,prendre,C/V\
263,61,4,congié,congié,1498,1027,N,N,,C/V\.'C/V\
264,62,1,vous,vous,1518,1027,Prn,Prn$,vous,C/V\
265,62,2,n',n',1519,1027,Neg,Neg$$,ne,C/\
266,62,3,estes,estes,1520,1027,Vfin,Vfin,être,'/V\.C/e\
267,62,4,pas,pas,1521,1027,Neg,Neg,pas,C/V\
268,62,5,au,au,1522,1027,Pre+Det,Pre+Det,à.le,/V\
269,62,6,compte,compte,1523,1027,N,N,,'C/V\.C/(e)\
270,63,1,assise,assise,1543,1027,Vpp,Vpp,asseoir,/V\.'C/V\.C/(e)\
271,63,2,sur,sur,1544,1027,PrA,PrA,sur,C/V\
272,63,3,les,les,1545,1027,Det,Det,le,C/V\
273,63,4,piez,piez,1546,1027,N,N,,C/V\
274,64,1,de,de,1569,1027,Pre,Pre,de,C/(e)\
275,64,2,toutes,toutes,1570,1027,QIs,QIs,tout,'C/V\.C/e\
276,64,3,ses,ses,1571,1027,Det,Det,son4,C/V\
277,64,4,demandes,demandes,1572,1027,N,N,,C/V\.'C/V\.C/e\
278,65,1,Las,las,1603,1029,Adj,Adj,las,C/V\
279,65,2,!,!,1604,1029,Pnc,Pnc,,
280,65,3,et,et,1605,1029,Crd,Crd,et,/V\
281,65,4,que,que,1606,1029,Qux,Qux,que,C/(e)\
282,65,5,ay,ay,1607,1029,Vfin,Vfin,avoir,/V\
283,65,6,je,je,1608,1029,Prn,Prn%,je,C/(e)\
284,65,7,fait,fait,1609,1029,Vpp,Vpp,faire,C/V\
285,66,1,ne,ne,1611,1029,Crd,Crd,ne2,C/(e)\
286,66,2,que,que,1612,1029,Qux,Qux,que,C/(e)\
287,66,3,sera,sera,1613,1029,Vfin,Vfin,être,C/V\.'C/V\
288,66,4,ce,ce,1614,1029,Prn,Prn,ce,C/(e)\
289,66,5,cy,cy,1615,1029,Adv,Adv,ci,C/V\
290,67,1,Et,et,1618,1029,Crd,Crd,et,/V\
291,67,2,en,en,1619,1029,Pre,Pre,en,/V\
292,67,3,ces,ces,1620,1029,Dem,Dem,cist,C/V\
293,67,4,penssemens,penssemens,1621,1029,N,N,,C/V\.C/e\.'C/V\
294,68,1,Madame,madame,1623,1029,N,N,,C/V\.'C/V\.C/(e)\
295,68,2,en,en,1624,1029,Pre,Pre,en,/V\
296,68,3,sousriant,sousriant,1625,1029,Vprs,Vprs,sourire,C/V\.C/V\.'C/V\
297,69,1,a,a,1626,1029,Pre,Pre,à,/V\
298,69,2,ses,ses,1627,1029,Det,Det,son4,C/V\
299,69,3,femmes,femmes,1628,1029,N,N,,'C/V\.C/e\
300,69,4,lui,lui,1629,1029,Prn,Prn$$,lui,C/V\
301,69,5,dist,dist,1630,1029,Vfin,Vfin,dire,C/V\
302,70,1,de,de,1673,1029,Pre,Pre,de,C/(e)\
303,70,2,dame,dame,1674,1029,N,N,,'C/V\.C/(e)\
304,70,3,par,par,1675,1029,Pre,Pre,par,C/V\
305,70,4,amours,amours,1676,1029,N,N,,/V\.'C/V\
306,71,1,les,les,1688,1029,Det,Det,le,C/V\
307,71,2,yeulx,yeulx,1689,1029,N,N,,C/V\
308,71,3,lui,lui,1690,1029,Prn,Prn$$,lui,C/V\
309,71,4,larmoiant,larmoiant,1691,1029,Vprs,Vprs,,C/V\.C/V\.'C/V\
310,72,1,lui,lui,1690,1029,Prn,Prn$$,lui,C/V\
311,72,2,larmoiant,larmoiant,1691,1029,Vprs,Vprs,,C/V\.C/V\.'C/V\
312,72,3,",",",",1692,1029,Pnc,Pnc,,
313,72,4,le,le,1693,1029,Det,Det,le,C/(e)\
314,72,5,ceur,ceur,1694,1029,N,N,,C/V\
315,73,1,et,et,1697,1029,Crd,Crd,et,/V\
316,73,2,le,le,1698,1029,Det,Det,le,C/(e)\
317,73,3,viz,viz,1699,1029,N,N,,C/V\
318,73,4,lui,lui,1700,1029,Prn,Prn$$,lui,C/V\
319,73,5,pallist,pallist,1701,1029,Vfin,Vfin,,C/V\.'C/V\
320,74,1,Et,et,1720,1029,Crd,Crd,et,/V\
321,74,2,que,que,1721,1029,Qux,Qux,que,C/(e)\
322,74,3,est,est,1722,1029,Vfin,Vfin,être,/V\
323,74,4,ce,ce,1723,1029,Prn,Prn,ce,C/(e)\
324,74,5,cy,cy,1724,1029,Adv,Adv,ci,C/V\
325,74,6,",",",",1725,1029,Pnc,Pnc,,
326,74,7,maistre,maistre,1726,1029,N,N,,'C/V\.C/(e)\
327,75,1,Ce,ce,1768,1029,Prn,Prn,ce,C/(e)\
328,75,2,n',n',1769,1029,Neg,Neg$$,ne,C/\
329,75,3,est,est,1770,1029,Vfin,Vfin,être,/V\
330,75,4,pas,pas,1771,1029,Neg,Neg,pas,C/V\
331,75,5,grant,grant,1772,1029,Adj,Adj,grand,C/V\
332,75,6,demande,demande,1773,1029,N,N,,C/V\.'C/V\.C/(e)\
333,76,1,le,le,1778,1029,Prn,Prn$$,le,C/(e)\
334,76,2,presserent,presserent,1779,1029,Vfin,Vfin,,C/V\.'C/V\.C/e\
335,76,3,",",",",1780,1029,Pnc,Pnc,,
336,76,4,qu',qu',1781,1029,Sub,Sub,que,C/\
337,76,5,il,il,1782,1029,Prn,Prn$,il,/V\
338,76,6,dist,dist,1783,1029,Vfin,Vfin,dire,C/V\
339,77,1,des,des,1853,1029,Pre+Det,Pre+Det,de.le,C/V\
340,77,2,amoreux,amoreux,1854,1029,Adj,Adj,,/V\.C/V\.'C/V\
341,77,3,desirs,desirs,1855,1029,N,N,,C/V\.'C/V\
342,78,1,fors,fors,1866,1029,PrA,PrA,hors,C/V\
343,78,2,de,de,1867,1029,Pre,Pre,de,C/(e)\
344,78,3,entortellier,entortellier,1868,1029,Vinf,Vinf,,/V\.C/V\.C/e\.'C/V\
345,79,1,entour,entour,1874,1030,PrA,PrA,entour,/V\.'C/V\
346,79,2,ces,ces,1875,1030,Dem,Dem,cist,C/V\
347,79,3,dois,dois,1876,1030,N,N,,C/V\
348,79,4,",",",",1877,1030,Pnc,Pnc,,
349,79,5,sans,sans,1878,1030,Pre,Pre,sans,C/V\
350,79,6,mot,mot,1879,1030,N,N,,C/V\
351,80,1,parler,parler,1880,1030,Vinf,Vinf,parler,C/V\.'C/V\
352,80,2,fut,fut,1881,1030,Vfin,Vfin,être,C/V\
353,80,3,longuement,longuement,1882,1030,Adv,Adv,,C/V\.C/e\.'C/V\
354,81,1,je,je,1930,1030,Prn,Prn$,je,C/(e)\
355,81,2,ne,ne,1931,1030,Neg,Neg$$,ne,C/(e)\
356,81,3,vous,vous,1932,1030,Prn,Prn$$,vous,C/V\
357,81,4,fais,fais,1933,1030,Vfin,Vfin,faire,C/V\
358,81,5,nul,nul,1934,1030,QIs,QIs,nul,C/V\
359,81,6,tort,tort,1935,1030,N,N,,C/V\
360,82,1,Isabel,isabel,1945,1030,N,N,,/V\.C/V\.'C/V\
361,82,2,et,et,1946,1030,Crd,Crd,et,/V\
362,82,3,les,les,1947,1030,Det,Det,le,C/V\
363,82,4,autres,autres,1948,1030,Adj,Adj,autre,'/V\.C/e\
364,83,1,Lors,lors,1960,1030,Adv,Adv,lors,C/V\
365,83,2,dirent,dirent,1961,1030,Vfin,Vfin,dire,'C/V\.C/e\
366,83,3,a,a,1962,1030,Pre,Pre,à,/V\
367,83,4,Madame,madame,1963,1030,N,N,,C/V\.'C/V\.C/(e)\
368,84,1,De,de,2114,1030,Pre,Pre,de,C/(e)\
369,84,2,celle,celle,2115,1030,Dem,Dem,cil,'C/V\.C/(e)\
370,84,3,que,que,2116,1030,Qux,Qux,que,C/(e)\
371,84,4,plus,plus,2117,1030,Adv,Adv,plus,C/V\
372,84,5,j',j',2118,1030,Prn,Prn$,je,C/\
373,84,6,ayme,ayme,2119,1030,Vfin,Vfin,aimer,'/V\.C/(e)\
374,85,1,c',c',2121,1030,Prn,Prn,ce,C/\
375,85,2,est,est,2122,1030,Vfin,Vfin,être,/V\
376,85,3,madame,madame,2123,1030,N,N,,C/V\.'C/V\.C/(e)\
377,85,4,ma,ma,2124,1030,Det,Det,mon,C/V\
378,85,5,mere,mere,2125,1030,N,N,,'C/V\.C/(e)\
379,86,1,ne,ne,2148,1031,Crd,Crd,ne2,C/(e)\
380,86,2,de,de,2149,1031,Pre,Pre,de,C/(e)\
381,86,3,vostre,vostre,2150,1031,Det,Det,votre,'C/V\.C/(e)\
382,86,4,sereur,sereur,2151,1031,N,N,,C/V\.'C/V\
383,87,1,de,de,2156,1031,Pre,Pre,de,C/(e)\
384,87,2,mere,mere,2157,1031,N,N,,'C/V\.C/(e)\
385,87,3,",",",",2158,1031,Pnc,Pnc,,
386,87,4,de,de,2159,1031,Pre,Pre,de,C/(e)\
387,87,5,sereur,sereur,2160,1031,N,N,,C/V\.'C/V\
388,88,1,est,est,2164,1031,Vfin,Vfin,être,/V\
389,88,2,toute,toute,2165,1031,QIs,QIs,tout,'C/V\.C/(e)\
390,88,3,differente,differente,2166,1031,Adj,Adj,,C/V\.C/V\.'C/V\.C/(e)\
391,89,1,N',n',2214,1031,Neg,Neg$$,ne,C/\
392,89,2,en,en,2215,1031,Prn,Prn$$,en2,/V\
393,89,3,amez,amez,2216,1031,Vfin,Vfin,aimer,/V\.'C/V\
394,89,4,vous,vous,2217,1031,Prn,Prn%,vous,C/V\
395,89,5,nulle,nulle,2218,1031,QIs,QIs,nul,'C/V\.C/(e)\
396,89,6,?,?,2219,1031,Pnc,Pnc,,
397,89,7,Ha,ha,2220,1031,Exc,Exc,,/V\
398,90,1,failli,failli,2249,1031,Vpp,Vpp,faillir,C/V\.'C/V\
399,90,2,cœur,cœur,2250,1031,N,N,,C/V\
400,90,3,que,que,2251,1031,Sub,Sub,que,C/(e)\
401,90,4,vous,vous,2252,1031,Prn,Prn$,vous,C/V\
402,90,5,estes,estes,2253,1031,Vfin,Vfin,être,'/V\.C/e\
403,91,1,de,de,2272,1031,Pre,Pre,de,C/(e)\
404,91,2,Gauvain,gauvain,2273,1031,N,N,,C/V\.'C/V\
405,91,3,",",",",2274,1031,Pnc,Pnc,,
406,91,4,de,de,2275,1031,Pre,Pre,de,C/(e)\
407,91,5,Tristran,tristran,2276,1031,N,N,,C/V\.'C/V\
408,92,1,de,de,2278,1031,Pre,Pre,de,C/(e)\
409,92,2,Guron,guron,2279,1031,N,N,,C/V\.'C/V\
410,92,3,le,le,2280,1031,Det,Det,le,C/(e)\
411,92,4,courtois,courtois,2281,1031,Adj,Adj,,C/V\.'C/V\
412,93,1,preux,preux,2286,1031,Adj,Adj,preux,C/V\
413,93,2,de,de,2287,1031,Pre,Pre,de,C/(e)\
414,93,3,la,la,2288,1031,Det,Det,le,C/V\
415,93,4,Table,table,2289,1031,N,N,,'C/V\.C/(e)\
416,93,5,Ronde,ronde,2290,1031,Adj,Adj,,'C/V\.C/(e)\
417,94,1,de,de,2306,1031,Pre,Pre,de,C/(e)\
418,94,2,ce,ce,2307,1031,Dem,Dem,cist,C/(e)\
419,94,3,royaume,royaume,2308,1031,N,N,,C/V\.'C/V\.C/(e)\
420,94,4,",",",",2309,1031,Pnc,Pnc,,
421,94,5,et,et,2310,1031,Crd,Crd,et,/V\
422,94,6,aultres,aultres,2311,1031,Adj,Adj,autre,'/V\.C/e\
423,95,1,sy,sy,2324,1031,Sub,Sub,si3,C/V\
424,95,2,non,non,2325,1031,NVP,NVP,non,C/V\
425,95,3,pour,pour,2326,1031,Pre,Pre,pour,C/V\
426,95,4,le,le,2327,1031,Det,Det,le,C/(e)\
427,95,5,service,service,2328,1031,N,N,,C/V\.'C/V\.C/(e)\
428,96,1,et,et,2332,1031,Crd,Crd,et,/V\
429,96,2,eulz,eulz,2333,1031,Prn,Prn$$,eux,/V\
430,96,3,entretenir,entretenir,2334,1031,Vinf,Vinf,entretenir,/V\.C/e\.C/e\.'C/V\
431,97,1,ne,ne,2387,1031,Neg,Neg$$,ne,C/(e)\
432,97,2,seroit,seroit,2388,1031,Vfin,Vfin,être,C/V\.'C/V\
433,97,3,plus,plus,2389,1031,Adv,Adv,plus,C/V\
434,97,4,de,de,2390,1031,Pre,Pre,de,C/(e)\
435,97,5,compte,compte,2391,1031,N,N,,'C/V\.C/(e)\
436,98,1,Et,et,2419,1032,Crd,Crd,et,/V\
437,98,2,puis,puis,2420,1032,PrA,PrA,puis,C/V\
438,98,3,que,que,2421,1032,Sub,Sub,que,C/(e)\
439,98,4,ainnssy,ainnssy,2422,1032,Adv,Adv,ainsi,/V\.'C/V\
440,98,5,est,est,2423,1032,Vfin,Vfin,être,/V\
441,99,1,comme,comme,2425,1032,Sub,Sub,comme,'C/V\.C/(e)\
442,99,2,le,le,2426,1032,Det,Det,le,C/(e)\
443,99,3,plus,plus,2427,1032,Adv,Adv,plus,C/V\
444,99,4,failli,failli,2428,1032,Vpp,Vpp,faillir,C/V\.'C/V\
445,100,1,dittes,dittes,2441,1032,Vpp,Vpp,dire,'C/V\.C/e\
446,100,2,en,en,2442,1032,Pre,Pre,en,/V\
447,100,3,sousriant,sousriant,2443,1032,Vprs,Vprs,sourire,C/V\.C/V\.'C/V\
448,101,1,en,en,2442,1032,Pre,Pre,en,/V\
449,101,2,sousriant,sousriant,2443,1032,Vprs,Vprs,sourire,C/V\.C/V\.'C/V\
450,101,3,",",",",2444,1032,Pnc,Pnc,,
451,101,4,les,les,2445,1032,Det,Det,le,C/V\
452,101,5,dames,dames,2446,1032,N,N,,'C/V\.C/e\
453,102,1,en,en,2502,1032,Prn,Prn$$,en2,/V\
454,102,2,eurent,eurent,2503,1032,Vfin,Vfin,avoir,'/V\.C/e\
455,102,3,grant,grant,2504,1032,Adj,Adj,grand,C/V\
456,102,4,pitié,pitié,2505,1032,N,N,,C/V\.'C/V\
457,103,1,luy,luy,2525,1032,Prn,Prn$$,lui,C/V\
458,103,2,vaulsist,vaulsist,2526,1032,Vfin,Vfin,valoir,C/V\.'C/V\
459,103,3,pardonner,pardonner,2527,1032,Vinf,Vinf,pardonner,C/V\.C/V\.'C/V\
460,104,1,feist,feist,2557,1032,Vfin,Vfin,faire,C/(V)\.'/V\
461,104,2,jamais,jamais,2558,1032,Adv,Adv,jamais,C/V\.'C/V\
462,104,3,tant,tant,2559,1032,QIs,QIs,tant,C/V\
463,104,4,de,de,2560,1032,Pre,Pre,de,C/(e)\
464,104,5,bien,bien,2561,1032,Adv,Adv,bien,C/V\
465,105,1,Et,et,2564,1032,Crd,Crd,et,/V\
466,105,2,si,si,2565,1032,Adv,Adv,si4,C/V\
467,105,3,fera,fera,2566,1032,Vfin,Vfin,faire,C/V\.'C/V\
468,105,4,",",",",2567,1032,Pnc,Pnc,,
469,105,5,madame,madame,2568,1032,N,N,,C/V\.'C/V\.C/(e)\
470,106,1,Or,or,2636,1032,Adv,Adv,or2,/V\
471,106,2,donques,donques,2637,1032,Adv,Adv,donc,'C/V\.C/e\
472,106,3,",",",",2638,1032,Pnc,Pnc,,
473,106,4,dist,dist,2639,1032,Vfin,Vfin,dire,C/V\
474,106,5,Madame,madame,2640,1032,N,N,,C/V\.'C/V\.C/(e)\
475,107,1,vous,vous,2642,1032,Prn,Prn$$,vous,C/V\
476,107,2,en,en,2643,1032,Prn,Prn$$,en2,/V\
477,107,3,allez,allez,2644,1032,Vfin,Vfin,aller,/V\.'C/V\
478,107,4,;,;,2645,1032,Pnc,Pnc,,
479,107,5,et,et,2646,1032,Crd,Crd,et,/V\
480,107,6,faictes,faictes,2647,1032,Vfin,Vfin,faire,'C/V\.C/e\
481,108,1,ou,ou,2668,1032,Qux,Qux,où,/V\
482,108,2,je,je,2669,1032,Prn,Prn$,je,C/(e)\
483,108,3,vous,vous,2670,1032,Prn,Prn$$,vous,C/V\
484,108,4,trouveray,trouveray,2671,1032,Vfin,Vfin,trouver,C/V\.C/e\.'C/V\
485,109,1,de,de,2688,1032,Pre,Pre,de,C/(e)\
486,109,2,Madame,madame,2689,1032,N,N,,C/V\.'C/V\.C/(e)\
487,109,3,congié,congié,2690,1032,N,N,,C/V\.'C/V\
488,110,1,congié,congié,2690,1032,N,N,,C/V\.'C/V\
489,110,2,",",",",2691,1032,Pnc,Pnc,,
490,110,3,et,et,2692,1032,Crd,Crd,et,/V\
491,110,4,puis,puis,2693,1032,PrA,PrA,puis,C/V\
492,110,5,des,des,2694,1032,Pre+Det,Pre+Det,de.le,C/V\
493,110,6,aultres,aultres,2695,1032,Adj,Adj,autre,'/V\.C/e\
494,111,1,de,de,2768,1033,Pre,Pre,de,C/(e)\
495,111,2,rire,rire,2769,1033,Vinf,Vinf,rire,'C/V\.C/(e)\
496,111,3,et,et,2770,1033,Crd,Crd,et,/V\
497,111,4,raisonner,raisonner,2771,1033,Vinf,Vinf,,C/V\.C/V\.'C/V\
498,112,1,en,en,2779,1033,Pre,Pre,en,/V\
499,112,2,son,son,2780,1033,Det,Det,son4,C/V\
500,112,3,logis,logis,2781,1033,N,N,,C/V\.'C/V\
501,112,4,;,;,2782,1033,Pnc,Pnc,,
502,112,5,et,et,2783,1033,Crd,Crd,et,/V\
503,112,6,tant,tant,2784,1033,QIs,QIs,tant,C/V\
504,113,1,peu,peu,2828,1033,N,N,peu,C/V\
505,113,2,a,a,2829,1033,Pre,Pre,à,/V\
506,113,3,peu,peu,2830,1033,N,N,peu,C/V\
507,113,4,sa,sa,2831,1033,Det,Det,son4,C/V\
508,113,5,promesse,promesse,2832,1033,N,N,,C/V\.'C/V\.C/(e)\
509,114,1,au,au,2868,1033,Pre+Det,Pre+Det,à.le,/V\
510,114,2,disner,disner,2869,1033,Vinf,Vinf,,C/V\.'C/V\
511,114,3,",",",",2870,1033,Pnc,Pnc,,
512,114,4,les,les,2871,1033,Det,Det,le,C/V\
513,114,5,deux,deux,2872,1033,QIs,QIs,deux,C/V\
514,114,6,dames,dames,2873,1033,N,N,,'C/V\.C/e\
515,115,1,les,les,2871,1033,Det,Det,le,C/V\
516,115,2,deux,deux,2872,1033,QIs,QIs,deux,C/V\
517,115,3,dames,dames,2873,1033,N,N,,'C/V\.C/e\
518,115,4,estans,estans,2874,1033,Vprs,Vprs,être,/V\.'C/V\
519,116,1,toutes,toutes,2886,1033,QIs,QIs,tout,'C/V\.C/e\
520,116,2,les,les,2887,1033,Det,Det,le,C/V\
521,116,3,aultres,aultres,2888,1033,Adj,Adj,autre,'/V\.C/e\
522,116,4,dames,dames,2889,1033,N,N,,'C/V\.C/e\
523,117,1,vous,vous,2925,1033,Prn,Prn$$,vous,C/V\
524,117,2,avons,avons,2926,1033,Vfin,Vfin,avoir,/V\.'C/V\
525,117,3,nous,nous,2927,1033,Prn,Prn%,nous,C/V\
526,117,4,perdu,perdu,2928,1033,Vpp,Vpp,perdre,C/V\.'C/V\
527,118,1,Vous,vous,2930,1033,Prn,Prn$,vous,C/V\
528,118,2,nous,nous,2931,1033,Prn,Prn$$,nous,C/V\
529,118,3,soulliez,soulliez,2932,1033,Vfin,Vfin,souloir,C/V\.'C/V\
530,118,4,servir,servir,2933,1033,Vinf,Vinf,servir,C/V\.'C/V\
531,119,1,et,et,2938,1033,Crd,Crd,et,/V\
532,119,2,ores,ores,2939,1033,Adv,Adv,or2,'/V\.C/e\
533,119,3,nous,nous,2940,1033,Prn,Prn$$,nous,C/V\
534,119,4,fuyez,fuyez,2941,1033,Vfin,Vfin,fuir,C/V\.'C/V\
535,120,1,dist,dist,2947,1033,Vfin,Vfin,dire,C/V\
536,120,2,il,il,2948,1033,Prn,Prn%,il,/V\
537,120,3,",",",",2949,1033,Pnc,Pnc,,
538,120,4,baissant,baissant,2950,1033,Vprs,Vprs,,C/V\.'C/V\
539,120,5,les,les,2951,1033,Det,Det,le,C/V\
540,120,6,yeulz,yeulz,2952,1033,N,N,,C/V\
541,121,1,au,au,2987,1034,Pre+Det,Pre+Det,à.le,/V\
542,121,2,bas,bas,2988,1034,Adj,Adj,,C/V\
543,121,3,boult,boult,2989,1034,N,N,,C/V\
544,121,4,de,de,2990,1034,Pre,Pre,de,C/(e)\
545,121,5,la,la,2991,1034,Det,Det,le,C/V\
546,121,6,table,table,2992,1034,N,N,,'C/V\.C/(e)\
547,122,1,de,de,2990,1034,Pre,Pre,de,C/(e)\
548,122,2,la,la,2991,1034,Det,Det,le,C/V\
549,122,3,table,table,2992,1034,N,N,,'C/V\.C/(e)\
550,122,4,du,du,2993,1034,Pre+Det,Pre+Det,de.le,C/V\
551,122,5,roy,roy,2994,1034,N,N,,C/V\
552,123,1,du,du,2993,1034,Pre+Det,Pre+Det,de.le,C/V\
553,123,2,roy,roy,2994,1034,N,N,,C/V\
554,123,3,et,et,2995,1034,Crd,Crd,et,/V\
555,123,4,de,de,2996,1034,Pre,Pre,de,C/(e)\
556,123,5,la,la,2997,1034,Det,Det,le,C/V\
557,123,6,royne,royne,2998,1034,N,N,,C/(V)\.'/V\.C/(e)\
558,124,1,que,que,3030,1034,Sub,Sub,que,C/(e)\
559,124,2,le,le,3031,1034,Det,Det,le,C/(e)\
560,124,3,petit,petit,3032,1034,Adj,Adj,petit,C/V\.'C/V\
561,124,4,Saintré,saintré,3033,1034,N,N,,C/V\.'C/V\
562,125,1,oultre,oultre,3071,1034,PrA,PrA,outre2,'/V\.C/(e)\
563,125,2,.,.,3072,1034,Pnc,Pnc,,
564,125,3,«,«,3073,1034,Pnc,Pnc,,
565,125,4,Or,or,3074,1034,Adv,Adv,or2,/V\
566,125,5,laissiet,laissiet,3075,1034,Vfin,Vfin,laisser,C/V\.'C/V\
567,125,6,moy,moy,3076,1034,Prn,Prn%$,moi,C/V\
568,125,7,faire,faire,3077,1034,Vinf,Vinf,faire,'C/V\.C/(e)\
569,126,1,une,une,3113,1034,QIs,QIs,un,'/V\.C/(e)\
570,126,2,tasse,tasse,3114,1034,N,N,,'C/V\.C/(e)\
571,126,3,et,et,3115,1034,Crd,Crd,et,/V\
572,126,4,servir,servir,3116,1034,Vinf,Vinf,servir,C/V\.'C/V\
573,127,1,le,le,3118,1034,Prn,Prn$$,le,C/(e)\
574,127,2,fist,fist,3119,1034,Vfin,Vfin,faire,C/V\
575,127,3,a,a,3120,1034,Pre,Pre,à,/V\
576,127,4,soy,soy,3121,1034,Prn,Prn$,soi,C/V\
577,127,5,venir,venir,3122,1034,Vinf,Vinf,venir,C/V\.'C/V\
578,128,1,en,en,3150,1034,Pre,Pre,en,/V\
579,128,2,la,la,3151,1034,Det,Det,le,C/V\
580,128,3,ville,ville,3152,1034,N,N,,'C/V\.C/(e)\
581,128,4,moy,moy,3153,1034,Prn,Prn$$,moi,C/V\
582,128,5,faire,faire,3154,1034,Vinf,Vinf,faire,'C/V\.C/(e)\
583,129,1,sy,sy,3173,1034,Adv,Adv,si4,C/V\
584,129,2,doulcement,doulcement,3174,1034,Adv,Adv,,C/V\.C/e\.'C/V\
585,129,3,parler,parler,3175,1034,Vinf,Vinf,parler,C/V\.'C/V\
586,130,1,en,en,3189,1035,Pre,Pre,en,/V\
587,130,2,oubly,oubly,3190,1035,N,N,,/V\.'C/V\
588,130,3,;,;,3191,1035,Pnc,Pnc,,
589,130,4,sy,sy,3192,1035,Adv,Adv,si4,C/V\
590,130,5,lui,lui,3193,1035,Prn,Prn$$,lui,C/V\
591,130,6,dist,dist,3194,1035,Vfin,Vfin,dire,C/V\
592,131,1,et,et,3209,1035,Crd,Crd,et,/V\
593,131,2,aussi,aussi,3210,1035,Adv,Adv,aussi,/V\.'C/V\
594,131,3,fist,fist,3211,1035,Vfin,Vfin,faire,C/V\
595,131,4,la,la,3212,1035,Det,Det,le,C/V\
596,131,5,royne,royne,3213,1035,N,N,,C/(V)\.'/V\.C/(e)\
597,132,1,Lors,lors,3215,1035,Adv,Adv,lors,C/V\
598,132,2,le,le,3216,1035,Det,Det,le,C/(e)\
599,132,3,petit,petit,3217,1035,Adj,Adj,petit,C/V\.'C/V\
600,132,4,Saintré,saintré,3218,1035,N,N,,C/V\.'C/V\
601,133,1,assise,assise,3275,1035,Vpp,Vpp,asseoir,/V\.'C/V\.C/(e)\
602,133,2,sur,sur,3276,1035,PrA,PrA,sur,C/V\
603,133,3,les,les,3277,1035,Det,Det,le,C/V\
604,133,4,piez,piez,3278,1035,N,N,,C/V\
605,134,1,qu',qu',3290,1035,Sub,Sub,que,C/\
606,134,2,ilz,ilz,3291,1035,Prn,Prn$,il,/V\
607,134,3,s',s',3292,1035,Prn,Prn$$,se,C/\
608,134,4,en,en,3293,1035,Prn,Prn$$,en2,/V\
609,134,5,allassent,allassent,3294,1035,Vfin,Vfin,aller,/V\.'C/V\.C/e\
610,134,6,hors,hors,3295,1035,PrA,PrA,hors,C/V\
611,135,1,doit,doit,3342,1035,Vfin,Vfin,devoir2,C/V\
612,135,2,on,on,3343,1035,Prn,Prn%,on,/V\
613,135,3,prendre,prendre,3344,1035,Vinf,Vinf,prendre,'C/V\.C/(e)\
614,135,4,d',d',3345,1035,Pre,Pre,de,C/\
615,135,5,un,un,3346,1035,QIs,QIs,un,/V\
616,135,6,homme,homme,3347,1035,N,N,,'/V\.C/(e)\
617,136,1,qui,qui,3348,1035,Qux,Qux,qui,C/V\
618,136,2,a,a,3349,1035,Vfin,Vfin,avoir,/V\
619,136,3,menty,menty,3350,1035,Vpp,Vpp,mentir,C/V\.'C/V\
620,136,4,sa,sa,3351,1035,Det,Det,son4,C/V\
621,136,5,foy,foy,3352,1035,N,N,,C/V\
622,137,1,a,a,3386,1035,Pre,Pre,à,/V\
623,137,2,Madame,madame,3387,1035,N,N,,C/V\.'C/V\.C/(e)\
624,137,3,merci,merci,3388,1035,N,N,,C/V\.'C/V\
625,138,1,il,il,3456,1035,Prn,Prn$,il,/V\
626,138,2,ne,ne,3457,1035,Neg,Neg$$,ne,C/(e)\
627,138,3,prisa,prisa,3458,1035,Vfin,Vfin,priser,C/V\.'C/V\
628,138,4,pas,pas,3459,1035,Neg,Neg,pas,C/V\
629,138,5,plus,plus,3460,1035,Adv,Adv,plus,C/V\
630,139,1,sa,sa,3461,1035,Det,Det,son4,C/V\
631,139,2,vie,vie,3462,1035,N,N,,'C/V\./(e)\
632,139,3,que,que,3463,1035,Sub,Sub,que,C/(e)\
633,139,4,sa,sa,3464,1035,Det,Det,son4,C/V\
634,139,5,mort,mort,3465,1035,N,N,,C/V\
635,140,1,si,si,3489,1036,Adv,Adv,si4,C/V\
636,140,2,ne,ne,3490,1036,Neg,Neg$$,ne,C/(e)\
637,140,3,seust,seüst,3491,1036,Vfin,Vfin,savoir,C/(V)\.'/V\
638,140,4,plus,plus,3492,1036,Adv,Adv,plus,C/V\
639,140,5,que,que,3493,1036,Qux,Qux,que,C/(e)\
640,140,6,dire,dire,3494,1036,Vinf,Vinf,dire,'C/V\.C/(e)\
641,141,1,a,a,3531,1036,Vfin,Vfin,avoir,/V\
642,141,2,donnee,donnee,3532,1036,Vpp,Vpp,donner,C/V\.'C/V\./(e)\
643,141,3,sa,sa,3533,1036,Det,Det,son4,C/V\
644,141,4,foy,foy,3534,1036,N,N,,C/V\
645,142,1,sa,sa,3533,1036,Det,Det,son4,C/V\
646,142,2,foy,foy,3534,1036,N,N,,C/V\
647,142,3,a,a,3535,1036,Pre,Pre,à,/V\
648,142,4,une,une,3536,1036,QIs,QIs,un,'/V\.C/(e)\
649,142,5,dame,dame,3537,1036,N,N,,'C/V\.C/(e)\
650,143,1,et,et,3543,1036,Crd,Crd,et,/V\
651,143,2,pour,pour,3544,1036,Pre,Pre,pour,C/V\
652,143,3,sy,sy,3545,1036,Adv,Adv,si4,C/V\
653,143,4,peu,peu,3546,1036,N,N,peu,C/V\
654,143,5,de,de,3547,1036,Pre,Pre,de,C/(e)\
655,143,6,chose,chose,3548,1036,N,N,,'C/V\.C/(e)\
656,144,1,Quelle,quelle,3553,1036,Qux,Qux,quel,'C/V\.C/(e)\
657,144,2,pugnicion,pugnicion,3554,1036,N,N,,C/V\.C/V\.C/{V}\.'/V\
658,145,1,Et,et,3559,1036,Crd,Crd,et,/V\
659,145,2,a,a,3560,1036,Pre,Pre,à,/V\
660,145,3,vous,vous,3561,1036,Prn,Prn,vous,C/V\
661,145,4,",",",",3562,1036,Pnc,Pnc,,
662,145,5,dame,dame,3563,1036,N,N,,'C/V\.C/(e)\
663,145,6,Jehanne,jehanne,3564,1036,N,N,,C/(V)\.'/V\.C/(e)\
664,146,1,a,a,3616,1036,Pre,Pre,à,/V\
665,146,2,Madame,madame,3617,1036,N,N,,C/V\.'C/V\.C/(e)\
666,146,3,mercy,mercy,3618,1036,N,N,,C/V\.'C/V\
667,147,1,l',l',3653,1036,Prn,Prn$$,le,C/\
668,147,2,amoit,amoit,3654,1036,Vfin,Vfin,aimer,/V\.'C/V\
669,147,3,trop,trop,3655,1036,Adv,Adv,trop,C/V\
670,147,4,mieulz,mieulz,3656,1036,Adv,Adv,mieux,C/V\
671,147,5,",",",",3657,1036,Pnc,Pnc,,
672,147,6,penssant,penssant,3658,1036,Vprs,Vprs,penser,C/V\.'C/V\
673,148,1,vouloit,vouloit,3724,1037,Vfin,Vfin,vouloir,C/V\.'C/V\
674,148,2,saillir,saillir,3725,1037,Vinf,Vinf,,C/V\.'C/V\
675,148,3,",",",",3726,1037,Pnc,Pnc,,
676,148,4,lui,lui,3727,1037,Prn,Prn$$,lui,C/V\
677,148,5,dist,dist,3728,1037,Vfin,Vfin,dire,C/V\
678,149,1,son,son,3746,1037,Det,Det,son4,C/V\
679,149,2,excusacion,excusacion,3747,1037,N,N,,/V\.C/V\.C/V\.C/{V}\.'/V\
680,150,1,qu',qu',3787,1037,Qux,Qux,que,C/\
681,150,2,en,en,3788,1037,Prn,Prn$$,en2,/V\
682,150,3,dictes,dictes,3789,1037,Vfin,Vfin,dire,'C/V\.C/e\
683,150,4,vous,vous,3790,1037,Prn,Prn%,vous,C/V\
684,150,5,?,?,3791,1037,Pnc,Pnc,,
685,150,6,—,—,3792,1037,Pnc,Pnc,,
686,150,7,Hellas,hellas,3793,1037,Exc,Exc,,C/V\.'C/V\
687,151,1,fors,fors,3804,1037,PrA,PrA,hors,C/V\
688,151,2,que,que,3805,1037,Sub,Sub,que,C/(e)\
689,151,3,il,il,3806,1037,Prn,Prn$,il,/V\
690,151,4,s',s',3807,1037,Prn,Prn$$,se,C/\
691,151,5,en,en,3808,1037,Prn,Prn$$,en2,/V\
692,151,6,repent,repent,3809,1037,Vfin,Vfin,,C/V\.'C/V\
693,152,1,j',j',3843,1037,Prn,Prn$,je,C/\
694,152,2,en,en,3844,1037,Prn,Prn$$,en2,/V\
695,152,3,diz,diz,3845,1037,Vfin,Vfin,dire,C/V\
696,152,4,comme,comme,3846,1037,Sub,Sub,comme,'C/V\.C/(e)\
697,152,5,les,les,3847,1037,Det,Det,le,C/V\
698,152,6,aultres,aultres,3848,1037,Adj,Adj,autre,'/V\.C/e\
699,153,1,de,de,3902,1037,Pre,Pre,de,C/(e)\
700,153,2,loyalment,loyalment,3903,1037,Adv,Adv,,C/V\.C/V\.'C/V\
701,153,3,servir,servir,3904,1037,Vinf,Vinf,servir,C/V\.'C/V\
702,154,1,tres,tres,3932,1037,Adv,Adv,très,C/V\
703,154,2,grandement,grandement,3933,1037,Adv,Adv,,C/V\.C/e\.'C/V\
704,154,3,amy,amy,3934,1037,N,N,,/V\.'C/V\
705,155,1,mais,mais,3936,1037,Crd,Crd,mais,C/V\
706,155,2,",",",",3937,1037,Pnc,Pnc,,
707,155,3,sur,sur,3938,1037,PrA,PrA,sur,C/V\
708,155,4,ma,ma,3939,1037,Det,Det,mon,C/V\
709,155,5,foy,foy,3940,1037,N,N,,C/V\
710,155,6,",",",",3941,1037,Pnc,Pnc,,
711,155,7,madame,madame,3942,1037,N,N,,C/V\.'C/V\.C/(e)\
712,156,1,qui,qui,4000,1038,Qux,Qux,qui,C/V\
713,156,2,oncques,oncques,4001,1038,Adv,Adv,onques,'/V\.C/e\
714,156,3,ne,ne,4002,1038,Neg,Neg$$,ne,C/(e)\
715,156,4,le,le,4003,1038,Prn,Prn$$,le,C/(e)\
716,156,5,vist,vist,4004,1038,Vfin,Vfin,voir,C/V\
717,157,1,comment,comment,4015,1038,Qux,Qux,comment,C/V\.'C/V\
718,157,2,puet,puet,4016,1038,Vfin,Vfin,pouvoir2,C/V\
719,157,3,il,il,4017,1038,Prn,Prn%,il,/V\
720,157,4,avoir,avoir,4018,1038,Vinf,Vinf,avoir,/V\.'C/V\
721,158,1,si,si,4019,1038,Adv,Adv,si4,C/V\
722,158,2,tost,tost,4020,1038,Adv,Adv,tôt,C/V\
723,158,3,choisie,choisie,4021,1038,Vpp,Vpp,,C/V\.'C/V\./(e)\
724,158,4,dame,dame,4022,1038,N,N,,'C/V\.C/(e)\
725,159,1,y,y,4032,1038,Prn,Prn$$,y2,/V\
726,159,2,font,font,4033,1038,Vfin,Vfin,faire,C/V\
727,159,3,aucunes,aucunes,4034,1038,QIs,QIs,aucun,/V\.'C/V\.C/e\
728,159,4,fois,fois,4035,1038,N,N,,C/V\
729,160,1,des,des,4036,1038,Pre+Det,Pre+Det,de.le,C/V\
730,160,2,penssemens,penssemens,4037,1038,N,N,,C/V\.C/e\.'C/V\
731,160,3,assez,assez,4038,1038,Adv,Adv,assez,/V\.'C/V\
