wd_id,line_id,linewd,word,lex_id,tag,old_wd_id,TT lemma,syntag,syntag2,lemma,page_id,synfunc,syllabified
1,1,1,en,en,PRE,5,en1_+S,Pre,Pre,en1,1022,,/V\
2,1,2,la,la,DET:def,6,le_S,Det,Det,le,1022,,C/V\
3,1,3,court,court,NOM,7,cort_C,N,N,,1022,,C/V\
4,1,4,de,de,PRE,8,de_+S,Pre,Pre,de,1022,,C/(e)\
5,1,5,la,la,DET:def,9,le_S,Det,Det,le,1022,,C/V\
6,1,6,royne,royne,NOM,10,röine1|röine2_*+IdTTd|+Td,N,N,,1022,,C/(V)\.'/V\.C/(e)\
7,1,7,Bonne,bonne,ADJ,11,bon_+C,Adj,Adj,bon,1022,,'C/V\.C/(e)\
8,2,1,mais,mais,CON:coord,32,mais_S,Crd,Crd,mais1,1022,,C/V\
9,2,2,de,de,PRE,33,de_+S,Pre,Pre,de,1022,,C/(e)\
10,2,3,son,son,DET:poss,34,son4_S,Det,Det,son4,1022,,C/V\
11,2,4,nom,nom,NOM,35,nom_+CIT,N,N,,1022,,C/V\
12,2,5,et,et,CON:coord,36,et_S,Crd,Crd,et,1022,,/V\
13,2,6,seignorie,seignorie,NOM,37,seignorie_+CIT,N,N,,1022,,C/V\.C/V\.'C/V\./(e)\
14,3,1,de,de,PRE,60,de_+S,Pre,Pre,de,1022,,C/(e)\
15,3,2,feu,feu,NOM,61,feu|fief|fo_+IT|+I|+T,Adj,Adj,,1022,,C/V\
16,3,3,monseigneur,monseigneur,NOM,62,<unknown>,N,N,,1022,,C/V\.C/V\.'C/V\
17,3,4,son,son,DET:poss,63,son4_S,Det,Det,son4,1022,,C/V\
18,3,5,mary,mary,NOM,64,mari_*+CIT,N,N,,1022,,C/V\.'C/V\
19,4,1,ou,ou,PREDET:en,73,en1+le_S,Crd,Crd,ou1,1022,,/V\
20,4,2,pour,pour,NOM,74,pëor_+Id,Pre,Pre,pour,1022,,C/V\
21,4,3,sembler,sembler,VER,75,sembler_+IMT,Vinf,Vinf,sembler,1022,,C/V\.'C/V\
22,4,4,aux,aux,PREDET:a,76,a+le_S,Pre+Det,Pre+Det,à+le,1022,,/V\
23,4,5,vrayes,vrayes,ADV,77,<unknown>,Adj,Adj,,1022,,'C/V\./e\
24,4,6,vesves,vesves,GDF,78,vedvé|veve_G|G,N,N,,1022,,'C/V\.C/e\
25,5,1,a,a,PRE,105,a_S,Pre,Pre,à,1022,,/V\
26,5,2,mon,mon,DET:poss,106,mon1_S,Det,Det,mon1,1022,,C/V\
27,5,3,propos,propos,NOM,107,propos_+T,N,N,,1022,,C/V\.'C/V\
28,5,4,de,de,PRE,108,de_+S,Pre,Pre,de,1022,,C/(e)\
29,5,5,ceste,ceste,DET:demo,109,cest_S,Dem,Dem,cist,1022,,'C/V\.C/(e)\
30,5,6,dame,dame,NOM,110,dam|dame|dan2_+T|+CIT|+T,N,N,,1022,,'C/V\.C/(e)\
31,6,1,et,et,CON:coord,158,et_S,Crd,Crd,et,1022,,/V\
32,6,2,honnorer,honnorer,VER,159,onorer_*+T,Vinf,Vinf,honorer,1022,,/V\.C/V\.'C/V\
33,6,3,les,les,DET:def,160,le_S,Det,Det,le,1022,,C/V\
34,6,4,femmes,femmes,NOM,161,feme_+CI,N,N,,1022,,'C/V\.C/e\
35,6,5,vesves,vesves,GDF,162,vedvé|veve_G|G,Adj,Adj,,1022,,'C/V\.C/e\
36,7,1,ains,ains,ADV,180,ainc|ains3_+T|G,Adv,Adv,ains,1022,,/V\
37,7,2,",",",",PON,181,",",Pnc,Pnc,,1022,,
38,7,3,pour,pour,PRE,182,por2_+S,Pre,Pre,pour,1022,,C/V\
39,7,4,la,la,DET:def,183,le_S,Det,Det,le,1022,,C/V\
40,7,5,tres,tres,ADV,184,tres|très_I|IIdTd,Adv,Adv,très,1022,,C/V\
41,7,6,grant,grant,ADJ,185,grant_+CIT,Adj,Adj,grand,1022,,C/V\
42,7,7,et,et,CON:coord,186,et_S,Crd,Crd,et,1022,,/V\
43,7,8,loiale,loiale,ADJ,187,<nolem>,Adj,Adj,,1022,,C/V\.'C/V\.C/(e)\
44,8,1,ama,ama,VER,313,aamer|amer1_+M|+I,Vfin,Vfin,aimer,1023,,/V\.'C/V\
45,8,2,Dido,dido,NPR,314,dido_I|Z,N,N,,1023,c,C/V\.'C/V\
46,8,3,que,que,PROCON,315,que3_S,Sub,Sub,que,1023,,C/(e)\
47,8,4,il,il,PRO:pers,316,il_S,Prn,Prn$,3p,1023,s,/V\
48,8,5,en,en,PRO:clit,317,en2_S,Prn,Prn$$,en2,1023,,/V\
49,8,6,moroit,moroit,VER,318,morir_+I,Vfin,Vfin,mourir,1023,,C/V\.'C/V\
50,9,1,Duquel,duquel,NOM,369,<unknown>,Pre+Qux,Pre+Qux,de+lequel,1023,,C/V\.'C/V\
51,9,2,vers,vers,PRE,370,vers2_+S,N,N,,1023,,C/V\
52,9,3,la,la,DET:def,371,le_S,Det,Det,le,1023,,C/V\
53,9,4,sentence,sentence,NOM,372,sentence_+T,N,N,,1023,,C/V\.'C/V\.C/(e)\
54,9,5,est,est,VER,373,ester|estre1_+M|+I,Vfin,Vfin,être1|ester,1023,,/V\
55,9,6,telle,telle,ADJ,374,tel_+C,Adj,Adj,tel,1023,a,'C/V\.C/(e)\
56,10,1,et,et,CON:coord,401,et_S,Crd,Crd,et,1023,,/V\
57,10,2,qu',qu',PROCON,402,que1|que2|que3|que4_S|S|S|S,Sub,Sub,que,1023,,C/\
58,10,3,il,il,PRO:pers,403,il_S,Prn,Prn$,3p,1023,s,/V\
59,10,4,les,les,PRO:pers,404,il_S,Prn,Prn$$,3p,1023,c,C/V\
60,10,5,garde,garde,VER,405,garder_+MI,Vfin,Vfin,garder,1023,,'C/V\.C/(e)\
61,10,6,en,en,PRE,406,en1_+S,Pre,Pre,en1,1023,,/V\
62,10,7,son,son,DET:poss,407,son4_S,Det,Det,son4,1023,,C/V\
63,10,8,sepulcre,sepulcre,NOM,408,sepulcre_+T,N,N,,1023,,C/V\.'C/V\.C/(e)\
64,11,1,et,et,CON:coord,482,et_S,Crd,Crd,et,1023,,/V\
65,11,2,ainsy,ainsy,ADV,483,ainsi_*+CIT,Adv,Adv,ainsi,1023,,/V\.'C/V\
66,11,3,des,des,PREDET:de,484,de+le_S,Pre+Det,Pre+Det,de+le,1023,,C/V\
67,11,4,autres,autres,ADJ,485,autre_CI,Adj,Adj,autre,1023,,'/V\.C/e\
68,11,5,vaillances,vaillances,GDF,486,vaillance_G,N,N,,1023,,C/V\.'C/V\.C/e\
69,12,1,leur,leur,DET:poss,521,lor2_S,Det,Det,leur2,1024,,C/V\
70,12,2,chastetez,chastetez,NOM,522,<unknown>,N,N,,1024,,C/V\.C/e\.'C/V\
71,12,3,",",",",PON,523,",",Pnc,Pnc,,1024,,
72,12,4,de,de,PRE,524,de_+S,Pre,Pre,de,1024,,C/(e)\
73,12,5,la,la,DET:def,525,le_S,Det,Det,le,1024,,C/V\
74,12,6,couronne,couronne,NOM,526,corone_*+IT,N,N,,1024,,C/V\.'C/V\.C/(e)\
75,13,1,que,que,PROCON,536,que3_S,Sub,Sub,que,1024,,C/(e)\
76,13,2,les,les,DET:def,537,le_S,Det,Det,le,1024,,C/V\
77,13,3,aultres,aultres,ADJ,538,autre_Z,Adj,Adj,autre,1024,,'/V\.C/e\
78,13,4,vesves,vesves,GDF,539,vedvé|veve_G|G,N,N,,1024,,'C/V\.C/e\
79,13,5,n',n',PRO:clit,540,en2_S,Neg,Neg$$,ne1,1024,,C/\
80,13,6,estoient,estoient,VER,541,ester|estre1_+M|+I,Vfin,Vfin,être1|ester,1024,,/V\.'C/V\./e\
81,14,1,qui,qui,PROCON,577,qui_S,Qux,Qux,qui,1024,s,C/V\
82,14,2,estoit,estoit,VER,578,ester|estre1_+IM|+I,Vfin,Vfin,être1|ester,1024,,/V\.'C/V\
83,14,3,fille,fille,NOM,579,fille_+CIT,N,N,,1024,,'C/V\.C/(e)\
84,14,4,de,de,PRE,580,de_+S,Pre,Pre,de,1024,,C/(e)\
85,14,5,Cathon,cathon,NPR,581,<nolem>,N,N,,1024,,C/V\.'C/V\
86,15,1,qui,qui,PROCON,583,qui_S,Qux,Qux,qui,1024,s,C/V\
87,15,2,sans,sans,PRE,584,sans_+S,Pre,Pre,sans,1024,,C/V\
88,15,3,cesser,cesser,VER,585,cesser_+MIT,Vinf,Vinf,,1024,,C/V\.'C/V\
89,15,4,estoit,estoit,VER,586,ester|estre1_+IM|+I,Vfin,Vfin,être1|ester,1024,,/V\.'C/V\
90,15,5,en,en,PRO:clit,587,en2_S,Pre,Pre,en1,1024,,/V\
91,15,6,dueil,dueil,VER,588,doloir_+M,N,N,,1024,,C/V\
92,16,1,estoit,estoit,VER,586,ester|estre1_+IM|+I,Vfin,Vfin,être1|ester,1024,,/V\.'C/V\
93,16,2,en,en,PRO:clit,587,en2_S,Pre,Pre,en1,1024,,/V\
94,16,3,dueil,dueil,VER,588,doloir_+M,N,N,,1024,,C/V\
95,16,4,de,de,PRE,589,de_+S,Pre,Pre,de,1024,,C/(e)\
96,16,5,son,son,DET:poss,590,son4_S,Det,Det,son4,1024,,C/V\
97,16,6,mary,mary,NOM,591,mari_*+CIT,N,N,,1024,,C/V\.'C/V\
98,17,1,Las,las,NOM,604,laz1_+T,Exc,Exc,,1024,,C/V\
99,17,2,!,!,PON,605,!,Pnc,Pnc,,1024,,
100,17,3,et,et,CON:coord,606,et_S,Crd,Crd,et,1024,,/V\
101,17,4,quant,quant,ADV,607,cant_C,Sub,Sub,quand,1024,,C/V\
102,17,5,cesseront,cesseront,VER,608,cesser_*+MIT,Vfin,Vfin,,1024,,C/V\.C/e\.'C/V\
103,17,6,vos,vos,PRO:pers,609,vos1_S,Det,Det,votre,1024,,C/V\
104,17,7,dueilz,dueilz,VER,610,douloir_M,N,N,,1024,,C/V\
105,18,1,et,et,CON:coord,639,et_S,Crd,Crd,et,1024,,/V\
106,18,2,nuyt,nuyt,NOM,640,nuit_*+CIT,N,N,,1024,,C/V\
107,18,3,ne,ne,PRO:clit,641,en2_S,Neg,Neg$$,ne1,1024,,C/(e)\
108,18,4,cessoit,cessoit,VER,642,cesser_*+MIT,Vfin,Vfin,,1024,,C/V\.'C/V\
109,18,5,de,de,PRE,643,de_+S,Pre,Pre,de,1024,,C/(e)\
110,18,6,plourer,plourer,VER,644,pleurer_M,Vinf,Vinf,pleurer,1024,,C/V\.'C/V\
111,19,1,la,la,PRO:pers,693,il_S,Prn,Prn$$,3p,1024,c,C/V\
112,19,2,blasmoit,blasmoit,VER,694,blasmer_+M,Vfin,Vfin,,1024,,C/V\.'C/V\
113,19,3,de,de,PRE,695,de_+S,Pre,Pre,de,1024,,C/(e)\
114,19,4,ainssy,ainssy,ADV,696,ainsi_*+CIT,Adv,Adv,ainsi,1024,,/V\.'C/V\
115,19,5,josne,josne,ADJ,697,juene_T,Adj,Adj,,1024,,'C/V\.C/(e)\
116,19,6,vesve,vesve,NOM,698,<nolem>,N,N,,1024,,'C/V\.C/(e)\
117,20,1,je,je,PRO:pers,733,je_S,Prn,Prn$,1ps,1025,s,C/(e)\
118,20,2,en,en,PRO:clit,734,en2_S,Prn,Prn$$,en2,1025,,/V\
119,20,3,prendoy,prendoy,VER,735,<unknown>,Vfin,Vfin,prendre,1025,,C/V\.'C/V\
120,20,4,ung,ung,DET:ndf,736,un_S,QIs,QIs,un,1025,,/V\
121,20,5,qui,qui,PROCON,737,qui_S,Qux,Qux,qui,1025,s,C/V\
122,20,6,me,me,PRO:pers,738,je_S,Prn,Prn$$,1ps,1025,,C/(e)\
123,20,7,fust,fust,VER,739,estre1|fuster_+I|+M,Vfin,Vfin,être1|ester,1025,,C/V\
124,20,8,bon,bon,ADJ,740,bon_+CIT,Adj,Adj,bon,1025,a,C/V\
125,21,1,pour,pour,PRE,746,por2_+S,Pre,Pre,pour,1025,,C/V\
126,21,2,doubte,doubte,NOM,747,<nolem>,N,N,,1025,,'C/V\.C/(e)\
127,21,3,de,de,PRE,748,de_+S,Pre,Pre,de,1025,,C/(e)\
128,21,4,le,le,PRO:pers,749,il_S,Prn,Prn$$,3p,1025,c,C/(e)\
129,21,5,perdre,perdre,VER,750,perdre_+MIT,Vinf,Vinf,perdre,1025,,'C/V\.C/(e)\
130,21,6,",",",",PON,751,",",Pnc,Pnc,,1025,,
131,21,7,joye,joye,NOM,752,joie|joïe1|joïe2_*+IT|+Td|+Td,N,N,,1025,c,'C/V\./(e)\
132,22,1,certes,certes,ADV,766,certes_+IT,Adv,Adv,certes,1025,,'C/V\.C/e\
133,22,2,ma,ma,DET:poss,767,mon1_S,Det,Det,mon1,1025,,C/V\
134,22,3,douloureuse,douloureuse,NOM,768,<unknown>,Adj,Adj,,1025,,C/V\.C/V\.'C/V\.C/(e)\
135,22,4,vie,vie,NOM,769,vie1|voie_+T|+T,N,N,,1025,,'C/V\./(e)\
136,23,1,toute,toute,DET:ind,781,tot_S,QIs,QIs,tout,1025,,'C/V\.C/(e)\
137,23,2,sa,sa,DET:poss,782,son4_S,Det,Det,son4,1025,,C/V\
138,23,3,vie,vie,NOM,783,vie1|voie_+T|+T,N,N,,1025,,'C/V\./(e)\
139,23,4,demeurer,demeurer,VER,784,demorer_+M,Vinf,Vinf,demeurer,1025,,C/V\.C/V\.'C/V\
140,24,1,qui,qui,PROCON,819,qui_S,Qux,Qux,qui,1025,s,C/V\
141,24,2,est,est,VER,820,ester|estre1_+M|+I,Vfin,Vfin,être1|ester,1025,,/V\
142,24,3,riable,riable,ADJ,821,rïable_+Td,Adj,Adj,,1025,a,C/V\.'C/V\.C/(e)\
143,24,4,",",",",PON,822,",",Pnc,Pnc,,1025,,
144,24,5,ou,ou,PREDET:en,823,en1+le_S,Pre+Det,Pre+Det,en1+le,1025,,/V\
145,24,6,.iiijxx.,.iiijxx.,NOM,824,<unknown>,QIs,QIs,80,1025,,C/V\.C/e\.'C/V\
146,25,1,et,et,CON:coord,825,et_S,Crd,Crd,et,1025,,/V\
147,25,2,.xvje.,.xvje.,NPR,826,<unknown>,Adj,Adj,,1025,,C/V\.'C/V\.C/(e)\
148,25,3,de,de,PRE,827,de_+S,Pre,Pre,de,1025,,C/(e)\
149,25,4,son,son,DET:poss,828,son4_S,Det,Det,son4,1025,,C/V\
150,25,5,Epistre,epistre,NOM,829,epistre_+T,N,N,,1025,,/V\.'C/V\.C/(e)\
151,26,1,dont,dont,PRO:invar,854,dont_S,Qux,Qux,dont,1025,,C/V\
152,26,2,advint,advint,VER,855,<nolem>,Vfin,Vfin,avenir,1025,,/V\.'C/V\
153,26,3,que,que,PROCON,856,que3_S,Sub,Sub,que,1025,,C/(e)\
154,26,4,par,par,PRE,857,par_S,Pre,Pre,par1,1025,,C/V\
155,26,5,aventure,aventure,NOM,858,aventure_+IT,N,N,,1025,,/V\.C/V\.'C/V\.C/(e)\
156,27,1,qui,qui,PROCON,866,qui_S,Qux,Qux,qui,1025,s,C/V\
157,27,2,avoit,avoit,VER,867,avoiier|avoir_+MI|+MI,Vfin,Vfin,avoir1,1025,,/V\.'C/V\
158,27,3,espousé,espousé,VER,868,esposer_*M,Vpp,Vpp,,1025,,/V\.C/V\.'C/V\
159,27,4,.xx.,.xx.,ADJ:card,869,vint|xx_I|C,QIs,QIs,20,1025,,C/V\
160,27,5,femmes,femmes,NOM,870,feme_+CI,N,N,,1025,,'C/V\.C/e\
161,28,1,s',s',PRO:pers,880,soi1_S,Prn,Prn$$,soi,1025,,C/\
162,28,2,en,en,PRO:clit,881,en2_S,Prn,Prn$$,en2,1025,,/V\
163,28,3,fist,fist,VER,882,faire|feire|fere_+CMI|M|M,Vfin,Vfin,faire,1025,,C/V\
164,28,4,",",",",PON,883,",",Pnc,Pnc,,1025,,
165,28,5,dont,dont,ADV,884,donc|dont_I|I,Qux,Qux,dont,1025,,C/V\
166,28,6,le,le,DET:def,885,le_S,Det,Det,le,1025,,C/(e)\
167,28,7,peupple,peupple,NOM,886,<unknown>,N,N,,1025,,'C/V\.C/(e)\
168,28,8,de,de,PRE,887,de_+S,Pre,Pre,de,1025,,C/(e)\
169,28,9,Romme,romme,NPR,888,rome_Z,N,N,,1025,,'C/V\.C/(e)\
170,29,1,desirans,desirans,VER,896,desirer_M,Vprs,Vprs,désirer,1025,,C/V\.C/V\.'C/V\
171,29,2,veoir,veoir,VER,897,vëoir_+IIdTd,Vinf,Vinf,voir1,1025,,C/(V)\.'/V\
172,29,3,lequel,lequel,NOM,898,<unknown>,Qux,Qux,lequel,1025,,C/V\.'C/V\
173,29,4,de,de,PRE,899,de_+S,Pre,Pre,de,1025,,C/(e)\
174,29,5,eulx,eulx,PRO:pers,900,il_S,Prn,Prn,3p,1025,,/V\
175,29,6,deux,deux,ADJ:card,901,deus_CZ,QIs,QIs,2,1025,,C/V\
176,30,1,lequel,lequel,NOM,898,<unknown>,Qux,Qux,lequel,1025,,C/V\.'C/V\
177,30,2,de,de,PRE,899,de_+S,Pre,Pre,de,1025,,C/(e)\
178,30,3,eulx,eulx,PRO:pers,900,il_S,Prn,Prn,3p,1025,,/V\
179,30,4,deux,deux,ADJ:card,901,deus_CZ,QIs,QIs,2,1025,,C/V\
180,30,5,surmonteroit,surmonteroit,VER,902,<unknown>,Vfin,Vfin,surmonter,1025,,C/V\.C/V\.C/e\.'C/V\
181,31,1,Alors,alors,ADV,912,alors_+T,Adv,Adv,alors,1026,,/V\.'C/V\
182,31,2,vinrent,vinrent,VER,913,venir|voir_+C|M,Vfin,Vfin,venir,1026,,'C/V\.C/e\
183,31,3,tous,tous,DET:ind,914,tot_S,QIs,QIs,tout,1026,,C/V\
184,31,4,les,les,DET:def,915,le_S,Det,Det,le,1026,,C/V\
185,31,5,gallans,gallans,NOM,916,<unknown>,N,N,,1026,,C/V\.'C/V\
186,32,1,qui,qui,PROCON,920,qui_S,Qux,Qux,qui,1026,s,C/V\
187,32,2,lui,lui,PRO:pers,921,il|loi1_S|S,Prn,Prn$$,3p,1026,,C/V\
188,32,3,baillerent,baillerent,VER,922,baillier_+M,Vfin,Vfin,bailler,1026,,C/V\.'C/V\.C/e\
189,32,4,en,en,PRE,923,en1_+S,Pre,Pre,en1,1026,,/V\
190,32,5,sa,sa,DET:poss,924,son4_S,Det,Det,son4,1026,,C/V\
191,32,6,main,main,NOM,925,main2|main3_+IT|+T,N,N,,1026,,C/V\
192,33,1,Ceste,ceste,DET:demo,1023,cest_S,Dem,Dem,cist,1027,,'C/V\.C/(e)\
193,33,2,dame,dame,NOM,1024,dam|dame|dan2_+T|+CIT|+T,N,N,,1027,,'C/V\.C/(e)\
194,33,3,",",",",PON,1025,",",Pnc,Pnc,,1027,,
195,33,4,comme,comme,VER,1026,commer_M,Sub,Sub,comme,1027,,'C/V\.C/(e)\
196,33,5,dit,dit,VER,1027,dire_+CMI,Vpp,Vpp,dire,1027,,C/V\
197,33,6,est,est,VER,1028,ester|estre1_+M|+I,Vfin,Vfin,être1|ester,1027,,/V\
198,34,1,emprins,emprins,VER,1031,emprendre_+Z,Vpp,Vpp,emprendre,1027,,/V\.'C/V\
199,34,2,",",",",PON,1032,",",Pnc,Pnc,,1027,,
200,34,3,pour,pour,PRE,1033,por2_+S,Pre,Pre,pour,1027,,C/V\
201,34,4,quelque,quelque,ADJ,1034,quelque_C,QIs,QIs,quelque,1027,,'C/V\.C/(e)\
202,34,5,occasion,occasion,NOM,1035,ocasïon_*+Td,N,N,,1027,,/V\.C/V\.C/{V}\.'/V\
203,35,1,pour,pour,PRE,1033,por2_+S,Pre,Pre,pour,1027,,C/V\
204,35,2,quelque,quelque,ADJ,1034,quelque_C,QIs,QIs,quelque,1027,,'C/V\.C/(e)\
205,35,3,occasion,occasion,NOM,1035,ocasïon_*+Td,N,N,,1027,,/V\.C/V\.C/{V}\.'/V\
206,35,4,que,que,PROCON,1036,que3_S,Sub,Sub,que,1027,a,C/(e)\
207,35,5,fust,fust,VER,1037,estre1|fuster_+I|+M,Vfin,Vfin,être1|ester,1027,,C/V\
208,36,1,son,son,DET:poss,1053,son4_S,Det,Det,son4,1027,,C/V\
209,36,2,cœur,cœur,NOM,1054,<nolem>,N,N,,1027,,C/V\
210,36,3,en,en,PRE,1055,en1_+S,Pre,Pre,en1,1027,,/V\
211,36,4,diverses,diverses,ADJ,1056,divers_+I,Adj,Adj,,1027,,C/V\.'C/V\.C/e\
212,36,5,penssees,penssees,VER,1057,<unknown>,N,N,,1027,,C/V\.'C/V\./e\
213,37,1,sy,sy,VER,1092,seeir_M,Adv,Adv,si4,1027,,C/V\
214,37,2,regarda,regarda,VER,1093,regarder_+I,Vfin,Vfin,regarder,1027,,C/V\.C/V\.'C/V\
215,37,3,par,par,PRE,1094,par_S,Pre,Pre,par1,1027,,C/V\
216,37,4,plusieurs,plusieurs,DET:ind,1095,plusor_S,QIs,QIs,plusieurs,1027,,C/V\.'C/V\
217,37,5,jours,jours,NOM,1096,jor_+C,N,N,,1027,,C/V\
218,38,1,de,de,PRE,1107,de_+S,Pre,Pre,de,1027,,C/(e)\
219,38,2,tous,tous,DET:ind,1108,tot_S,QIs,QIs,tout,1027,,C/V\
220,38,3,les,les,DET:def,1109,le_S,Det,Det,le,1027,,C/V\
221,38,4,josnes,josnes,ADJ,1110,juene_*T,Adj,Adj,,1027,,'C/V\.C/e\
222,38,5,gentilz,gentilz,ADJ,1111,gentil_+I,Adj,Adj,gentil1,1027,,C/V\.'C/V\
223,38,6,hommes,hommes,NOM,1112,ome_+C,N,N,,1027,,'/V\.C/e\
224,39,1,publicquement,publicquement,ADV,1155,<unknown>,Adv,Adv,,1027,,C/V\.C/V\.C/e\.'C/V\
225,39,2,de,de,PRE,1156,de_+S,Pre,Pre,de,1027,,C/(e)\
226,39,3,pluiseurs,pluiseurs,DET:ind,1157,plusor_S,QIs,QIs,plusieurs,1027,,C/V\.'C/V\
227,39,4,choses,choses,NOM,1158,chose_+CI,N,N,,1027,,'C/V\.C/e\
228,40,1,Mais,mais,CON:coord,1179,mais_S,Crd,Crd,mais1,1027,,C/V\
229,40,2,d',d',PRE,1180,de_+S,Pre,Pre,de,1027,,C/\
230,40,3,aultre,aultre,ADJ,1181,autre_Z,Adj,Adj,autre,1027,,'/V\.C/(e)\
231,40,4,chose,chose,NOM,1182,chose_+CIT,N,N,,1027,,'C/V\.C/(e)\
232,40,5,que,que,PROCON,1183,que3_S,Sub,Sub,que,1027,,C/(e)\
233,40,6,d',d',PRE,1184,de_+S,Pre,Pre,de,1027,,C/\
234,40,7,amours,amours,NOM,1185,amor_*+G,N,N,,1027,,/V\.'C/V\
235,41,1,ne,ne,PRO:clit,1187,en2_S,Neg,Neg$$,ne1,1027,,C/(e)\
236,41,2,s',s',PRO:pers,1188,soi1_S,Prn,Prn$$,soi,1027,,C/\
237,41,3,en,en,PRO:clit,1189,en2_S,Prn,Prn$$,en2,1027,,/V\
238,41,4,osoit,osoit,VER,1190,oser_+I,Vfin,Vfin,oser,1027,,/V\.'C/V\
239,41,5,ou,ou,PRO:pers,1191,il|vos1_S|S,Crd,Crd,ou1,1027,,/V\
240,41,6,ne,ne,PRO:clit,1192,en2_S,Neg,Neg$$,ne1,1027,,C/(e)\
241,41,7,vouloit,vouloit,VER,1193,voloir_+C,Vfin,Vfin,vouloir,1027,,C/V\.'C/V\
242,42,1,Sy,sy,VER,1196,seeir_M,Adv,Adv,si4,1027,,C/V\
243,42,2,advint,advint,VER,1197,<nolem>,Vfin,Vfin,avenir,1027,,/V\.'C/V\
244,42,3,",",",",PON,1198,",",Pnc,Pnc,,1027,,
245,42,4,ainsy,ainsy,ADV,1199,ainsi_*+CIT,Adv,Adv,ainsi,1027,,/V\.'C/V\
246,42,5,que,que,PROCON,1200,que3_S,Sub,Sub,que,1027,,C/(e)\
247,42,6,Fortune,fortune,NOM,1201,fortune_+IT,N,N,,1027,,C/V\.'C/V\.C/(e)\
248,43,1,Madame,madame,NOM,1208,dame_+I,N,N,,1027,,C/V\.'C/V\.C/(e)\
249,43,2,venoit,venoit,VER,1209,venir_+I,Vfin,Vfin,venir,1027,,C/V\.'C/V\
250,43,3,en,en,PRE,1210,en1_+S,Pre,Pre,en1,1027,,/V\
251,43,4,sa,sa,DET:poss,1211,son4_S,Det,Det,son4,1027,,C/V\
252,43,5,chambre,chambre,NOM,1212,chambre1|chambre_+T|CI,N,N,,1027,,'C/V\.C/(e)\
253,44,1,qui,qui,PROCON,1214,qui_S,Qux,Qux,qui,1027,s,C/V\
254,44,2,sur,sur,PRE,1215,sor2_+S,PrA,PrA,sur,1027,,C/V\
255,44,3,jour,jour,NOM,1216,jor_+C,N,N,,1027,,C/V\
256,44,4,la,la,DET:def,1217,le_S,Det,Det,le,1027,,C/V\
257,44,5,royne,royne,NOM,1218,röine1|röine2_*+IdTTd|+Td,N,N,,1027,,C/(V)\.'/V\.C/(e)\
258,44,6,avoit,avoit,VER,1219,avoiier|avoir_+MI|+MI,Vfin,Vfin,avoir1,1027,,/V\.'C/V\
259,44,7,mis,mis,VER,1220,manoir|metre|mettre_M|CIM|M,Vpp,Vpp,mettre,1027,,C/V\
260,45,1,la,la,DET:def,1217,le_S,Det,Det,le,1027,,C/V\
261,45,2,royne,royne,NOM,1218,röine1|röine2_*+IdTTd|+Td,N,N,,1027,,C/(V)\.'/V\.C/(e)\
262,45,3,avoit,avoit,VER,1219,avoiier|avoir_+MI|+MI,Vfin,Vfin,avoir1,1027,,/V\.'C/V\
263,45,4,mis,mis,VER,1220,manoir|metre|mettre_M|CIM|M,Vpp,Vpp,mettre,1027,,C/V\
264,45,5,a,a,PRE,1221,a_S,Pre,Pre,à,1027,,/V\
265,45,6,dormir,dormir,VER,1222,dormir_+IT,Vinf,Vinf,dormir,1027,,C/V\.'C/V\
266,46,1,les,les,DET:def,1254,le_S,Det,Det,le,1027,,C/V\
267,46,2,joueurs,joueurs,NOM,1255,<unknown>,N,N,,1027,,C/V\.'C/V\
268,46,3,de,de,PRE,1256,de_+S,Pre,Pre,de,1027,,C/(e)\
269,46,4,palme,palme,NOM,1257,paume1|paume2_+T|+T,N,N,,1027,,'C/V\.C/(e)\
270,46,5,jouer,jouer,VER,1258,jouer_M,Vinf,Vinf,jouer,1027,,C/V\.'C/V\
271,47,1,Et,et,CON:coord,1260,et_S,Crd,Crd,et,1027,,/V\
272,47,2,quant,quant,ADV,1261,cant_C,Sub,Sub,quand,1027,,C/V\
273,47,3,il,il,PRO:pers,1262,il_S,Prn,Prn$,3p,1027,s,/V\
274,47,4,vit,vit,VER,1263,vivre1|vëoir_+I|+I,Vfin,Vfin,voir1,1027,,C/V\
275,47,5,les,les,DET:def,1264,le_S,Det,Det,le,1027,,C/V\
276,47,6,escuiers,escuiers,NOM,1265,escuier2|escuier_+I|CI,N,N,,1027,,/V\.C/V\.'C/V\
277,48,1,et,et,CON:coord,1290,et_S,Crd,Crd,et,1027,,/V\
278,48,2,",",",",PON,1291,",",Pnc,Pnc,,1027,,
279,48,3,en,en,PRE,1292,en1_+S,Pre,Pre,en1,1027,,/V\
280,48,4,passant,passant,VER,1293,passer_IM,Vprs,Vprs,passer,1027,,C/V\.'C/V\
281,48,5,oultre,oultre,ADV,1294,outre_C,PrA,PrA,outre2,1027,,'/V\.C/(e)\
282,48,6,",",",",PON,1295,",",Pnc,Pnc,,1027,,
283,48,7,lui,lui,PRO:pers,1296,il|loi1_S|S,Prn,Prn$$,3p,1027,,C/V\
284,48,8,dist,dist,VER,1297,dire_+CMI,Vfin,Vfin,dire,1027,,C/V\
285,49,1,de,de,PRE,1314,de_+S,Pre,Pre,de,1027,,C/(e)\
286,49,2,bien,bien,NOM,1315,bien2|bien_+IT|CI,N,N,bien,1027,,C/V\
287,49,3,",",",",PON,1316,",",Pnc,Pnc,,1027,,
288,49,4,que,que,PROCON,1317,que3_S,Sub,Sub,que,1027,,C/(e)\
289,49,5,de,de,PRE,1318,de_+S,Pre,Pre,de,1027,,C/(e)\
290,49,6,non,non,NOM,1319,nom_+CIT,Neg,Neg,non,1027,,C/V\
291,49,7,convoier,convoier,VER,1320,convoiier_+MI,Vinf,Vinf,convoyer,1027,,C/V\.C/V\.'C/V\
292,50,1,que,que,PROCON,1317,que3_S,Sub,Sub,que,1027,,C/(e)\
293,50,2,de,de,PRE,1318,de_+S,Pre,Pre,de,1027,,C/(e)\
294,50,3,non,non,NOM,1319,nom_+CIT,Neg,Neg,non,1027,,C/V\
295,50,4,convoier,convoier,VER,1320,convoiier_+MI,Vinf,Vinf,convoyer,1027,,C/V\.C/V\.'C/V\
296,50,5,les,les,DET:def,1321,le_S,Det,Det,le,1027,,C/V\
297,50,6,dames,dames,NOM,1322,dame_+CI,N,N,,1027,,'C/V\.C/e\
298,51,1,passez,passez,VER,1329,passer_IM,Vfin,Vfin,passer,1027,,C/V\.'C/V\
299,51,2,et,et,CON:coord,1330,et_S,Crd,Crd,et,1027,,/V\
300,51,3,vous,vous,PRO:pers,1331,vos1_S,Prn,Prn$,2pp,1027,,C/V\
301,51,4,mettez,mettez,VER,1332,metre_M,Vfin,Vfin,mettre,1027,,C/V\.'C/V\
302,51,5,devant,devant,PRE,1333,devant_S,PrA,PrA,devant,1027,,C/V\.'C/V\
303,52,1,tout,tout,PRO:ind,1348,tot_S,QIs,QIs,tout,1027,,C/V\
304,52,2,enfflamé,enfflamé,VER,1349,<unknown>,Vpp,Vpp,,1027,,/V\.C/V\.'C/V\
305,52,3,",",",",PON,1350,",",Pnc,Pnc,,1027,,
306,52,4,soy,soy,PRO:pers,1351,soi1_S,Prn,Prn,soi,1027,,C/V\
307,52,5,inclinant,inclinant,NIL,1352,encliner_G,Vprs,Vprs,,1027,,/V\.C/V\.'C/V\
308,53,1,se,se,PRO:invar,1354,ce1_S,Prn,Prn,ce1,1027,,C/(e)\
309,53,2,met,met,VER,1355,metre|mettre_IM|M,Vfin,Vfin,mettre,1027,,C/V\
310,53,3,devant,devant,PRE,1356,devant_S,PrA,PrA,devant,1027,,C/V\.'C/V\
311,53,4,avec,avec,PRE,1357,avuec_S,PrA,PrA,avec,1027,,/V\.'C/V\
312,53,5,les,les,DET:def,1358,le_S,Det,Det,le,1027,,C/V\
313,53,6,aultres,aultres,ADJ,1359,autre_Z,Adj,Adj,autre,1027,,'/V\.C/e\
314,54,1,avec,avec,PRE,1375,avuec_S,PrA,PrA,avec,1027,,/V\.'C/V\
315,54,2,ses,ses,DET:poss,1376,son4_S,Det,Det,son4,1027,,C/V\
316,54,3,femmes,femmes,NOM,1377,feme_+CI,N,N,,1027,,'C/V\.C/e\
317,54,4,et,et,CON:coord,1378,et_S,Crd,Crd,et,1027,,/V\
318,54,5,leur,leur,NOM,1379,<unknown>,Adj,Adj,leur2,1027,,C/V\
319,54,6,dist,dist,VER,1380,dire_+CMI,Vfin,Vfin,dire,1027,,C/V\
320,55,1,nous,nous,PRO:pers,1390,nos1_S,Prn,Prn$,1pp,1027,,C/V\
321,55,2,rirons,rirons,VER,1391,rire_+M,Vfin,Vfin,rire,1027,,C/V\.'C/V\
322,55,3,!,!,PON,1392,!,Pnc,Pnc,,1027,,
323,55,4,»,»,PON:cit,1393,ğ,Pnc,Pnc,,1027,,
324,55,5,.,.,PON,1394,.,Pnc,Pnc,,1027,,
325,55,6,Lors,lors,ADV,1395,lors_+CIT,Adv,Adv,lors,1027,,C/V\
326,55,7,dist,dist,VER,1396,dire_+CMI,Vfin,Vfin,dire,1027,,C/V\
327,55,8,dame,dame,NOM,1397,dam|dame|dan2_+T|+CIT|+T,N,N,,1027,,'C/V\.C/(e)\
328,55,9,Jehanne,jehanne,NPR,1398,<nolem>_C,N,N,,1027,,C/(V)\.'/V\.C/(e)\
329,56,1,vous,vous,PRO:pers,1413,vos1_S,Prn,Prn$,2pp,1027,s,C/V\
330,56,2,verrez,verrez,VER,1414,vëoir_+I,Vfin,Vfin,voir1,1027,,C/V\.'C/V\
331,56,3,tantost,tantost,ADV,1415,tantost_+IT,Adv,Adv,tantôt,1027,,C/V\.'C/V\
332,56,4,la,la,DET:def,1416,le_S,Det,Det,le,1027,,C/V\
333,56,5,bataille,bataille,NOM,1417,bataille_+IT,N,N,,1027,,C/V\.'C/V\.C/(e)\
334,57,1,du,du,PREDET:de,1418,de+le_S,Pre+Det,Pre+Det,de+le,1027,,C/V\
335,57,2,petit,petit,ADJ,1419,petit_+CIT,Adj,Adj,petit,1027,,C/V\.'C/V\
336,57,3,Saintré,saintré,VER,1420,<unknown>,N,N,,1027,,C/V\.'C/V\
337,57,4,et,et,CON:coord,1421,et_S,Crd,Crd,et,1027,,/V\
338,57,5,de,de,PRE,1422,de_+S,Pre,Pre,de,1027,,C/(e)\
339,57,6,moy,moy,PRO:pers,1423,je_S,Prn,Prn,1ps,1027,,C/V\
340,58,1,Allez,allez,VER,1468,aler_+M,Vfin,Vfin,aller,1027,,/V\.'C/V\
341,58,2,vous,vous,PRO:pers,1469,vos1_S,Prn,Prn%$,2pp,1027,,C/V\
342,58,3,en,en,PRE,1470,en1_+S,Prn,Prn%%,en2,1027,,/V\
343,58,4,",",",",PON,1471,",",Pnc,Pnc,,1027,,
344,58,5,entre,entre,PRE,1472,entre2_+S,PrA,PrA,entre,1027,,'/V\.C/(e)\
345,58,6,vous,vous,PRO:pers,1473,vos1_S,Prn,Prn,2pp,1027,,C/V\
346,58,7,",",",",PON,1474,",",Pnc,Pnc,,1027,,
347,58,8,hommes,hommes,NOM,1475,ome_+C,N,N,,1027,,'/V\.C/e\
348,59,1,Madame,madame,NOM,1541,dame_+I,N,N,,1027,,C/V\.'C/V\.C/(e)\
349,59,2,",",",",PON,1542,",",Pnc,Pnc,,1027,,
350,59,3,assise,assise,VER,1543,asseoir|assëoir|seoir_+C|I|M,Vpp,Vpp,asseoir,1027,,/V\.'C/V\.C/(e)\
351,59,4,sur,sur,PRE,1544,sor2_+S,PrA,PrA,sur,1027,,C/V\
352,59,5,les,les,DET:def,1545,le_S,Det,Det,le,1027,,C/V\
353,59,6,piez,piez,NOM,1546,pie|pié_+C|+I,N,N,,1027,,C/V\
354,60,1,voulloit,voulloit,VER,1589,voloir_*+C,Vfin,Vfin,vouloir,1029,,C/V\.'C/V\
355,60,2,venir,venir,VER,1590,venir_+IT,Vinf,Vinf,venir,1029,c,C/V\.'C/V\
356,60,3,",",",",PON,1591,",",Pnc,Pnc,,1029,,
357,60,4,sy,sy,VER,1592,seeir_M,Adv,Adv,si4,1029,,C/V\
358,60,5,lui,lui,PRO:pers,1593,il|loi1_S|S,Prn,Prn$$,3p,1029,,C/V\
359,60,6,promist,promist,VER,1594,prometre_+CI,Vfin,Vfin,promettre,1029,,C/V\.'C/V\
360,61,1,Et,et,CON:coord,1618,et_S,Crd,Crd,et,1029,,/V\
361,61,2,en,en,PRE,1619,en1_+S,Pre,Pre,en1,1029,,/V\
362,61,3,ces,ces,DET:demo,1620,cel|cest_S|S,Dem,Dem,cist,1029,,C/V\
363,61,4,penssemens,penssemens,NOM,1621,<unknown>,N,N,,1029,,C/V\.C/e\.'C/V\
364,61,5,",",",",PON,1622,",",Pnc,Pnc,,1029,,
365,61,6,Madame,madame,NOM,1623,dame_+I,N,N,,1029,s,C/V\.'C/V\.C/(e)\
366,62,1,Or,or,ADV,1633,or4|or_+IT|CI,Adv,Adv,or2,1029,,/V\
367,62,2,ça,ça,VER,1634,<unknown>,Adv,Adv,çà,1029,,C/V\
368,62,3,",",",",PON,1635,",",Pnc,Pnc,,1029,,
369,62,4,maistre,maistre,NOM,1636,mitre1_+T,N,N,,1029,,'C/V\.C/(e)\
370,62,5,",",",",PON,1637,",",Pnc,Pnc,,1029,,
371,62,6,ça,ça,NPR,1638,<unknown>,Adv,Adv,çà,1029,,C/V\
372,62,7,",",",",PON,1639,",",Pnc,Pnc,,1029,,
373,62,8,par,par,PRE,1640,par_S,Pre,Pre,par1,1029,,C/V\
374,62,9,la,la,DET:def,1641,le_S,Det,Det,le,1029,,C/V\
375,62,10,foy,foy,NOM,1642,foi_+C,N,N,,1029,,C/V\
376,63,1,ça,ça,NPR,1638,<unknown>,Adv,Adv,çà,1029,,C/V\
377,63,2,",",",",PON,1639,",",Pnc,Pnc,,1029,,
378,63,3,par,par,PRE,1640,par_S,Pre,Pre,par1,1029,,C/V\
379,63,4,la,la,DET:def,1641,le_S,Det,Det,le,1029,,C/V\
380,63,5,foy,foy,NOM,1642,foi_+C,N,N,,1029,,C/V\
381,63,6,que,que,PROCON,1643,que3_S,Qux,Qux,que,1029,c,C/(e)\
382,63,7,j',j',PRO:pers,1644,je_S,Prn,Prn$,1ps,1029,s,C/\
383,63,8,ay,ay,VER,1645,avoir_+M,Vfin,Vfin,avoir1,1029,,/V\
384,63,9,de,de,PRE,1646,de_+S,Pre,Pre,de,1029,,C/(e)\
385,63,10,vous,vous,PRO:pers,1647,vos1_S,Prn,Prn,2pp,1029,,C/V\
386,64,1,les,les,DET:def,1688,le_S,Det,Det,le,1029,,C/V\
387,64,2,yeulx,yeulx,NOM,1689,<nolem>,N,N,,1029,,C/V\
388,64,3,lui,lui,PRO:pers,1690,il|loi1_S|S,Prn,Prn,3p,1029,,C/V\
389,64,4,larmoiant,larmoiant,VER,1691,<unknown>,Vprs,Vprs,,1029,,C/V\.C/V\.'C/V\
390,64,5,",",",",PON,1692,",",Pnc,Pnc,,1029,,
391,64,6,le,le,DET:def,1693,le_S,Det,Det,le,1029,,C/(e)\
392,64,7,ceur,ceur,NOM,1694,cor2|cors2|cort1_*+T|+T|+I,N,N,,1029,,C/V\
393,65,1,par,par,PRE,1703,par_S,Pre,Pre,par1,1029,,C/V\
394,65,2,sy,sy,VER,1704,seeir_M,Adv,Adv,si4,1029,,C/V\
395,65,3,qu',qu',PROCON,1705,que1|que2|que3|que4_S|S|S|S,Sub,Sub,que,1029,,C/\
396,65,4,il,il,PRO:pers,1706,il_S,Prn,Prn$,3p,1029,s,/V\
397,65,5,ne,ne,PRO:clit,1707,en2_S,Neg,Neg$$,ne1,1029,,C/(e)\
398,65,6,sceust,sceust,VER,1708,savoir_+MMd,Vfin,Vfin,savoir,1029,,C/(V)\.'/V\
399,65,7,ung,ung,DET:ndf,1709,un_S,QIs,QIs,un,1029,,/V\
400,65,8,seul,seul,ADJ,1710,sol1|sol_+IT|I,Adj,Adj,seul,1029,,C/V\
401,65,9,mot,mot,NOM,1711,mot_+CIT,N,N,,1029,,C/V\
402,66,1,et,et,CON:coord,1728,et_S,Crd,Crd,et,1029,,/V\
403,66,2,que,que,PROCON,1729,que3_S,Sub,Sub,que,1029,c,C/(e)\
404,66,3,vuelt,vuelt,VER,1730,voloir_+Z,Vfin,Vfin,vouloir,1029,,C/V\
405,66,4,dire,dire,VER,1731,dire_+MIT,Vinf,Vinf,dire,1029,c,'C/V\.C/(e)\
406,66,5,ceste,ceste,DET:demo,1732,cest_S,Dem,Dem,cist,1029,,'C/V\.C/(e)\
407,66,6,chiere,chiere,NOM,1733,chiere_+IT,N,N,,1029,,'C/V\.C/(e)\
408,67,1,qui,qui,PROCON,1740,qui_S,Qux,Qux,qui,1029,s,C/V\
409,67,2,entour,entour,ADV,1741,entor_C,PrA,PrA,entour,1029,,/V\.'C/V\
410,67,3,rioient,rioient,VER,1742,rire_+M,Vfin,Vfin,rire,1029,,C/V\.'C/V\./e\
411,67,4,",",",",PON,1743,",",Pnc,Pnc,,1029,,
412,67,5,lui,lui,PRO:pers,1744,il|loi1_S|S,Prn,Prn$$,3p,1029,,C/V\
413,67,6,dirent,dirent,VER,1745,dire_+M,Vfin,Vfin,dire,1029,,'C/V\.C/e\
414,68,1,puis,puis,ADV,1761,puis_IT,PrA,PrA,puis,1029,,C/V\
415,68,2,quant,quant,ADV,1762,cant_C,Sub,Sub,quand,1029,,C/V\
416,68,3,vostre,vostre,DET:poss,1763,vostre_S,Det,Det,votre,1029,,'C/V\.C/(e)\
417,68,4,dame,dame,NOM,1764,dam|dame|dan2_+T|+CIT|+T,N,N,,1029,,'C/V\.C/(e)\
418,68,5,ne,ne,PRO:clit,1765,en2_S,Neg,Neg$$,ne1,1029,,C/(e)\
419,68,6,veistes,veistes,VER,1766,vëoir_+IdMd,Vfin,Vfin,voir1,1029,,C/(V)\.'/V\.C/e\
420,69,1,Ce,ce,PRO:invar,1768,ce1_S,Prn,Prn,ce1,1029,s,C/(e)\
421,69,2,n',n',PRO:clit,1769,en2_S,Neg,Neg$$,ne1,1029,,C/\
422,69,3,est,est,VER,1770,ester|estre1_+M|+I,Vfin,Vfin,être1|ester,1029,,/V\
423,69,4,pas,pas,NOM,1771,pas|past2_+IT|+T,Neg,Neg,pas1,1029,,C/V\
424,69,5,grant,grant,ADJ,1772,grant_+CIT,Adj,Adj,grand,1029,,C/V\
425,69,6,demande,demande,VER,1773,demander_+CI,N,N,,1029,,C/V\.'C/V\.C/(e)\
426,69,7,!,!,PON,1774,!,Pnc,Pnc,,1029,,
427,69,8,»,»,PON:cit,1775,ğ,Pnc,Pnc,,1029,,
428,69,9,Et,et,CON:coord,1776,et_S,Crd,Crd,et,1029,,/V\
429,69,10,tant,tant,ADV,1777,tant_CI,QIs,QIs,tant,1029,,C/V\
430,70,1,Et,et,CON:coord,1776,et_S,Crd,Crd,et,1029,,/V\
431,70,2,tant,tant,ADV,1777,tant_CI,QIs,QIs,tant,1029,,C/V\
432,70,3,le,le,PRO:pers,1778,il_S,Prn,Prn$$,3p,1029,c,C/(e)\
433,70,4,presserent,presserent,VER,1779,<unknown>,Vfin,Vfin,,1029,,C/V\.'C/V\.C/e\
434,70,5,",",",",PON,1780,",",Pnc,Pnc,,1029,,
435,70,6,qu',qu',PROCON,1781,que1|que2|que3|que4_S|S|S|S,Sub,Sub,que,1029,,C/\
436,70,7,il,il,PRO:pers,1782,il_S,Prn,Prn$,3p,1029,s,/V\
437,70,8,dist,dist,VER,1783,dire_+CMI,Vfin,Vfin,dire,1029,,C/V\
438,71,1,N',n',PRO:clit,1795,en2_S,Neg,Neg$$,ne1,1029,,C/\
439,71,2,en,en,PRO:clit,1796,en2_S,Prn,Prn$$,en2,1029,,/V\
440,71,3,avez,avez,VER,1797,avoir_+IM,Vfin,Vfin,avoir1,1029,,/V\.'C/V\
441,71,4,vous,vous,PRO:pers,1798,vos1_S,Prn,Prn%,2pp,1029,s,C/V\
442,71,5,point,point,NOM,1799,point_+CIT,Neg,Neg,point2,1029,c,C/V\
443,71,6,?,?,PON,1800,?,Pnc,Pnc,,1029,,
444,71,7,dist,dist,VER,1801,dire_+CMI,Vfin,Vfin,dire,1029,,C/V\
445,71,8,Madame,madame,NOM,1802,dame_+I,N,N,,1029,s,C/V\.'C/V\.C/(e)\
446,72,1,et,et,CON:coord,1822,et_S,Crd,Crd,et,1029,,/V\
447,72,2,vouldriez,vouldriez,VER,1823,<unknown>,Vfin,Vfin,vouloir,1029,,C/V\.C/<V>\.'/V\
448,72,3,que,que,PROCON,1824,que3_S,Sub,Sub,que,1029,,C/(e)\
449,72,4,fust,fust,VER,1825,estre1|fuster_+I|+M,Vfin,Vfin,être1|ester,1029,,C/V\
450,72,5,vostre,vostre,DET:poss,1826,vostre_S,Det,Det,votre,1029,,'C/V\.C/(e)\
451,72,6,dame,dame,NOM,1827,dam|dame|dan2_+T|+CIT|+T,N,N,,1029,,'C/V\.C/(e)\
452,73,1,Le,le,DET:def,1837,le_S,Det,Det,le,1029,,C/(e)\
453,73,2,petit,petit,ADJ,1838,petit_+CIT,Adj,Adj,petit,1029,,C/V\.'C/V\
454,73,3,Saintré,saintré,VER,1839,<unknown>,N,N,,1029,,C/V\.'C/V\
455,73,4,",",",",PON,1840,",",Pnc,Pnc,,1029,,
456,73,5,qui,qui,PROCON,1841,qui_S,Qux,Qux,qui,1029,s,C/V\
457,73,6,encores,encores,ADV,1842,encore_+IT,Adv,Adv,encore,1029,,/V\.'C/V\.C/e\
458,74,1,qui,qui,PROCON,1841,qui_S,Qux,Qux,qui,1029,s,C/V\
459,74,2,encores,encores,ADV,1842,encore_+IT,Adv,Adv,encore,1029,,/V\.'C/V\.C/e\
460,74,3,",",",",PON,1843,",",Pnc,Pnc,,1029,,
461,74,4,comme,comme,VER,1844,commer_M,Sub,Sub,comme,1029,,'C/V\.C/(e)\
462,74,5,dit,dit,VER,1845,dire_+CMI,Vpp,Vpp,dire,1029,,C/V\
463,74,6,est,est,VER,1846,ester|estre1_+M|+I,Vfin,Vfin,être1|ester,1029,,/V\
464,75,1,fors,fors,ADV,1866,fors2|fuer1_+T|+T,PrA,PrA,hors,1029,,C/V\
465,75,2,de,de,PRE,1867,de_+S,Pre,Pre,de,1029,,C/(e)\
466,75,3,entortellier,entortellier,VER,1868,<unknown>,Vinf,Vinf,,1029,,/V\.C/V\.C/e\.'C/V\
467,75,4,le,le,DET:def,1869,le_S,Det,Det,le,1029,,C/(e)\
468,75,5,pendant,pendant,NOM,1870,pendant_+IT,N,N,,1029,,C/V\.'C/V\
469,76,1,de,de,PRE,1871,de_+S,Pre,Pre,de,1030,,C/(e)\
470,76,2,sa,sa,DET:poss,1872,son4_S,Det,Det,son4,1030,,C/V\
471,76,3,ceinture,ceinture,NOM,1873,ceinture_+IT,N,N,,1030,,C/V\.'C/V\.C/(e)\
472,76,4,entour,entour,ADV,1874,entor_C,PrA,PrA,entour,1030,,/V\.'C/V\
473,76,5,ces,ces,DET:demo,1875,cel|cest_S|S,Dem,Dem,cist,1030,,C/V\
474,76,6,dois,dois,NOM,1876,dois_+IT,N,N,,1030,,C/V\
475,77,1,entour,entour,ADV,1874,entor_C,PrA,PrA,entour,1030,,/V\.'C/V\
476,77,2,ces,ces,DET:demo,1875,cel|cest_S|S,Dem,Dem,cist,1030,,C/V\
477,77,3,dois,dois,NOM,1876,dois_+IT,N,N,,1030,,C/V\
478,77,4,",",",",PON,1877,",",Pnc,Pnc,,1030,,
479,77,5,sans,sans,PRE,1878,sans_+S,Pre,Pre,sans,1030,,C/V\
480,77,6,mot,mot,NOM,1879,mot_+CIT,N,N,,1030,c,C/V\
481,77,7,parler,parler,VER,1880,parler_+MIT,Vinf,Vinf,parler,1030,,C/V\.'C/V\
482,78,1,sans,sans,PRE,1878,sans_+S,Pre,Pre,sans,1030,,C/V\
483,78,2,mot,mot,NOM,1879,mot_+CIT,N,N,,1030,c,C/V\
484,78,3,parler,parler,VER,1880,parler_+MIT,Vinf,Vinf,parler,1030,,C/V\.'C/V\
485,78,4,fut,fut,VER,1881,estre|futre_CMMdI|M,Vfin,Vfin,être1|ester,1030,,C/V\
486,78,5,longuement,longuement,ADV,1882,longement_I,Adv,Adv,,1030,,C/V\.C/e\.'C/V\
487,79,1,dame,dame,NOM,1942,dam|dame|dan2_+T|+CIT|+T,N,N,,1030,,'C/V\.C/(e)\
488,79,2,Katherine,katherine,NPR,1943,<nolem>_C,N,N,,1030,,C/V\.C/V\.'C/V\.C/(e)\
489,79,3,",",",",PON,1944,",",Pnc,Pnc,,1030,,
490,79,4,Isabel,isabel,NPR,1945,<nolem>,N,N,,1030,&,/V\.C/V\.'C/V\
491,80,1,de,de,PRE,1972,de_+S,Pre,Pre,de,1030,,C/(e)\
492,80,2,vous,vous,PRO:pers,1973,vos1_S,Prn,Prn,2pp,1030,,C/V\
493,80,3,faire,faire,VER,1974,faire_+MIT,Vinf,Vinf,faire,1030,,'C/V\.C/(e)\
494,80,4,telle,telle,ADJ,1975,tel_+C,Adj,Adj,tel,1030,,'C/V\.C/(e)\
495,80,5,responce,responce,NOM,1976,response_*+CIT,N,N,,1030,,C/V\.'C/V\.C/(e)\
496,81,1,dittes,dittes,VER,2043,dire_+C,Vfin,Vfin,dire,1030,,'C/V\.C/e\
497,81,2,seurement,seurement,ADV,2044,seurement|sëurement_C|Id,Adv,Adv,si4,1030,,C/(V)\./V\.C/e\.'C/V\
498,81,3,a,a,PRE,2045,a_S,Pre,Pre,à,1030,,/V\
499,81,4,Madame,madame,NOM,2046,dame_+I,N,N,,1030,,C/V\.'C/V\.C/(e)\
500,82,1,puis,puis,ADV,2047,puis_IT,PrA,PrA,puis,1030,,C/V\
501,82,2,quant,quant,ADV,2048,cant_C,Sub,Sub,quand,1030,,C/V\
502,82,3,ne,ne,PRO:clit,2049,en2_S,Neg,Neg$$,ne1,1030,,C/(e)\
503,82,4,veistes,veistes,VER,2050,vëoir_+IdMd,Vfin,Vfin,voir1,1030,,C/(V)\.'/V\.C/e\
504,82,5,vostre,vostre,DET:poss,2051,vostre_S,Det,Det,votre,1030,,'C/V\.C/(e)\
505,82,6,dame,dame,NOM,2052,dam|dame|dan2_+T|+CIT|+T,N,N,,1030,,'C/V\.C/(e)\
506,83,1,Que,que,PROCON,2076,que3_S,Qux,Qux,que,1030,c,C/(e)\
507,83,2,voullez,voullez,VER,2077,<unknown>,Vfin,Vfin,vouloir,1030,,C/V\.'C/V\
508,83,3,vous,vous,PRO:pers,2078,vos1_S,Prn,Prn%,2pp,1030,s,C/V\
509,83,4,que,que,PROCON,2079,que3_S,Sub,Sub,que,1030,c,C/(e)\
510,83,5,je,je,PRO:pers,2080,je_S,Prn,Prn$,1ps,1030,s,C/(e)\
511,83,6,vous,vous,PRO:pers,2081,vos1_S,Prn,Prn$$,2pp,1030,,C/V\
512,83,7,dye,dye,VER,2082,dire_+M,Vfin,Vfin,dire,1030,,'C/V\./(e)\
513,84,1,je,je,PRO:pers,2097,je_S,Prn,Prn$,1ps,1030,s,C/(e)\
514,84,2,le,le,PRO:pers,2098,il_S,Prn,Prn$$,3p,1030,c,C/(e)\
515,84,3,diroye,diroye,VER,2099,dire_+M,Vfin,Vfin,dire,1030,,C/V\.'C/V\./(e)\
516,84,4,voullentiers,voullentiers,GDF,2100,volontiers_G,Adv,Adv,volentiers,1030,,C/V\.C/V\.'C/V\
517,85,1,Je,je,PRO:pers,2141,je_S,Prn,Prn$,1ps,1031,s,C/(e)\
518,85,2,n',n',PRO:clit,2142,en2_S,Neg,Neg$$,ne1,1031,,C/\
519,85,3,entendz,entendz,VER,2143,entendre_+M,Vfin,Vfin,entendre,1031,,/V\.'C/V\
520,85,4,point,point,NOM,2144,point_+CIT,Neg,Neg,point2,1031,,C/V\
521,85,5,de,de,PRE,2145,de_+S,Pre,Pre,de,1031,,C/(e)\
522,85,6,vostre,vostre,DET:poss,2146,vostre_S,Det,Det,votre,1031,,'C/V\.C/(e)\
523,85,7,mere,mere,NOM,2147,mere_+CIT,N,N,,1031,,'C/V\.C/(e)\
524,86,1,De,de,PRE,2187,de_+S,Pre,Pre,de,1031,,C/(e)\
525,86,2,celles,celles,PRO:demo,2188,cel_S,Dem,Dem,cil,1031,,'C/V\.C/e\
526,86,3,qui,qui,PROCON,2189,qui_S,Qux,Qux,qui,1031,s,C/V\
527,86,4,riens,riens,ADV,2190,riens_Z,N,N,rien,1031,a,C/V\
528,86,5,ne,ne,PRO:clit,2191,en2_S,Neg,Neg$$,ne1,1031,,C/(e)\
529,86,6,me,me,PRO:pers,2192,je_S,Prn,Prn$$,1ps,1031,,C/(e)\
530,86,7,sont,sont,VER,2193,estre1|estre_+I|CMI,Vfin,Vfin,être1|ester,1031,,C/V\
531,87,1,madame,madame,NOM,2199,dame_+I,N,N,,1031,,C/V\.'C/V\.C/(e)\
532,87,2,",",",",PON,2200,",",Pnc,Pnc,,1031,,
533,87,3,je,je,PRO:pers,2201,je_S,Prn,Prn$,1ps,1031,s,C/(e)\
534,87,4,n',n',PRO:clit,2202,en2_S,Neg,Neg$$,ne1,1031,,C/\
535,87,5,en,en,PRO:clit,2203,en2_S,Prn,Prn$$,en2,1031,,/V\
536,87,6,ayme,ayme,VER,2204,amer_M,Vfin,Vfin,aimer,1031,,'/V\.C/(e)\
537,87,7,nulle,nulle,PRO:ind,2205,nul_S,QIs,QIs,nul,1031,c,'C/V\.C/(e)\
538,88,1,lui,lui,PRO:pers,2210,il|loi1_S|S,Prn,Prn$$,3p,1031,,C/V\
539,88,2,dist,dist,VER,2211,dire_+CMI,Vfin,Vfin,dire,1031,,C/V\
540,88,3,:,:,PON,2212,:,Pnc,Pnc,,1031,,
541,88,4,«,«,PON:cit,2213,Ğ,Pnc,Pnc,,1031,,
542,88,5,N',n',PRO:clit,2214,en2_S,Neg,Neg$$,ne1,1031,,C/\
543,88,6,en,en,PRO:clit,2215,en2_S,Prn,Prn$$,en2,1031,,/V\
544,88,7,amez,amez,VER,2216,amer1|amer_+I|MI,Vfin,Vfin,aimer,1031,,/V\.'C/V\
545,88,8,vous,vous,PRO:pers,2217,vos1_S,Prn,Prn%,2pp,1031,s,C/V\
546,88,9,nulle,nulle,DET:ind,2218,nul_S,QIs,QIs,nul,1031,c,'C/V\.C/(e)\
547,88,10,?,?,PON,2219,?,Pnc,Pnc,,1031,,
548,88,11,Ha,ha,INT,2220,a2|hay!_+T|+T,Exc,Exc,,1031,,/V\
549,89,1,et,et,CON:coord,2304,et_S,Crd,Crd,et,1031,,/V\
550,89,2,escuiers,escuiers,NOM,2305,escuier2|escuier_+I|CI,N,N,,1031,,/V\.C/V\.'C/V\
551,89,3,de,de,PRE,2306,de_+S,Pre,Pre,de,1031,,C/(e)\
552,89,4,ce,ce,DET:demo,2307,cel|cist_S|S,Dem,Dem,cist,1031,,C/(e)\
553,89,5,royaume,royaume,NOM,2308,roiaume_*+IT,N,N,,1031,,C/V\.'C/V\.C/(e)\
554,90,1,de,de,PRE,2338,de_+S,Pre,Pre,de,1031,,C/(e)\
555,90,2,leurs,leurs,DET:poss,2339,lor2_S,Det,Det,leur2,1031,,C/V\
556,90,3,tres,tres,NOM,2340,tref2_+I,Adv,Adv,très,1031,,C/V\
557,90,4,desirees,desirees,VER,2341,desirrer_*+T,Vpp,Vpp,désirer,1031,,C/V\.C/V\.'C/V\./e\
558,90,5,dames,dames,NOM,2342,dame_+CI,N,N,,1031,,'C/V\.C/e\
559,91,1,sont,sont,VER,2363,estre1|estre_+I|CMI,Vfin,Vfin,être1|ester,1031,,C/V\
560,91,2,venus,venus,VER,2364,venir_*+I,Vpp,Vpp,venir,1031,,C/V\.'C/V\
561,91,3,en,en,PRO:clit,2365,en2_S,Pre,Pre,en1,1031,,/V\
562,91,4,sy,sy,VER,2366,seeir_M,Adv,Adv,si4,1031,,C/V\
563,91,5,hault,hault,ADJ,2367,haut_+Z,Adj,Adj,haut,1031,,C/V\
564,91,6,honneur,honneur,NOM,2368,onor_*+IT,N,N,,1031,,/V\.'C/V\
565,92,1,ne,ne,PRO:clit,2392,en2_S,Crd,Crd,ne2,1031,,C/(e)\
566,92,2,que,que,PROCON,2393,que3_S,Sub,Sub,que,1031,,C/(e)\
567,92,3,d',d',PRE,2394,de_+S,Pre,Pre,de,1031,,C/\
568,92,4,un,un,DET:ndf,2395,un_S,QIs,QIs,un,1031,,/V\
569,92,5,simple,simple,ADJ,2396,simple_+CIT,Adj,Adj,,1031,,'C/V\.C/(e)\
570,92,6,compaignon,compaignon,NOM,2397,compagnon_*+IT,N,N,,1031,,C/V\.C/V\.'C/V\
571,93,1,comme,comme,VER,2425,commer_M,Sub,Sub,comme,1032,,'C/V\.C/(e)\
572,93,2,le,le,PRO:pers,2426,il_S,Det,Det,le,1032,,C/(e)\
573,93,3,plus,plus,ADV,2427,plus_CI,Adv,Adv,plus,1032,,C/V\
574,93,4,failli,failli,VER,2428,falir_+IM,Vpp,Vpp,faillir,1032,,C/V\.'C/V\
575,93,5,des,des,PREDET:de,2429,de+le_S,Pre+Det,Pre+Det,de+le,1032,,C/V\
576,93,6,aultres,aultres,ADJ,2430,autre_Z,Adj,Adj,autre,1032,,'/V\.C/e\
577,94,1,dittes,dittes,VER,2441,dire_+C,Vpp,Vpp,dire,1032,,'C/V\.C/e\
578,94,2,en,en,PRO:clit,2442,en2_S,Pre,Pre,en1,1032,,/V\
579,94,3,sousriant,sousriant,VER,2443,<unknown>,Vprs,Vprs,sourire,1032,,C/V\.C/V\.'C/V\
580,94,4,",",",",PON,2444,",",Pnc,Pnc,,1032,,
581,94,5,les,les,DET:def,2445,le_S,Det,Det,le,1032,,C/V\
582,94,6,dames,dames,NOM,2446,dame_+CI,N,N,,1032,,'C/V\.C/e\
583,95,1,que,que,PROCON,2456,que3_S,Qux,Qux,que,1032,,C/(e)\
584,95,2,n',n',PRO:clit,2457,en2_S,Neg,Neg$$,ne1,1032,,C/\
585,95,3,estoient,estoient,VER,2458,ester|estre1_+M|+I,Vfin,Vfin,être1|ester,1032,,/V\.'C/V\./e\
586,95,4,que,que,PROCON,2459,que3_S,Sub,Sub,que,1032,,C/(e)\
587,95,5,pour,pour,PRE,2460,por2_+S,Pre,Pre,pour,1032,,C/V\
588,95,6,farser,farser,VER,2461,farcier_+T,Vinf,Vinf,,1032,,C/V\.'C/V\
589,96,1,qui,qui,PROCON,2474,qui_S,Qux,Qux,qui,1032,s,C/V\
590,96,2,ne,ne,PRO:clit,2475,en2_S,Neg,Neg$$,ne1,1032,,C/(e)\
591,96,3,pensoit,pensoit,VER,2476,penser_*+IMT,Vfin,Vfin,penser,1032,,C/V\.'C/V\
592,96,4,pas,pas,NOM,2477,pas|past2_+IT|+T,Neg,Neg,pas1,1032,,C/V\
593,96,5,mains,mains,NOM,2478,main2|main_+I|CI,Adv,Adv,main2,1032,,C/V\
594,96,6,que,que,PROCON,2479,que3_S,Sub,Sub,que,1032,,C/(e)\
595,96,7,de,de,PRE,2480,de_+S,Pre,Pre,de,1032,,C/(e)\
596,96,8,estre,estre,VER,2481,entr'estre|estre1_+M|+IT,Vinf,Vinf,être1|ester,1032,,'/V\.C/(e)\
597,97,1,dame,dame,NOM,2494,dam|dame|dan2_+T|+CIT|+T,N,N,,1032,,'C/V\.C/(e)\
598,97,2,Katherine,katherine,NPR,2495,<nolem>_C,N,N,,1032,,C/V\.C/V\.'C/V\.C/(e)\
599,97,3,",",",",PON,2496,",",Pnc,Pnc,,1032,,
600,97,4,Ysabel,ysabel,NPR,2497,<nolem>_C,N,N,,1032,&,/V\.C/V\.'C/V\
601,98,1,pour,pour,PRE,2541,por2_+S,Pre,Pre,pour,1032,,C/V\
602,98,2,servir,servir,VER,2542,servir_+MIT,Vinf,Vinf,servir,1032,,C/V\.'C/V\
603,98,3,.,.,PON,2543,.,Pnc,Pnc,,1032,,
604,98,4,«,«,PON:cit,2544,Ğ,Pnc,Pnc,,1032,,
605,98,5,Nenni,nenni,INT,2545,<nolem>,NVP,NVP,nenni,1032,,C/V\.'C/V\
606,98,6,!,!,PON,2546,!,Pnc,Pnc,,1032,,
607,98,7,dist,dist,VER,2547,dire_+CMI,Vfin,Vfin,dire,1032,,C/V\
608,98,8,Madame,madame,NOM,2548,dame_+I,N,N,,1032,s,C/V\.'C/V\.C/(e)\
609,99,1,Alors,alors,ADV,2599,alors_+T,Adv,Adv,alors,1032,,/V\.'C/V\
610,99,2,le,le,DET:def,2600,le_S,Det,Det,le,1032,,C/(e)\
611,99,3,pouvre,pouvre,ADJ,2601,povre_*+IT,Adj,Adj,pauvre,1032,,'C/V\.C/(e)\
612,99,4,desconffit,desconffit,VER,2602,<unknown>,Vpp,Vpp,,1032,,C/V\.C/V\.'C/V\
613,100,1,Et,et,CON:coord,2620,et_S,Crd,Crd,et,1032,,/V\
614,100,2,ainssy,ainssy,ADV,2621,ainsi_*+CIT,Adv,Adv,ainsi,1032,,/V\.'C/V\
615,100,3,le,le,PRO:pers,2622,il_S,Prn,Prn$$,3p,1032,c,C/(e)\
616,100,4,me,me,PRO:pers,2623,je_S,Prn,Prn$$,1ps,1032,,C/(e)\
617,100,5,promectez,promectez,VER,2624,<unknown>,Vfin,Vfin,promettre,1032,,C/V\.C/V\.'C/V\
618,101,1,Oïl,oïl,ADV,2627,öil_I,NVP,NVP,oui,1032,,/{V}\.'/V\
619,101,2,",",",",PON,2628,",",Pnc,Pnc,,1032,,
620,101,3,madame,madame,NOM,2629,dame_+I,N,N,,1032,,C/V\.'C/V\.C/(e)\
621,101,4,",",",",PON,2630,",",Pnc,Pnc,,1032,,
622,101,5,sur,sur,PRE,2631,sor2_+S,PrA,PrA,sur,1032,,C/V\
623,101,6,ma,ma,DET:poss,2632,mon1_S,Det,Det,mon1,1032,,C/V\
624,101,7,foy,foy,NOM,2633,foi_+C,N,N,,1032,,C/V\
625,102,1,dist,dist,VER,2639,dire_+CMI,Vfin,Vfin,dire,1032,,C/V\
626,102,2,Madame,madame,NOM,2640,dame_+I,N,N,,1032,s,C/V\.'C/V\.C/(e)\
627,102,3,",",",",PON,2641,",",Pnc,Pnc,,1032,,
628,102,4,vous,vous,PRO:pers,2642,vos1_S,Prn,Prn$$,2pp,1032,,C/V\
629,102,5,en,en,PRO:clit,2643,en2_S,Prn,Prn$$,en2,1032,,/V\
630,102,6,allez,allez,VER,2644,aler_+M,Vfin,Vfin,aller,1032,,/V\.'C/V\
631,103,1,que,que,PROCON,2654,que3_S,Sub,Sub,que,1032,,C/(e)\
632,103,2,demain,demain,ADV,2655,demain_+IT,Adv,Adv,demain,1032,,C/V\.'C/V\
633,103,3,a,a,PRE,2656,a_S,Pre,Pre,à,1032,,/V\
634,103,4,l',l',DET:def,2657,le_S,Det,Det,le,1032,,C/\
635,103,5,eure,eure,NOM,2658,ore3|ëure_+T|+Td,N,N,,1032,,'/V\.C/(e)\
636,103,6,du,du,PREDET:de,2659,de+le_S,Pre+Det,Pre+Det,de+le,1032,,C/V\
637,103,7,jour,jour,NOM,2660,jor_+C,N,N,,1032,,C/V\
638,104,1,d',d',PRE,2661,de_+S,Pre,Pre,de,1032,,C/\
639,104,2,uy,uy,ADV,2662,ui_*+IT,Adv,Adv,hui2,1032,,/V\
640,104,3,vous,vous,PRO:pers,2663,vos1_S,Prn,Prn$,2pp,1032,s,C/V\
641,104,4,soyez,soyez,VER,2664,estre_*M,Vfin,Vfin,être1|ester,1032,,C/V\.'C/V\
642,104,5,aux,aux,PREDET:a,2665,a+le_S,Pre+Det,Pre+Det,à+le,1032,,/V\
643,104,6,galleries,galleries,NOM,2666,<unknown>,N,N,,1032,,C/V\.C/V\.'C/V\./e\
644,105,1,desprisonné,desprisonné,VER,2684,<unknown>,Vpp,Vpp,,1032,a,C/V\.C/V\.C/V\.'C/V\
645,105,2,prend,prend,VER,2685,prendre_+M,Vfin,Vfin,prendre,1032,,C/V\
646,105,3,a,a,PRE,2686,a_S,Pre,Pre,à,1032,,/V\
647,105,4,genoulx,genoulx,NOM,2687,<unknown>,N,N,,1032,,C/V\.'C/V\
648,106,1,et,et,CON:coord,2692,et_S,Crd,Crd,et,1032,,/V\
649,106,2,puis,puis,ADV,2693,puis_IT,PrA,PrA,puis,1032,,C/V\
650,106,3,des,des,PREDET:de,2694,de+le_S,Pre+Det,Pre+Det,de+le,1032,,C/V\
651,106,4,aultres,aultres,ADJ,2695,autre_Z,Adj,Adj,autre,1032,,'/V\.C/e\
652,106,5,.,.,PON,2696,.,Pnc,Pnc,,1032,,
653,106,6,Lors,lors,ADV,2697,lors_+CIT,Adv,Adv,lors,1032,,C/V\
654,106,7,s',s',PRO:pers,2698,soi1_S,Prn,Prn$$,soi,1032,,C/\
655,106,8,en,en,PRO:clit,2699,en2_S,Prn,Prn$$,en2,1032,,/V\
656,106,9,vait,vait,VER,2700,aler|voir_+MIT|M,Vfin,Vfin,aller,1032,,C/V\
657,107,1,et,et,CON:coord,2702,et_S,Crd,Crd,et,1032,,/V\
658,107,2,au,au,PREDET:a,2703,a+le_S,Pre+Det,Pre+Det,à+le,1032,,/V\
659,107,3,congié,congié,NOM,2704,congié_+IT,N,N,,1032,,C/V\.'C/V\
660,107,4,d',d',PRE,2705,de_+S,Pre,Pre,de,1032,,C/\
661,107,5,elles,elles,PRO:pers,2706,il_S,Prn,Prn,3p,1032,,'/V\.C/e\
662,107,6,",",",",PON,2707,",",Pnc,Pnc,,1032,,
663,107,7,lui,lui,PRO:pers,2708,il|loi1_S|S,Prn,Prn$$,3p,1032,,C/V\
664,107,8,dirent,dirent,VER,2709,dire_+M,Vfin,Vfin,dire,1032,,'C/V\.C/e\
665,108,1,Souviengne,souviengne,VER,2712,sovenir_+Z,Vfin,Vfin,souvenir,1032,,C/V\.'C/V\.C/(e)\
666,108,2,vous,vous,PRO:pers,2713,vos1_S,Prn,Prn%%,2pp,1032,,C/V\
667,108,3,de,de,PRE,2714,de_+S,Pre,Pre,de,1032,,C/(e)\
668,108,4,la,la,DET:def,2715,le_S,Det,Det,le,1032,,C/V\
669,108,5,promesse,promesse,NOM,2716,promesse_+CIT,N,N,,1032,,C/V\.'C/V\.C/(e)\
670,109,1,car,car,CON:coord,2718,car_S,Crd,Crd,car,1032,,C/V\
671,109,2,nous,nous,PRO:pers,2719,nos1_S,Prn,Prn$,1pp,1032,s,C/V\
672,109,3,sommes,sommes,VER,2720,estre_M,Vfin,Vfin,être1|ester,1032,,'C/V\.C/e\
673,109,4,pleiges,pleiges,NOM,2721,pleige_+C,N,N,,1033,a,'C/V\.C/e\
674,109,5,pour,pour,PRE,2722,por2_+S,Pre,Pre,pour,1033,,C/V\
675,109,6,vous,vous,PRO:pers,2723,vos1_S,Prn,Prn,2pp,1033,,C/V\
676,110,1,Et,et,CON:coord,2726,et_S,Crd,Crd,et,1033,,/V\
677,110,2,quant,quant,ADV,2727,cant_C,Sub,Sub,quand,1033,,C/V\
678,110,3,il,il,PRO:pers,2728,il_S,Prn,Prn$,3p,1033,s,/V\
679,110,4,fut,fut,VER,2729,estre|futre_CMMdI|M,Vfin,Vfin,être1|ester,1033,,C/V\
680,110,5,hors,hors,ADV,2730,hors_IT,PrA,PrA,hors,1033,,C/V\
681,110,6,de,de,PRE,2731,de_+S,Pre,Pre,de,1033,,C/(e)\
682,110,7,la,la,DET:def,2732,le_S,Det,Det,le,1033,,C/V\
683,110,8,chambre,chambre,NOM,2733,chambre1|chambre_+T|CI,N,N,,1033,,'C/V\.C/(e)\
684,111,1,et,et,CON:coord,2770,et_S,Crd,Crd,et,1033,,/V\
685,111,2,raisonner,raisonner,VER,2771,<unknown>,Vinf,Vinf,,1033,,C/V\.C/V\.'C/V\
686,111,3,du,du,PREDET:de,2772,de+le_S,Pre+Det,Pre+Det,de+le,1033,,C/V\
687,111,4,grant,grant,ADJ,2773,grant_+CIT,Adj,Adj,grand,1033,,C/V\
688,111,5,effroy,effroy,NOM,2774,esfroi_*+Z,N,N,,1033,,/V\.'C/V\
689,112,1,du,du,PREDET:de,2772,de+le_S,Pre+Det,Pre+Det,de+le,1033,,C/V\
690,112,2,grant,grant,ADJ,2773,grant_+CIT,Adj,Adj,grand,1033,,C/V\
691,112,3,effroy,effroy,NOM,2774,esfroi_*+Z,N,N,,1033,,/V\.'C/V\
692,112,4,qu',qu',PROCON,2775,que1|que2|que3|que4_S|S|S|S,Qux,Qux,que,1033,c,C/\
693,112,5,il,il,PRO:pers,2776,il_S,Prn,Prn$,3p,1033,s,/V\
694,112,6,avoit,avoit,VER,2777,avoiier|avoir_+MI|+MI,Vfin,Vfin,avoir1,1033,,/V\.'C/V\
695,112,7,eu,eu,VER,2778,avoir_+CMIdMd,Vpp,Vpp,avoir1,1033,,/(V)\.'/V\
696,113,1,qu',qu',PROCON,2775,que1|que2|que3|que4_S|S|S|S,Qux,Qux,que,1033,c,C/\
697,113,2,il,il,PRO:pers,2776,il_S,Prn,Prn$,3p,1033,s,/V\
698,113,3,avoit,avoit,VER,2777,avoiier|avoir_+MI|+MI,Vfin,Vfin,avoir1,1033,,/V\.'C/V\
699,113,4,eu,eu,VER,2778,avoir_+CMIdMd,Vpp,Vpp,avoir1,1033,,/(V)\.'/V\
700,113,5,en,en,PRE,2779,en1_+S,Pre,Pre,en1,1033,,/V\
701,113,6,son,son,DET:poss,2780,son4_S,Det,Det,son4,1033,,C/V\
702,113,7,logis,logis,NOM,2781,<unknown>,N,N,,1033,,C/V\.'C/V\
703,114,1,en,en,PRO:clit,2785,en2_S,Prn,Prn$$,en2,1033,,/V\
704,114,2,rirent,rirent,VER,2786,<unknown>,Vfin,Vfin,rire,1033,,'C/V\.C/e\
705,114,3,que,que,PROCON,2787,que3_S,Sub,Sub,que,1033,,C/(e)\
706,114,4,vespres,vespres,NOM,2788,vespre_+I,N,N,,1033,c,'C/V\.C/e\
707,114,5,sonnerent,sonnerent,VER,2789,sonner_*M,Vfin,Vfin,,1033,,C/V\.'C/V\.C/e\
708,115,1,qu',qu',PROCON,2847,que1|que2|que3|que4_S|S|S|S,Sub,Sub,que,1033,,C/\
709,115,2,il,il,PRO:pers,2848,il_S,Prn,Prn$,3p,1033,s,/V\
710,115,3,fuioit,fuioit,VER,2849,fuir|fuire_+MIMd|M,Vfin,Vfin,fuir,1033,,C/V\.'C/V\
711,115,4,comme,comme,VER,2850,commer_M,Sub,Sub,comme,1033,,'C/V\.C/(e)\
712,115,5,l',l',DET:def,2851,le_S,Det,Det,le,1033,,C/\
713,115,6,ennemy,ennemy,NOM,2852,enemi_*+IT,N,N,,1033,,/V\.C/e\.'C/V\
714,116,1,Mais,mais,CON:coord,2863,mais_S,Crd,Crd,mais1,1033,,C/V\
715,116,2,une,une,DET:ndf,2864,un_S,QIs,QIs,un,1033,,'/V\.C/(e)\
716,116,3,des,des,PREDET:de,2865,de+le_S,Pre+Det,Pre+Det,de+le,1033,,C/V\
717,116,4,foiz,foiz,NOM,2866,foi|foiz_+C|+CIT,N,N,,1033,,C/V\
718,116,5,",",",",PON,2867,",",Pnc,Pnc,,1033,,
719,116,6,au,au,PREDET:a,2868,a+le_S,Pre+Det,Pre+Det,à+le,1033,,/V\
720,116,7,disner,disner,VER,2869,disner_+MT,Vinf,Vinf,,1033,,C/V\.'C/V\
721,117,1,les,les,DET:def,2871,le_S,Det,Det,le,1033,,C/V\
722,117,2,deux,deux,ADJ:card,2872,deus_CZ,QIs,QIs,2,1033,,C/V\
723,117,3,dames,dames,NOM,2873,dame_+CI,N,N,,1033,,'C/V\.C/e\
724,117,4,estans,estans,VER,2874,ester|estre_+M|M,Vprs,Vprs,être1|ester,1033,,/V\.'C/V\
725,117,5,a,a,PRE,2875,a_S,Pre,Pre,à,1033,,/V\
726,117,6,table,table,NOM,2876,table_+IT,N,N,,1033,,'C/V\.C/(e)\
727,118,1,servir,servir,VER,2885,servir_+MIT,Vinf,Vinf,servir,1033,,C/V\.'C/V\
728,118,2,toutes,toutes,DET:ind,2886,tot_S,QIs,QIs,tout,1033,,'C/V\.C/e\
729,118,3,les,les,DET:def,2887,le_S,Det,Det,le,1033,,C/V\
730,118,4,aultres,aultres,ADJ,2888,autre_Z,Adj,Adj,autre,1033,,'/V\.C/e\
731,118,5,dames,dames,NOM,2889,dame_+CI,N,N,,1033,,'C/V\.C/e\
732,119,1,beau,beau,ADJ,2918,bel_I,Adj,Adj,beau,1033,,C/V\
733,119,2,sire,sire,NOM,2919,seignor|sire2_+CIT|+T,N,N,,1033,,'C/V\.C/(e)\
734,119,3,Saintré,saintré,VER,2920,<unknown>,N,N,,1033,,C/V\.'C/V\
735,119,4,",",",",PON,2921,",",Pnc,Pnc,,1033,,
736,119,5,a,a,PRE,2922,a_S,Pre,Pre,à,1033,,/V\
737,119,6,quel,quel,ADJ,2923,quel_C,Qux,Qux,quel,1033,,C/V\
738,119,7,jeu,jeu,NOM,2924,jeu|jou_+IT|+T,N,N,,1033,,C/V\
739,120,1,et,et,CON:coord,2938,et_S,Crd,Crd,et,1033,,/V\
740,120,2,ores,ores,ADV,2939,or4_+IT,Adv,Adv,or2,1033,,'/V\.C/e\
741,120,3,nous,nous,PRO:pers,2940,nos1_S,Prn,Prn$$,1pp,1033,c,C/V\
742,120,4,fuyez,fuyez,VER,2941,fuir_*+M,Vfin,Vfin,fuir,1033,,C/V\.'C/V\
743,120,5,.,.,PON,2942,.,Pnc,Pnc,,1033,,
744,120,6,—,—,PON,2943,-,Pnc,Pnc,,1033,,
745,120,7,Mes,mes,DET:poss,2944,mon1_S,Det,Det,mon1,1033,,C/V\
746,120,8,dames,dames,NOM,2945,dame_+CI,N,N,,1033,,'C/V\.C/e\
747,121,1,dist,dist,VER,2947,dire_+CMI,Vfin,Vfin,dire,1033,,C/V\
748,121,2,il,il,PRO:pers,2948,il_S,Prn,Prn%,3p,1033,s,/V\
749,121,3,",",",",PON,2949,",",Pnc,Pnc,,1033,,
750,121,4,baissant,baissant,VER,2950,baissier_+M,Vprs,Vprs,,1033,,C/V\.'C/V\
751,121,5,les,les,DET:def,2951,le_S,Det,Det,le,1033,,C/V\
752,121,6,yeulz,yeulz,NOM,2952,ueil_*+Z,N,N,,1033,,C/V\
753,121,7,de,de,PRE,2953,de_+S,Pre,Pre,de,1033,,C/(e)\
754,121,8,honte,honte,NOM,2954,honte_+IT,N,N,,1033,,'C/V\.C/(e)\
755,122,1,et,et,CON:coord,2962,et_S,Crd,Crd,et,1033,,/V\
756,122,2,en,en,PRO:clit,2963,en2_S,Pre,Pre,en1,1033,,/V\
757,122,3,disant,disant,VER,2964,dire_+CMI,Vprs,Vprs,dire,1033,,C/V\.'C/V\
758,122,4,ce,ce,PRO:invar,2965,ce1_S,Prn,Prn,ce1,1033,c,C/(e)\
759,122,5,il,il,PRO:pers,2966,il_S,Prn,Prn$,3p,1033,s,/V\
760,122,6,s',s',PRO:pers,2967,soi1_S,Prn,Prn$$,soi,1033,,C/\
761,122,7,en,en,PRO:clit,2968,en2_S,Prn,Prn$$,en2,1033,,/V\
762,122,8,partist,partist,VER,2969,partir_+M,Vfin,Vfin,partir,1033,,C/V\.'C/V\
763,123,1,Madame,madame,NOM,2982,dame_+I,N,N,,1034,,C/V\.'C/V\.C/(e)\
764,123,2,",",",",PON,2983,",",Pnc,Pnc,,1034,,
765,123,3,qui,qui,PROCON,2984,qui_S,Qux,Qux,qui,1034,s,C/V\
766,123,4,estoit,estoit,VER,2985,ester|estre1_+IM|+I,Vfin,Vfin,être1|ester,1034,,/V\.'C/V\
767,123,5,assize,assize,VER,2986,<nolem>,Vpp,Vpp,asseoir,1034,,/V\.'C/V\.C/(e)\
768,124,1,qui,qui,PROCON,2984,qui_S,Qux,Qux,qui,1034,s,C/V\
769,124,2,estoit,estoit,VER,2985,ester|estre1_+IM|+I,Vfin,Vfin,être1|ester,1034,,/V\.'C/V\
770,124,3,assize,assize,VER,2986,<nolem>,Vpp,Vpp,asseoir,1034,,/V\.'C/V\.C/(e)\
771,124,4,au,au,PREDET:a,2987,a+le_S,Pre+Det,Pre+Det,à+le,1034,,/V\
772,124,5,bas,bas,ADJ,2988,bas_+CIT,Adj,Adj,,1034,,C/V\
773,124,6,boult,boult,VER,2989,bolir_+M,N,N,,1034,,C/V\
774,125,1,et,et,CON:coord,2995,et_S,Crd,Crd,et,1034,,/V\
775,125,2,de,de,PRE,2996,de_+S,Pre,Pre,de,1034,,C/(e)\
776,125,3,la,la,DET:def,2997,le_S,Det,Det,le,1034,,C/V\
777,125,4,royne,royne,NOM,2998,röine1|röine2_*+IdTTd|+Td,N,N,,1034,,C/(V)\.'/V\.C/(e)\
778,125,5,",",",",PON,2999,",",Pnc,Pnc,,1034,,
779,125,6,de,de,PRE,3000,de_+S,Pre,Pre,de,1034,,C/(e)\
780,125,7,adventure,adventure,NOM,3001,<nolem>,N,N,,1034,,/V\.C/V\.'C/V\.C/(e)\
781,126,1,de,de,PRE,3037,de_+S,Pre,Pre,de,1034,,C/(e)\
782,126,2,quoy,quoy,PRO:invar,3038,coi2_S,Qux,Qux,que,1034,,C/V\
783,126,3,elles,elles,PRO:pers,3039,il_S,Prn,Prn$,3p,1034,s,'/V\.C/e\
784,126,4,rioient,rioient,VER,3040,rire_+M,Vfin,Vfin,rire,1034,,C/V\.'C/V\./e\
785,126,5,tant,tant,ADV,3041,tant_CI,QIs,QIs,tant,1034,,C/V\
786,127,1,et,et,CON:coord,3063,et_S,Crd,Crd,et,1034,,/V\
787,127,2,ce,ce,PRO:invar,3064,ce1_S,Prn,Prn,ce1,1034,,C/(e)\
788,127,3,qu',qu',PROCON,3065,que1|que2|que3|que4_S|S|S|S,Qux,Qux,que,1034,c,C/\
789,127,4,il,il,PRO:pers,3066,il_S,Prn,Prn$,3p,1034,s,/V\
790,127,5,avoit,avoit,VER,3067,avoiier|avoir_+MI|+MI,Vfin,Vfin,avoir1,1034,,/V\.'C/V\
791,127,6,respondu,respondu,VER,3068,respondre1|respondre|respundre_+I|IM|M,Vpp,Vpp,répondre,1034,,C/V\.C/V\.'C/V\
792,128,1,mais,mais,CON:coord,3089,mais_S,Adv,Adv,mais1,1034,,C/V\
793,128,2,que,que,PROCON,3090,que3_S,Sub,Sub,que,1034,,C/(e)\
794,128,3,Madame,madame,NOM,3091,dame_+I,N,N,,1034,s,C/V\.'C/V\.C/(e)\
795,128,4,soit,soit,VER,3092,estre1|savoir_+I|+M,Vfin,Vfin,être1|ester,1034,,C/V\
796,128,5,couchie,couchie,VER,3093,couchier_+C,Vpp,Vpp,,1034,,C/V\.'C/V\./(e)\
797,129,1,Et,et,CON:coord,3096,et_S,Crd,Crd,et,1034,,/V\
798,129,2,quant,quant,ADV,3097,cant_C,Sub,Sub,quand,1034,,C/V\
799,129,3,vint,vint,VER,3098,venir|voir_+CI|M,Vfin,Vfin,venir,1034,,C/V\
800,129,4,au,au,PREDET:a,3099,a+le_S,Pre+Det,Pre+Det,à+le,1034,,/V\
801,129,5,vin,vin,NOM,3100,vin_+IT,N,N,,1034,,C/V\
802,129,6,de,de,PRE,3101,de_+S,Pre,Pre,de,1034,,C/(e)\
803,129,7,congié,congié,NOM,3102,congié_+IT,N,N,,1034,c,C/V\.'C/V\
804,130,1,portant,portant,ADV,3112,por_tant_Z,Vprs,Vprs,porter,1034,,C/V\.'C/V\
805,130,2,une,une,DET:ndf,3113,un_S,QIs,QIs,un,1034,,'/V\.C/(e)\
806,130,3,tasse,tasse,NOM,3114,tasche1|tasse1|tasse2_+T|+T|+T,N,N,,1034,,'C/V\.C/(e)\
807,130,4,et,et,CON:coord,3115,et_S,Crd,Crd,et,1034,,/V\
808,130,5,servir,servir,VER,3116,servir_+MIT,Vinf,Vinf,servir,1034,,C/V\.'C/V\
809,131,1,allez,allez,VER,3130,aler_+M,Vfin,Vfin,aller,1034,,/V\.'C/V\
810,131,2,vous,vous,PRO:pers,3131,vos1_S,Prn,Prn%$,2pp,1034,,C/V\
811,131,3,ent,ent,ADV,3132,en2_+T,Prn,Prn%%,en2,1034,,/V\
812,131,4,aux,aux,PREDET:a,3133,a+le_S,Pre+Det,Pre+Det,à+le,1034,,/V\
813,131,5,galleries,galleries,NOM,3134,<unknown>,N,N,,1034,,C/V\.C/V\.'C/V\./e\
814,132,1,et,et,CON:coord,3158,et_S,Crd,Crd,et,1034,,/V\
815,132,2,vous,vous,PRO:pers,3159,vos1_S,Prn,Prn$,2pp,1034,s,C/V\
816,132,3,serez,serez,VER,3160,estre1|estre_+I|IM,Vfin,Vfin,être1|ester,1034,,C/V\.'C/V\
817,132,4,bien,bien,ADV,3161,bien1|bien2|bien_+IT|C|I,Adv,Adv,bien,1034,,C/V\
818,132,5,mon,mon,DET:poss,3162,mon1_S,Det,Det,mon1,1034,,C/V\
819,132,6,amy,amy,NOM,3163,ami_*+GIT,N,N,,1034,,/V\.'C/V\
820,133,1,Allez,allez,VER,3260,aler_+M,Vfin,Vfin,aller,1035,,/V\.'C/V\
821,133,2,devant,devant,PRE,3261,devant_S,PrA,PrA,devant,1035,,C/V\.'C/V\
822,133,3,avec,avec,PRE,3262,avuec_S,PrA,PrA,avec,1035,,/V\.'C/V\
823,133,4,les,les,DET:def,3263,le_S,Det,Det,le,1035,,C/V\
824,133,5,aultres,aultres,ADJ,3264,autre_Z,Adj,Adj,autre,1035,,'/V\.C/e\
825,134,1,Et,et,CON:coord,3267,et_S,Crd,Crd,et,1035,,/V\
826,134,2,quand,quand,ADV,3268,cant1_Z,Sub,Sub,quand,1035,,C/V\
827,134,3,elle,elle,PRO:pers,3269,il_S,Prn,Prn$,3p,1035,s,'/V\.C/(e)\
828,134,4,fut,fut,VER,3270,estre|futre_CMMdI|M,Vfin,Vfin,être1|ester,1035,,C/V\
829,134,5,en,en,PRE,3271,en1_+S,Pre,Pre,en1,1035,,/V\
830,134,6,sa,sa,DET:poss,3272,son4_S,Det,Det,son4,1035,,C/V\
831,134,7,chambre,chambre,NOM,3273,chambre1|chambre_+T|CI,N,N,,1035,,'C/V\.C/(e)\
832,135,1,se,se,PRO:pers,3382,soi1_S,Prn,Prn$$,soi,1035,,C/(e)\
833,135,2,mist,mist,VER,3383,manoir|metre|mettre_M|CIM|M,Vfin,Vfin,mettre,1035,,C/V\
834,135,3,",",",",PON,3384,",",Pnc,Pnc,,1035,,
835,135,4,requérant,requérant,VER,3385,<unknown>,Vprs,Vprs,requérir,1035,,C/V\.C/V\.'C/V\
836,135,5,a,a,PRE,3386,a_S,Pre,Pre,à,1035,,/V\
837,135,6,Madame,madame,NOM,3387,dame_+I,N,N,,1035,,C/V\.'C/V\.C/(e)\
838,136,1,a,a,PRE,3386,a_S,Pre,Pre,à,1035,,/V\
839,136,2,Madame,madame,NOM,3387,dame_+I,N,N,,1035,,C/V\.'C/V\.C/(e)\
840,136,3,merci,merci,NOM,3388,merci_+IT,N,N,,1035,c,C/V\.'C/V\
841,136,4,",",",",PON,3389,",",Pnc,Pnc,,1035,,
842,136,5,disant,disant,VER,3390,dire_+CMI,Vprs,Vprs,dire,1035,,C/V\.'C/V\
843,137,1,qui,qui,PROCON,3402,qui_S,Qux,Qux,qui,1035,s,C/V\
844,137,2,derriere,derriere,ADV,3403,derrier|derriere_I|T,PrA,PrA,derrière,1035,,C/V\.'C/V\.C/(e)\
845,137,3,lui,lui,PRO:pers,3404,il|loi1_S|S,Prn,Prn$$,3p,1035,,C/V\
846,137,4,veoit,veoit,VER,3405,vëoir_+IM,Vfin,Vfin,voir1,1035,,C/(V)\.'/V\
847,137,5,ses,ses,DET:poss,3406,son4_S,Det,Det,son4,1035,,C/V\
848,137,6,femmes,femmes,NOM,3407,feme_+CI,N,N,,1035,,'C/V\.C/e\
849,138,1,prenons,prenons,VER,3428,prendre_+MI,Vfin,Vfin,prendre,1035,,C/V\.'C/V\
850,138,2,qu',qu',PROCON,3429,que1|que2|que3|que4_S|S|S|S,Sub,Sub,que,1035,,C/\
851,138,3,il,il,PRO:pers,3430,il_S,Prn,Prn$,3p,1035,s,/V\
852,138,4,soit,soit,VER,3431,estre1|savoir_+I|+M,Vfin,Vfin,être1|ester,1035,,C/V\
853,138,5,ce,ce,PRO:invar,3432,ce1_S,Prn,Prn,ce1,1035,,C/(e)\
854,138,6,que,que,PROCON,3433,que3_S,Qux,Qux,que,1035,c,C/(e)\
855,138,7,vous,vous,PRO:pers,3434,vos1_S,Prn,Prn$,2pp,1035,s,C/V\
856,138,8,dittes,dittes,VER,3435,dire_+C,Vfin,Vfin,dire,1035,,'C/V\.C/e\
857,139,1,il,il,PRO:pers,3456,il_S,Prn,Prn$,3p,1035,s,/V\
858,139,2,ne,ne,PRO:clit,3457,en2_S,Neg,Neg$$,ne1,1035,,C/(e)\
859,139,3,prisa,prisa,VER,3458,prisier_+IM,Vfin,Vfin,priser,1035,,C/V\.'C/V\
860,139,4,pas,pas,NOM,3459,pas|past2_+IT|+T,Neg,Neg,pas1,1035,,C/V\
861,139,5,plus,plus,ADV,3460,plus_CI,Adv,Adv,plus,1035,,C/V\
862,139,6,sa,sa,DET:poss,3461,son4_S,Det,Det,son4,1035,,C/V\
863,139,7,vie,vie,NOM,3462,vie1|voie_+T|+T,N,N,,1035,,'C/V\./(e)\
864,140,1,a,a,PRE,3471,a_S,Pre,Pre,à,1035,,/V\
865,140,2,plourer,plourer,VER,3472,pleurer_M,Vinf,Vinf,pleurer,1035,,C/V\.'C/V\
866,140,3,",",",",PON,3473,",",Pnc,Pnc,,1035,,
867,140,4,son,son,DET:poss,3474,son4_S,Det,Det,son4,1035,,C/V\
868,140,5,vis,vis,NOM,3475,vis|viz_+IT|+T,N,N,,1035,,C/V\
869,140,6,a,a,PRE,3476,a_S,Pre,Pre,à,1035,,/V\
870,140,7,pallir,pallir,VER,3477,palir_*+IMT,Vinf,Vinf,,1035,,C/V\.'C/V\
871,141,1,a,a,PRE,3476,a_S,Pre,Pre,à,1035,,/V\
872,141,2,pallir,pallir,VER,3477,palir_*+IMT,Vinf,Vinf,,1035,,C/V\.'C/V\
873,141,3,et,et,CON:coord,3478,et_S,Crd,Crd,et,1035,,/V\
874,141,4,a,a,PRE,3479,a_S,Pre,Pre,à,1035,,/V\
875,141,5,tressuer,tressuer,VER,3480,tressüer_+IdTd,Vinf,Vinf,,1035,,C/V\.C/V\.'C/V\
876,142,1,Et,et,CON:coord,3573,et_S,Crd,Crd,et,1036,,/V\
877,142,2,quant,quant,ADV,3574,cant_C,Sub,Sub,quand,1036,,C/V\
878,142,3,le,le,DET:def,3575,le_S,Det,Det,le,1036,,C/(e)\
879,142,4,povre,povre,ADJ,3576,povre_+IT,Adj,Adj,pauvre,1036,,'C/V\.C/(e)\
880,142,5,gentil,gentil,ADJ,3577,gentil_+IT,Adj,Adj,gentil1,1036,,C/V\.'C/V\
881,142,6,homme,homme,NOM,3578,ome_+C,N,N,,1036,,'/V\.C/(e)\
882,143,1,et,et,CON:coord,3598,et_S,Crd,Crd,et,1036,,/V\
883,143,2,a,a,PRE,3599,a_S,Pre,Pre,à,1036,,/V\
884,143,3,tousjours,tousjours,GDF,3600,toxique_G,Adv,Adv,toujours,1036,,C/V\.'C/V\
885,143,4,deshonnoré,deshonnoré,VER,3601,<unknown>,Vpp,Vpp,,1036,,C/V\.C/V\.C/V\.'C/V\
886,144,1,requiert,requiert,VER,3613,requerre_+I,Vfin,Vfin,requérir,1036,,C/V\.'C/V\
887,144,2,de,de,PRE,3614,de_+S,Pre,Pre,de,1036,,C/(e)\
888,144,3,rechief,rechief,NOM,3615,rechief_Z,N,N,,1036,,C/V\.'C/V\
889,144,4,a,a,PRE,3616,a_S,Pre,Pre,à,1036,,/V\
890,144,5,Madame,madame,NOM,3617,dame_+I,N,N,,1036,,C/V\.'C/V\.C/(e)\
891,145,1,et,et,CON:coord,3642,et_S,Crd,Crd,et,1036,,/V\
892,145,2,tant,tant,ADV,3643,tant_CI,QIs,QIs,tant,1036,,C/V\
893,145,3,plus,plus,ADV,3644,plus_CI,Adv,Adv,plus,1036,,C/V\
894,145,4,quant,quant,ADV,3645,cant_C,Sub,Sub,quand,1036,,C/V\
895,145,5,le,le,PRO:pers,3646,il_S,Prn,Prn$$,3p,1036,c,C/(e)\
896,145,6,veoit,veoit,VER,3647,vëoir_+IM,Vfin,Vfin,voir1,1036,,C/(V)\.'/V\
897,145,7,sy,sy,VER,3648,seeir_M,Adv,Adv,si4,1036,,C/V\
898,145,8,humble,humble,ADJ,3649,umble_+CT,Adj,Adj,,1036,,'/V\.C/(e)\
899,146,1,en,en,PRE,3666,en1_+S,Pre,Pre,en1,1036,,/V\
900,146,2,son,son,DET:poss,3667,son4_S,Det,Det,son4,1036,,C/V\
901,146,3,service,service,NOM,3668,servise_+T,N,N,,1036,,C/V\.'C/V\.C/(e)\
902,146,4,l',l',PRO:pers,3669,il_S,Prn,Prn$$,3p,1036,c,C/\
903,146,5,acquerir,acquerir,VER,3670,<unknown>,Vinf,Vinf,acquérir,1036,,/V\.C/e\.'C/V\
904,147,1,esmeue,esmeüe,VER,3705,esmovoir_+Id,Vpp,Vpp,émouvoir,1036,,/V\.C/(V)\.'/V\./(e)\
905,147,2,de,de,PRE,3706,de_+S,Pre,Pre,de,1036,,C/(e)\
906,147,3,toute,toute,DET:ind,3707,tot_S,QIs,QIs,tout,1036,,'C/V\.C/(e)\
907,147,4,pitié,pitié,NOM,3708,pitié_+IT,N,N,,1036,,C/V\.'C/V\
908,148,1,de,de,PRE,3706,de_+S,Pre,Pre,de,1036,,C/(e)\
909,148,2,toute,toute,DET:ind,3707,tot_S,QIs,QIs,tout,1036,,'C/V\.C/(e)\
910,148,3,pitié,pitié,NOM,3708,pitié_+IT,N,N,,1036,,C/V\.'C/V\
911,148,4,",",",",PON,3709,",",Pnc,Pnc,,1036,,
912,148,5,ne,ne,PRO:clit,3710,en2_S,Neg,Neg$$,ne1,1036,,C/(e)\
913,148,6,prenant,prenant,VER,3711,prendre_+MT,Vprs,Vprs,prendre,1037,,C/V\.'C/V\
914,149,1,non,non,ADV,3715,ne1_+Z,Neg,Neg,non,1037,,C/V\
915,149,2,faisoient,faisoient,VER,3716,faire_+M,Vfin,Vfin,faire,1037,,C/V\.'C/V\./e\
916,149,3,nulle,nulle,DET:ind,3717,nul_S,QIs,QIs,nul,1037,,'C/V\.C/(e)\
917,149,4,des,des,PREDET:de,3718,de+le_S,Pre+Det,Pre+Det,de+le,1037,,C/V\
918,149,5,aultres,aultres,ADJ,3719,autre_Z,Adj,Adj,autre,1037,,'/V\.C/e\
919,150,1,vouloit,vouloit,VER,3724,voloir_+C,Vfin,Vfin,vouloir,1037,,C/V\.'C/V\
920,150,2,saillir,saillir,VER,3725,salir2_+IT,Vinf,Vinf,,1037,c,C/V\.'C/V\
921,150,3,",",",",PON,3726,",",Pnc,Pnc,,1037,,
922,150,4,lui,lui,PRO:pers,3727,il|loi1_S|S,Prn,Prn$$,3p,1037,,C/V\
923,150,5,dist,dist,VER,3728,dire_+CMI,Vfin,Vfin,dire,1037,,C/V\
924,150,6,:,:,PON,3729,:,Pnc,Pnc,,1037,,
925,150,7,«,«,PON:cit,3730,Ğ,Pnc,Pnc,,1037,,
926,150,8,Hellas,hellas,NPR,3731,<unknown>,Exc,Exc,,1037,,C/V\.'C/V\
927,151,1,se,se,PRO:invar,3735,ce1_S,Sub,Sub,si3,1037,,C/(e)\
928,151,2,il,il,PRO:pers,3736,il_S,Prn,Prn$,3p,1037,s,/V\
929,151,3,a,a,VER,3737,avoir_+CMI,Vfin,Vfin,avoir1,1037,,/V\
930,151,4,failly,failly,VER,3738,falir_+M,Vpp,Vpp,faillir,1037,,C/V\.'C/V\
931,151,5,de,de,PRE,3739,de_+S,Pre,Pre,de,1037,,C/(e)\
932,151,6,sa,sa,DET:poss,3740,son4_S,Det,Det,son4,1037,,C/V\
933,151,7,promesse,promesse,NOM,3741,promesse_+CIT,N,N,,1037,,C/V\.'C/V\.C/(e)\
934,152,1,dont,dont,ADV,3757,donc|dont_I|I,Qux,Qux,dont,1037,,C/V\
935,152,2,vous,vous,PRO:pers,3758,vos1_S,Prn,Prn$$,2pp,1037,,C/V\
936,152,3,en,en,PRO:clit,3759,en2_S,Prn,Prn$$,en2,1037,,/V\
937,152,4,requiert,requiert,VER,3760,requerre_+I,Vfin,Vfin,requérir,1037,,C/V\.'C/V\
938,152,5,a,a,PRE,3761,a_S,Pre,Pre,à,1037,,/V\
939,152,6,genoulz,genoulz,NOM,3762,genoil_*+I,N,N,,1037,,C/V\.'C/V\
940,153,1,Madame,madame,NOM,3795,dame_+I,N,N,,1037,,C/V\.'C/V\.C/(e)\
941,153,2,",",",",PON,3796,",",Pnc,Pnc,,1037,,
942,153,3,je,je,PRO:pers,3797,je_S,Prn,Prn$,1ps,1037,s,C/(e)\
943,153,4,n',n',PRO:clit,3798,en2_S,Neg,Neg$$,ne1,1037,,C/\
944,153,5,en,en,PRO:clit,3799,en2_S,Prn,Prn$$,en2,1037,,/V\
945,153,6,sçay,sçay,VER,3800,savoir_+M,Vfin,Vfin,savoir,1037,,C/V\
946,153,7,que,que,PROCON,3801,que3_S,Qux,Qux,que,1037,c,C/(e)\
947,153,8,dire,dire,VER,3802,dire_+MIT,Vinf,Vinf,dire,1037,,'C/V\.C/(e)\
948,154,1,si,si,ADV,3816,si_+IT,Adv,Adv,si4,1037,,C/V\
949,154,2,vous,vous,PRO:pers,3817,vos1_S,Prn,Prn$$,2pp,1037,,C/V\
950,154,3,requier,requier,VER,3818,requerre_+I,Vfin,Vfin,requérir,1037,,C/V\.'C/V\
951,154,4,pour,pour,PRE,3819,por2_+S,Pre,Pre,pour,1037,,C/V\
952,154,5,lui,lui,PRO:pers,3820,il|loi1_S|S,Prn,Prn,3p,1037,,C/V\
953,154,6,mercy,mercy,NOM,3821,merci_*+IT,N,N,,1037,c,C/V\.'C/V\
954,155,1,dont,dont,PRO:invar,3875,dont_S,Qux,Qux,dont,1037,,C/V\
955,155,2,je,je,PRO:pers,3876,je_S,Prn,Prn$,1ps,1037,s,C/(e)\
956,155,3,le,le,PRO:pers,3877,il_S,Prn,Prn$$,3p,1037,c,C/(e)\
957,155,4,croy,croy,VER,3878,croire_+M,Vfin,Vfin,croire,1037,,C/V\
958,155,5,mieulz,mieulz,ADV,3879,mieus_Z,Adv,Adv,mieux,1037,,C/V\
959,155,6,que,que,PROCON,3880,que3_S,Sub,Sub,que,1037,,C/(e)\
960,155,7,aultrement,aultrement,ADV,3881,<nolem>,Adv,Adv,,1037,,/V\.C/e\.'C/V\
961,156,1,que,que,PROCON,3888,que3_S,Sub,Sub,que,1037,,C/(e)\
962,156,2,il,il,PRO:pers,3889,il_S,Prn,Prn$,3p,1037,s,/V\
963,156,3,a,a,VER,3890,avoir_+CMI,Vfin,Vfin,avoir1,1037,,/V\
964,156,4,bien,bien,ADV,3891,bien1|bien2|bien_+IT|C|I,Adv,Adv,bien,1037,,C/V\
965,156,5,a,a,PRE,3892,a_S,Pre,Pre,à,1037,,/V\
966,156,6,pensser,pensser,VER,3893,penser|pensser_+IM|M,Vinf,Vinf,penser,1037,,C/V\.'C/V\
967,156,7,",",",",PON,3894,",",Pnc,Pnc,,1037,,
968,156,8,le,le,DET:def,3895,le_S,Det,Det,le,1037,,C/(e)\
969,156,9,cuer,cuer,NOM,3896,cuer1|cuer2_+T|+IT,N,N,,1037,,C/V\
970,157,1,de,de,PRE,3922,de_+S,Pre,Pre,de,1037,,C/(e)\
971,157,2,sa,sa,DET:poss,3923,son4_S,Det,Det,son4,1037,,C/V\
972,157,3,dame,dame,NOM,3924,dam|dame|dan2_+T|+CIT|+T,N,N,,1037,,'C/V\.C/(e)\
973,157,4,",",",",PON,3925,",",Pnc,Pnc,,1037,,
974,157,5,s',s',PRO:pers,3926,soi1_S,Sub,Sub,si3,1037,,C/\
975,157,6,il,il,PRO:pers,3927,il_S,Prn,Prn$,3p,1037,s,/V\
976,157,7,n',n',PRO:clit,3928,en2_S,Neg,Neg$$,ne1,1037,,C/\
977,157,8,est,est,VER,3929,ester|estre1_+M|+I,Vfin,Vfin,être1|ester,1037,,/V\
978,157,9,d',d',PRE,3930,de_+S,Pre,Pre,de,1037,,C/\
979,157,10,amours,amours,NOM,3931,amor_*+G,N,N,,1037,,/V\.'C/V\
980,158,1,il,il,PRO:pers,3949,il_S,Prn,Prn$,3p,1037,s,/V\
981,158,2,ne,ne,PRO:clit,3950,en2_S,Neg,Neg$$,ne1,1037,,C/(e)\
982,158,3,vit,vit,VER,3951,vivre1|vëoir_+I|+I,Vfin,Vfin,voir1,1037,,C/V\
983,158,4,ne,ne,PRO:clit,3952,en2_S,Crd,Crd,ne2,1037,,C/(e)\
984,158,5,parla,parla,VER,3953,parler_+MI,Vfin,Vfin,parler,1037,,C/V\.'C/V\
985,158,6,a,a,PRE,3954,a_S,Pre,Pre,à,1037,,/V\
986,158,7,lui,lui,PRO:pers,3955,il|loi1_S|S,Prn,Prn,3p,1037,,C/V\
987,159,1,Par,par,PRE,3974,par_S,Pre,Pre,par1,1037,,C/V\
988,159,2,ma,ma,DET:poss,3975,mon1_S,Det,Det,mon1,1037,,C/V\
989,159,3,foy,foy,NOM,3976,foi_+C,N,N,,1037,,C/V\
990,159,4,",",",",PON,3977,",",Pnc,Pnc,,1037,,
991,159,5,Ysabel,ysabel,NPR,3978,<nolem>_C,N,N,,1037,,/V\.C/V\.'C/V\
992,159,6,ma,ma,DET:poss,3979,mon1_S,Det,Det,mon1,1037,,C/V\
993,159,7,mere,mere,NOM,3980,mere_+CIT,N,N,,1037,,'C/V\.C/(e)\
994,160,1,oncques,oncques,ADV,3982,onque_+Z,Adv,Adv,onques,1037,,'/V\.C/e\
995,160,2,je,je,PRO:pers,3983,je_S,Prn,Prn$,1ps,1037,s,C/(e)\
996,160,3,ne,ne,PRO:clit,3984,en2_S,Neg,Neg$$,ne1,1037,,C/(e)\
997,160,4,parlay,parlay,VER,3985,parler_*+IM,Vfin,Vfin,parler,1038,,C/V\.'C/V\
998,160,5,a,a,PRE,3986,a_S,Pre,Pre,à,1038,,/V\
999,160,6,lui,lui,PRO:pers,3987,il|loi1_S|S,Prn,Prn,3p,1038,,C/V\
1000,161,1,Or,or,ADV,3992,or4|or_+IT|CI,Adv,Adv,or2,1038,,/V\
1001,161,2,regardez,regardez,VER,3993,regarder_+I,Vfin,Vfin,regarder,1038,,C/V\.C/V\.'C/V\
1002,161,3,donques,donques,ADV,3994,donc_I,Adv,Adv,donc,1038,,'C/V\.C/e\
1003,161,4,",",",",PON,3995,",",Pnc,Pnc,,1038,,
1004,161,5,madame,madame,NOM,3996,dame_+I,N,N,,1038,,C/V\.'C/V\.C/(e)\
1005,162,1,car,car,CON:coord,4024,car_S,Crd,Crd,car,1038,,C/V\
1006,162,2,ceulz,ceulz,PRO:demo,4025,cel_S,Dem,Dem,cil,1038,,C/V\
1007,162,3,qui,qui,PROCON,4026,qui_S,Qux,Qux,qui,1038,s,C/V\
1008,162,4,ja,ja,ADV,4027,ja_+CIT,Adv,Adv,jà,1038,,C/V\
1009,162,5,en,en,PRO:clit,4028,en2_S,Prn,Prn$$,en2,1038,,/V\
1010,162,6,ont,ont,VER,4029,avoir|devoir_+CIM|+M,Vfin,Vfin,avoir1,1038,,/V\
1011,162,7,esté,esté,VER,4030,ester|estre1_+MI|+I,Vpp,Vpp,être1|ester,1038,,/V\.'C/V\
1012,163,1,il,il,PRO:pers,4053,il_S,Prn,Prn$,3p,1038,s,/V\
1013,163,2,luy,luy,PRO:pers,4054,il|loi1_S|S,Prn,Prn$$,3p,1038,,C/V\
1014,163,3,doit,doit,VER,4055,devoir|dire_+CMI|+M,Vfin,Vfin,devoir2,1038,,C/V\
1015,163,4,estre,estre,VER,4056,entr'estre|estre1_+M|+IT,Vinf,Vinf,être1|ester,1038,,'/V\.C/(e)\
1016,163,5,pardonné,pardonné,VER,4057,pardoner_*+I,Vpp,Vpp,pardonner,1038,,C/V\.C/V\.'C/V\
1017,164,1,Et,et,CON:coord,4060,et_S,Crd,Crd,et,1038,,/V\
1018,164,2,qu',qu',PROCON,4061,que1|que2|que3|que4_S|S|S|S,Qux,Qux,que,1038,c,C/\
1019,164,3,en,en,PRO:clit,4062,en2_S,Prn,Prn$$,en2,1038,,/V\
1020,164,4,dictes,dictes,VER,4063,dire_+M,Vfin,Vfin,dire,1038,,'C/V\.C/e\
1021,164,5,vous,vous,PRO:pers,4064,vos1_S,Prn,Prn%%,2pp,1038,s,C/V\
1022,164,6,",",",",PON,4065,",",Pnc,Pnc,,1038,,
1023,164,7,Marguerite,marguerite,NPR,4066,marguerite_C|Z,N,N,,1038,,C/V\.C/V\.'C/V\.C/(e)\
