wd_id,line_id,linewd,word,lex_id,tag,old_wd_id,TT lemma,syntag,syntag2,lemma,textlineid,synfunc,syllabified
1,1,1,ensi,ensi,ADV,24,ainsi_+IT,Adv,Adv,ainsi,103,,/V\.'C/V\
2,1,2,com,com,CON:subord,25,come1_S,Sub,Sub,comme,103,,C/V\
3,1,3,je,je,PRO:pers,26,je_S,Prn,Prn$,1ps,103,s,C/(e)\
4,1,4,vous,vous,PRO:pers,27,vos1_S,Prn,Prn$$,2pp,103,,C/V\
5,1,5,ai,ai,VER,28,aidier|avoir_+Md|+CMI,Vfin,Vfin,avoir1,103,,/V\
6,1,6,conté,conté,VER,29,conter_+I,Vpp,Vpp,conter,103,,C/V\.'C/V\
7,2,1,mandé,mandé,VER,74,mander_+IM,Vpp,Vpp,mander,106,,C/V\.'C/V\
8,2,2,a,a,PRE,75,a_S,Pre,Pre,à,106,,/V\
9,2,3,monsigneur,monsigneur,NOM,76,<unknown>,N,N,,107,,C/V\.C/V\.'C/V\
10,2,4,Tristran,tristran,NPR,77,tristan_Z,N,N,,107,,C/V\.'C/V\
11,3,1,a,a,PRE,95,a_S,Pre,Pre,à,108,,/V\
12,3,2,mot,mot,NOM,96,mot_+CIT,N,N,,108,,C/V\
13,3,3,a,a,PRE,97,a_S,Pre,Pre,à,108,,/V\
14,3,4,toutes,toutes,DET:ind,98,tot_S,QIs,QIs,tout,108,,'C/V\.C/e\
15,3,5,les,les,DET:def,99,le_S,Det,Det,le,108,,C/V\
16,3,6,paroles,paroles,NOM,100,parole_+I,N,N,,108,,C/V\.'C/V\.C/e\
17,4,1,avoit,avoit,VER,146,avoiier|avoir_+MI|+MI,Vfin,Vfin,avoir1,113,,/V\.'C/V\
18,4,2,le,le,DET:def,147,le_S,Det,Det,le,113,,C/(e)\
19,4,3,soir,soir,NOM,148,soir_+IT,N,N,,113,,C/V\
20,4,4,devant,devant,PRE,149,devant_S,PrA,PrA,devant,113,,C/V\.'C/V\
21,4,5,geü,geü,VER,150,jesir_+I,Vpp,Vpp,gésir,113,,C/(V)\.'/V\
22,5,1,A,a,PRE,189,a_S,Pre,Pre,à,117,,/V\
23,5,2,l',l',DET:def,190,le_S,Det,Det,le,117,,C/\
24,5,3,endemain,endemain,NOM,191,endemain|lendemain_+IT|+T,N,N,,117,,/V\.C/e\.'C/V\
25,5,4,",",",",PON,192,",",Pnc,Pnc,,117,,
26,5,5,auques,auques,ADV,193,alques_G,Adv,Adv,auques,117,,'/V\.C/e\
27,5,6,matin,matin,NOM,194,matin2|matin_+IT|I,N,N,,117,,C/V\.'C/V\
28,6,1,avoit,avoit,VER,222,avoiier|avoir_+MI|+MI,Vfin,Vfin,avoir1,119,,/V\.'C/V\
29,6,2,faite,faite,VER,223,faire_+CMI,Vpp,Vpp,faire,119,,'C/V\.C/(e)\
30,6,3,le,le,DET:def,224,le_S,Det,Det,le,120,,C/(e)\
31,6,4,jour,jour,NOM,225,jor_+C,N,N,,120,,C/V\
32,6,5,devant,devant,PRE,226,devant_S,PrA,PrA,devant,120,,C/V\.'C/V\
33,7,1,sa,sa,DET:poss,258,son4_S,Det,Det,son4,122,,C/V\
34,7,2,lance,lance,NOM,259,lance_+IT,N,N,,122,,'C/V\.C/(e)\
35,7,3,tout,tout,PRO:ind,260,tot_S,QIs,QIs,tout,122,,C/V\
36,7,4,apertement,apertement,ADV,261,apertement_I,Adv,Adv,,122,,/V\.C/V\.C/e\.'C/V\
37,8,1,Ha,ha,INT,264,a2|hay!_+T|+T,Exc,Exc,,122,,/V\
38,8,2,!,!,PON,265,!,Pnc,Pnc,,122,,
39,8,3,pour,pour,PRE,266,por2_+S,Pre,Pre,pour,123,,C/V\
40,8,4,Dieu,dieu,NOM,267,dieu_+CIT,N,N,,123,,C/V\
41,8,5,",",",",PON,268,",",Pnc,Pnc,,123,,
42,8,6,sire,sire,NOM,269,seignor|sire2_+CIT|+T,N,N,,123,,'C/V\.C/(e)\
43,8,7,",",",",PON,270,",",Pnc,Pnc,,123,,
44,8,8,fait,fait,VER,271,faire|farre_+CMI|M,Vfin,Vfin,faire,123,,C/V\
45,8,9,li,li,DET:def,272,le_S,Det,Det,le,123,,C/V\
46,8,10,peres,peres,NOM,273,pere_CI,N,N,,123,,'C/V\.C/e\
47,9,1,mais,mais,CON:coord,305,mais_S,Crd,Crd,mais1,125,,C/V\
48,9,2,regardés,regardés,VER,306,regarder_*+I,Vfin,Vfin,regarder,126,,C/V\.C/V\.'C/V\
49,9,3,a,a,PRE,307,a_S,Pre,Pre,à,126,,/V\
50,9,4,vostre,vostre,DET:poss,308,vostre_S,Det,Det,votre,126,,'C/V\.C/(e)\
51,9,5,sens,sens,NOM,309,sens_+IT,N,N,,126,,C/V\
52,10,1,ne,ne,PRO:clit,340,en2_S,Neg,Neg$$,ne1,128,,C/(e)\
53,10,2,metrai,metrai,VER,341,metre|mettre_CIM|M,Vfin,Vfin,mettre,128,,C/V\.'C/V\
54,10,3,main,main,NOM,342,main2|main3_+IT|+T,N,N,,129,c,C/V\
55,10,4,",",",",PON,343,",",Pnc,Pnc,,129,,
56,10,5,se,se,DET:poss,344,son4_S,Sub,Sub,si3,129,,C/(e)\
57,10,6,grant,grant,ADJ,345,grant_+CIT,Adj,Adj,grand,129,,C/V\
58,10,7,besoingne,besoingne,NOM,346,besoigne_+I,N,N,,129,,C/V\.'C/V\.C/(e)\
59,11,1,k',k',PROCON,392,que1|que2|que3|que4_S|S|S|S,Qux,Qux,que,133,c,C/\
60,11,2,il,il,PRO:pers,393,il_S,Prn,Prn$,3p,133,s,/V\
61,11,3,puet,puet,VER,394,pöoir_+I,Vfin,Vfin,pouvoir2,133,,C/V\
62,11,4,tenir,tenir,VER,395,tenir1|tenir|tenoir_+T|MI|M,Vinf,Vinf,tenir,133,,C/V\.'C/V\
63,11,5,vers,vers,PRE,396,vers2_+S,Pre,Pre,vers2,133,,C/V\
64,11,6,Sorelois,sorelois,NPR,397,<nolem>,N,N,,133,,C/V\.C/e\.'C/V\
65,12,1,Quant,quant,ADV,412,cant_C,Sub,Sub,quand,201,,C/V\
66,12,2,Lanselos,lanselos,NPR,413,<unknown>,N,N,,201,s,C/V\.C/e\.'C/V\
67,12,3,se,se,PRO:pers,414,soi1_S,Prn,Prn$$,soi,201,,C/(e)\
68,12,4,fu,fu,VER,415,estre1|estre_+I|CMI,Vfin,Vfin,être1|ester,201,,C/V\
69,12,5,partis,partis,VER,416,partir_+IM,Vpp,Vpp,partir,201,,C/V\.'C/V\
70,13,1,Dont,dont,PRO:invar,445,dont_S,Adv,Adv,donc,203,,C/V\
71,13,2,n',n',PRO:clit,446,en2_S,Neg,Neg$$,ne1,204,,C/\
72,13,3,ot,ot,VER,447,avoir|öir_+IM|+I,Vfin,Vfin,avoir1|ouïr,204,,/V\
73,13,4,mie,mie,ADV,448,mie_C,Neg,Neg,mie3,204,,'C/V\./(e)\
74,13,5,granment,granment,ADV,449,granment_I,Adv,Adv,,204,,C/V\.'C/V\
75,13,6,alé,alé,VER,450,aler_+MI,Vpp,Vpp,aller,204,,/V\.'C/V\
76,14,1,de,de,PRE,482,de_+S,Pre,Pre,de,207,,C/(e)\
77,14,2,la,la,DET:def,483,le_S,Det,Det,le,207,,C/V\
78,14,3,maison,maison,NOM,484,maison|mason_+CIT|+T,N,N,,207,,C/V\.'C/V\
79,14,4,le,le,DET:def,485,le_S,Det,Det,le,207,,C/(e)\
80,14,5,roi,roi,NOM,486,ri|roi1|roi2|roi3|rois1|roit2|roiz|ré4_+T|+T|+IT|+T|+T|+T|+T|+T,N,N,,208,,C/V\
81,14,6,Artu,artu,NPR,487,artu_I|Z,N,N,,208,,/V\.'C/V\
82,15,1,le,le,DET:def,485,le_S,Det,Det,le,207,,C/(e)\
83,15,2,roi,roi,NOM,486,ri|roi1|roi2|roi3|rois1|roit2|roiz|ré4_+T|+T|+IT|+T|+T|+T|+T|+T,N,N,,208,,C/V\
84,15,3,Artu,artu,NPR,487,artu_I|Z,N,N,,208,,/V\.'C/V\
85,15,4,et,et,CON:coord,488,et_S,Crd,Crd,et,208,,/V\
86,15,5,compaingnon,compaingnon,NOM,489,compagnon_+Z,N,N,,208,,C/V\.C/V\.'C/V\
87,16,1,Brandelis,brandelis,VER,514,<unknown>,N,N,,210,a,C/V\.C/e\.'C/V\
88,16,2,et,et,CON:coord,515,et_S,Crd,Crd,et,210,,/V\
89,16,3,li,li,DET:def,516,le_S,Det,Det,le,210,,C/V\
90,16,4,autres,autres,ADJ,517,autre_CI,Adj,Adj,autre,210,,'/V\.C/e\
91,16,5,Quex,quex,ADJ,518,quel_C,N,N,,210,,C/V\
92,17,1,il,il,PRO:pers,538,il_S,Prn,Prn$,3p,213,s,/V\
93,17,2,nel,nel,PROCON,539,il|ne1_Z|Z,Neg+Prn,Neg$$+Prn$$,ne1+3p,213,c,C/V\
94,17,3,reconnurent,reconnurent,VER,540,reconoistre_+C,Vfin,Vfin,reconnaître,213,,C/V\.C/V\.'C/V\.C/e\
95,17,4,de,de,PRE,541,de_+S,Pre,Pre,de,214,,C/(e)\
96,17,5,riens,riens,ADV,542,riens_Z,N,N,rien,214,,C/V\
97,18,1,pour,pour,PRE,543,por2_+S,Pre,Pre,pour,214,,C/V\
98,18,2,ce,ce,PRO:invar,544,ce1_S,Prn,Prn,ce1,214,,C/(e)\
99,18,3,k',k',PROCON,545,que1|que2|que3|que4_S|S|S|S,Qux,Qux,que,214,,C/\
100,18,4,il,il,PRO:pers,546,il_S,Prn,Prn$,3p,214,s,/V\
101,18,5,faisoit,faisoit,VER,547,faire_+CM,Vfin,Vfin,faire,214,,C/V\.'C/V\
102,18,6,son,son,DET:poss,548,son4_S,Det,Det,son4,214,,C/V\
103,18,7,escu,escu,NOM,549,escu_+IT,N,N,,214,,/V\.'C/V\
104,19,1,couvert,couvert,VER,551,covrir_+M,Vpp,Vpp,couvrir,214,,C/V\.'C/V\
105,19,2,d',d',PRE,552,de_+S,Pre,Pre,de,214,,C/\
106,19,3,une,une,DET:ndf,553,un_S,QIs,QIs,un,214,,'/V\.C/(e)\
107,19,4,houche,houche,NOM,554,<nolem>,N,N,,215,,'C/V\.C/(e)\
108,19,5,vermeille,vermeille,ADJ,555,vermeil_I,Adj,Adj,,215,,C/V\.'C/V\.C/(e)\
109,20,1,ne,ne,PRO:clit,586,en2_S,Crd,Crd,ne2,218,,C/(e)\
110,20,2,n',n',PRO:clit,587,en2_S,Neg,Neg$$,ne1,218,,C/\
111,20,3,i,i,PRO:clit,588,i2_S,Prn,Prn$$,y,218,,/V\
112,20,4,avoit,avoit,VER,589,avoiier|avoir_+MI|+MI,Vfin,Vfin,avoir1,218,,/V\.'C/V\
113,20,5,nule,nule,DET:ind,590,nul_S,QIs,QIs,nul,218,,'C/V\.C/(e)\
114,20,6,entresaingne,entresaingne,NOM,591,<nolem>,N,N,,218,,/V\.C/e\.'C/V\.C/(e)\
115,21,1,Quant,quant,ADV,635,cant_C,Sub,Sub,quand,222,,C/V\
116,21,2,il,il,PRO:pers,636,il_S,Prn,Prn$,3p,222,s,/V\
117,21,3,le,le,PRO:pers,637,il_S,Prn,Prn$$,3p,222,c,C/(e)\
118,21,4,voient,voient,VER,638,vëoir_+I,Vfin,Vfin,voir1,222,,'C/V\./e\
119,21,5,aprochier,aprochier,VER,639,aprochier_+IT,Vinf,Vinf,,222,,/V\.C/V\.'C/V\
120,22,1,dusques,dusques,ADV,653,dusque_+T,PrA,PrA,dusque,223,,'C/V\.C/e\
121,22,2,a,a,PRE,654,a_S,Pre,Pre,à,223,,/V\
122,22,3,aus,aus,PRO:pers,655,il_S,Prn,Prn,3p,223,,/V\
123,22,4,",",",",PON,656,",",Pnc,Pnc,,223,,
124,22,5,si,si,ADV,657,si_+IT,Adv,Adv,si4,223,,C/V\
125,22,6,le,le,PRO:pers,658,il_S,Prn,Prn$$,3p,223,c,C/(e)\
126,22,7,saluent,saluent,VER,659,salüer_+IId,Vfin,Vfin,saluer,223,,C/V\.'C/V\./e\
127,23,1,mout,mout,ADV,666,mout_I,QIs,QIs,moult,224,,C/V\
128,23,2,bel,bel,ADJ,667,bel1|bel_+T|I,Adj,Adj,beau,224,,C/V\
129,23,3,et,et,CON:coord,668,et_S,Crd,Crd,et,224,,/V\
130,23,4,mout,mout,ADV,669,mout_I,QIs,QIs,moult,224,,C/V\
131,23,5,cortoisement,cortoisement,ADV,670,cortoisement_I,Adv,Adv,,224,,C/V\.C/V\.C/e\.'C/V\
132,24,1,Sire,sire,NOM,673,seignor|sire2_+CIT|+T,N,N,,224,,'C/V\.C/(e)\
133,24,2,",",",",PON,674,",",Pnc,Pnc,,224,,
134,24,3,i,i,PRO:clit,675,i2_S,Prn,Prn$$,y,225,,/V\
135,24,4,font,font,VER,676,faire|fondre_+MI|+MI,Vfin,Vfin,faire,225,,C/V\
136,24,5,il,il,PRO:pers,677,il_S,Prn,Prn,3p,225,s,/V\
137,24,6,",",",",PON,678,",",Pnc,Pnc,,225,,
138,24,7,qui,qui,PROCON,679,qui_S,Qux,Qux,qui,225,a,C/V\
139,24,8,estes,estes,VER,680,ester|estre1_+M|+I,Vfin,Vfin,être1|ester,225,,'/V\.C/e\
140,24,9,vous,vous,PRO:pers,681,vos1_S,Prn,Prn,2pp,225,s,C/V\
141,25,1,qui,qui,PROCON,679,qui_S,Qux,Qux,qui,225,a,C/V\
142,25,2,estes,estes,VER,680,ester|estre1_+M|+I,Vfin,Vfin,être1|ester,225,,'/V\.C/e\
143,25,3,vous,vous,PRO:pers,681,vos1_S,Prn,Prn,2pp,225,s,C/V\
144,25,4,?,?,PON,682,?,Pnc,Pnc,,225,,
145,25,5,—,—,PON,683,-,Pnc,Pnc,,225,,
146,25,6,Signeur,signeur,NOM,684,seignor_+C,N,N,,225,,C/V\.'C/V\
147,25,7,",",",",PON,685,",",Pnc,Pnc,,225,,
148,25,8,fait,fait,VER,686,faire|farre_+CMI|M,Vfin,Vfin,faire,225,,C/V\
149,25,9,il,il,PRO:pers,687,il_S,Prn,Prn,3p,225,s,/V\
150,26,1,je,je,PRO:pers,689,je_S,Prn,Prn$,1ps,225,s,C/(e)\
151,26,2,sui,sui,VER,690,estre1|savoir|sivre_+I|+M|+MMd,Vfin,Vfin,être1|ester,225,,C/V\
152,26,3,uns,uns,DET:ndf,691,un_S,QIs,QIs,un,225,,/V\
153,26,4,cevaliers,cevaliers,NOM,692,chevalier_+Z,N,N,,225,,C/V\.C/V\.'C/V\
154,26,5,errans,errans,VER,693,arer|arer|arer|errer1|errer2_*+M|+M|+M|+T|+IT,Vprs,Vprs,errer,226,,/V\.'C/V\
155,27,1,Et,et,CON:coord,710,et_S,Crd,Crd,et,227,,/V\
156,27,2,estes,estes,VER,711,ester|estre1_+M|+I,Vfin,Vfin,être1|ester,227,,'/V\.C/e\
157,27,3,vous,vous,PRO:pers,712,vos1_S,Prn,Prn,2pp,227,s,C/V\
158,27,4,de,de,PRE,713,de_+S,Pre,Pre,de,227,,C/(e)\
159,27,5,la,la,DET:def,714,le_S,Det,Det,le,227,,C/V\
160,27,6,maison,maison,NOM,715,maison|mason_+CIT|+T,N,N,,227,,C/V\.'C/V\
161,28,1,quel,quel,ADJ,806,quel_C,Qux,Qux,quel,234,,C/V\
162,28,2,part,part,NOM,807,part1|part2|part3|part4_+IT|+T|+T|+T,N,N,,234,,C/V\
163,28,3,volés,volés,VER,808,voler_*+IT,Vfin,Vfin,vouloir,234,,C/V\.'C/V\
164,28,4,vous,vous,PRO:pers,809,vos1_S,Prn,Prn,2pp,234,s,C/V\
165,28,5,cevauchier,cevauchier,VER,810,<nolem>,Vinf,Vinf,chevaucher,234,c,C/V\.C/V\.'C/V\
166,29,1,volés,volés,VER,808,voler_*+IT,Vfin,Vfin,vouloir,234,,C/V\.'C/V\
167,29,2,vous,vous,PRO:pers,809,vos1_S,Prn,Prn,2pp,234,s,C/V\
168,29,3,cevauchier,cevauchier,VER,810,<nolem>,Vinf,Vinf,chevaucher,234,c,C/V\.C/V\.'C/V\
169,29,4,?,?,PON,811,?,Pnc,Pnc,,234,,
170,29,5,—,—,PON,812,-,Pnc,Pnc,,234,,
171,29,6,Signeur,signeur,NOM,813,seignor_+C,N,N,,234,,C/V\.'C/V\
172,30,1,a,a,PRE,825,a_S,Pre,Pre,à,235,,/V\
173,30,2,l',l',DET:def,826,le_S,Det,Det,le,235,,C/\
174,30,3,entree,entree,NOM,827,entree_+IT,N,N,,235,,/V\.'C/V\./(e)\
175,30,4,de,de,PRE,828,de_+S,Pre,Pre,de,235,,C/(e)\
176,30,5,Soreloys,soreloys,NOM,829,<unknown>,N,N,,235,,C/V\.C/e\.'C/V\
177,31,1,Et,et,CON:coord,832,et_S,Crd,Crd,et,236,,/V\
178,31,2,nous,nous,PRO:pers,833,nos1_S,Prn,Prn,1pp,236,,C/V\
179,31,3,",",",",PON,834,",",Pnc,Pnc,,236,,
180,31,4,dient,dient,VER,835,dire_+CMIIdMd,Vfin,Vfin,dire,236,,'C/V\./e\
181,31,5,li,li,DET:def,836,le_S,Det,Det,le,236,,C/V\
182,31,6,chevalier,chevalier,NOM,837,chevalier_+IT,N,N,,236,,C/V\.C/V\.'C/V\
183,32,1,alom,alom,VER,839,aler_+Z,Vfin,Vfin,aller,236,,/V\.'C/V\
184,32,2,autresi,autresi,ADV,840,autresi_+IT,Adv,Adv,autresi,236,,/V\.C/e\.'C/V\
185,32,3,cele,cele,DET:demo,841,cel_S,Dem,Dem,cil,236,,'C/V\.C/(e)\
186,32,4,part,part,NOM,842,part1|part2|part3|part4_+IT|+T|+T|+T,N,N,,236,,C/V\
187,33,1,avom,avom,VER,851,avoir_+IM,Vfin,Vfin,avoir1,237,,/V\.'C/V\
188,33,2,nous,nous,PRO:pers,852,nos1_S,Prn,Prn,1pp,237,s,C/V\
189,33,3,autresi,autresi,ADV,853,autresi_+IT,Adv,Adv,autresi,237,,/V\.C/e\.'C/V\
190,33,4,a,a,PRE,854,a_S,Pre,Pre,à,237,,/V\
191,33,5,faire,faire,VER,855,faire_+MIT,Vinf,Vinf,faire,238,,'C/V\.C/(e)\
192,34,1,Atant,atant,ADV,883,atant|tant_CI|I,Adv,Adv,atant,301,,/V\.'C/V\
193,34,2,se,se,PRO:pers,884,soi1_S,Prn,Prn$$,soi,301,,C/(e)\
194,34,3,metent,metent,VER,885,metre_IM,Vfin,Vfin,mettre,301,,'C/V\.C/e\
195,34,4,a,a,PRE,886,a_S,Pre,Pre,à,301,,/V\
196,34,5,la,la,DET:def,887,le_S,Det,Det,le,301,,C/V\
197,34,6,voie,voie,NOM,888,voie_+CIT,N,N,,301,,'C/V\./(e)\
198,35,1,parlant,parlant,VER,897,parler_+IM,Vprs,Vprs,parler,302,,C/V\.'C/V\
199,35,2,de,de,PRE,898,de_+S,Pre,Pre,de,302,,C/(e)\
200,35,3,maintes,maintes,DET:ind,899,maint_S,QIs,QIs,maint,302,,'C/V\.C/e\
201,35,4,aventures,aventures,NOM,900,aventure_+I,N,N,,302,,/V\.C/V\.'C/V\.C/e\
202,36,1,Il,il,PRO:pers,902,il_S,Prn,Prn$,3p,302,s,/V\
203,36,2,demandent,demandent,VER,903,demander_+I,Vfin,Vfin,demander,303,,C/V\.'C/V\.C/e\
204,36,3,a,a,PRE,904,a_S,Pre,Pre,à,303,,/V\
205,36,4,Lanselot,lanselot,NPR,905,<nolem>,N,N,,303,,C/V\.C/e\.'C/V\
206,37,1,s',s',PRO:pers,906,soi1_S,Sub,Sub,si3,303,,C/\
207,37,2,il,il,PRO:pers,907,il_S,Prn,Prn$,3p,303,s,/V\
208,37,3,fu,fu,VER,908,estre1|estre_+I|CMI,Vfin,Vfin,être1|ester,303,,C/V\
209,37,4,onques,onques,ADV,909,onque_+CIT,Adv,Adv,onques,303,,'/V\.C/e\
210,37,5,en,en,PRE,910,en1_+S,Pre,Pre,en1,303,,/V\
211,37,6,la,la,DET:def,911,le_S,Det,Det,le,303,,C/V\
212,37,7,maison,maison,NOM,912,maison|mason_+CIT|+T,N,N,,303,,C/V\.'C/V\
213,38,1,le,le,DET:def,913,le_S,Det,Det,le,303,,C/(e)\
214,38,2,roi,roi,NOM,914,ri|roi1|roi2|roi3|rois1|roit2|roiz|ré4_+T|+T|+IT|+T|+T|+T|+T|+T,N,N,,303,,C/V\
215,38,3,Artu,artu,NPR,915,artu_I|Z,N,N,,304,,/V\.'C/V\
216,38,4,.,.,PON,916,.,Pnc,Pnc,,304,,
217,38,5,«,«,PON:cit,917,QUOTED,Pnc,Pnc,,304,,
218,38,6,Signeur,signeur,NOM,918,seignor_+C,N,N,,304,,C/V\.'C/V\
219,38,7,",",",",PON,919,",",Pnc,Pnc,,304,,
220,38,8,fait,fait,VER,920,faire|farre_+CMI|M,Vfin,Vfin,faire,304,,C/V\
221,38,9,il,il,PRO:pers,921,il_S,Prn,Prn,3p,304,s,/V\
222,39,1,G',g',PRO:pers,925,je_S,Prn,Prn$,1ps,304,s,C/\
223,39,2,i,i,PRO:clit,926,i2_S,Prn,Prn$$,y,304,c,/V\
224,39,3,fui,fui,VER,927,estre1|fuir_+I|+MIMd,Vfin,Vfin,être1|ester,304,,C/V\
225,39,4,ja,ja,ADV,928,ja_+CIT,Adv,Adv,jà,304,,C/V\
226,39,5,",",",",PON,929,",",Pnc,Pnc,,304,,
227,39,6,fait,fait,VER,930,faire|farre_+CMI|M,Vfin,Vfin,faire,304,,C/V\
228,39,7,il,il,PRO:pers,931,il_S,Prn,Prn,3p,304,s,/V\
229,39,8,",",",",PON,932,",",Pnc,Pnc,,304,,
230,39,9,voirement,voirement,ADV,933,voirement_I,Adv,Adv,,304,,C/V\.C/e\.'C/V\
231,40,1,Je,je,PRO:pers,952,je_S,Prn,Prn$,1ps,306,s,C/(e)\
232,40,2,en,en,PRO:clit,953,en2_S,Prn,Prn$$,en2,306,,/V\
233,40,3,connois,connois,VER,954,conoistre_+M,Vfin,Vfin,connaître,306,,C/V\.'C/V\
234,40,4,voirement,voirement,ADV,955,voirement_I,Adv,Adv,,306,,C/V\.C/e\.'C/V\
235,40,5,aucun,aucun,PRO:ind,956,aucun_S,QIs,QIs,aucun,306,c,/V\.'C/V\
236,41,1,Et,et,CON:coord,959,et_S,Crd,Crd,et,306,,/V\
237,41,2,Lanselot,lanselot,NPR,960,<nolem>,N,N,,307,,C/V\.C/e\.'C/V\
238,41,3,du,du,PREDET:de,961,de+le_S,Pre+Det,Pre+Det,de+le,307,,C/V\
239,41,4,Lac,lac,NOM,962,lac_+IT,N,N,,307,,C/V\
240,41,5,",",",",PON,963,",",Pnc,Pnc,,307,,
241,41,6,font,font,VER,964,faire|fondre_+MI|+MI,Vfin,Vfin,faire,307,,C/V\
242,41,7,il,il,PRO:pers,965,il_S,Prn,Prn,3p,307,s,/V\
243,42,1,fait,fait,VER,974,faire|farre_+CMI|M,Vfin,Vfin,faire,307,,C/V\
244,42,2,il,il,PRO:pers,975,il_S,Prn,Prn,3p,308,s,/V\
245,42,3,",",",",PON,976,",",Pnc,Pnc,,308,,
246,42,4,chelui,chelui,PRO:demo,977,cel_S,Dem,Dem,cil,308,c,C/V\.'C/V\
247,42,5,connois,connois,VER,978,conoistre_+M,Vfin,Vfin,connaître,308,,C/V\.'C/V\
248,42,6,je,je,PRO:pers,979,je_S,Prn,Prn,1ps,308,s,C/(e)\
249,42,7,bien,bien,ADV,980,bien1|bien2|bien_+IT|C|I,Adv,Adv,bien,308,,C/V\
250,43,1,quant,quant,ADV,993,cant_C,Sub,Sub,que,309,,C/V\
251,43,2,vous,vous,PRO:pers,994,vos1_S,Prn,Prn,2pp,309,s,C/V\
252,43,3,Lanselot,lanselot,NPR,995,<nolem>,N,N,,309,c,C/V\.C/e\.'C/V\
253,43,4,connissiés,connissiés,VER,996,conoistre_+M,Vfin,Vfin,connaître,309,,C/V\.C/V\.'C/V\
254,44,1,itant,itant,ADV,998,itant_I,QIs,QIs,tant,309,,/V\.'C/V\
255,44,2,me,me,PRO:pers,999,je_S,Prn,Prn$$,1ps,309,,C/(e)\
256,44,3,dites,dites,VER,1000,dire_+CMI,Vfin,Vfin,dire,310,,'C/V\.C/e\
257,44,4,",",",",PON,1001,",",Pnc,Pnc,,310,,
258,44,5,s',s',PRO:pers,1002,soi1_S,Sub,Sub,si3,310,,C/\
259,44,6,il,il,PRO:pers,1003,il_S,Prn,Prn$,3p,310,s,/V\
260,44,7,vous,vous,PRO:pers,1004,vos1_S,Prn,Prn$$,2pp,310,,C/V\
261,44,8,plaist,plaist,VER,1005,plaire_+MI,Vfin,Vfin,plaire,310,,C/V\
262,45,1,l',l',PRO:pers,1007,il_S,Prn,Prn$$,3p,310,c,C/\
263,45,2,avés,avés,VER,1008,avoir_+M,Vfin,Vfin,avoir1,310,,/V\.'C/V\
264,45,3,vous,vous,PRO:pers,1009,vos1_S,Prn,Prn,2pp,310,s,C/V\
265,45,4,encore,encore,ADV,1010,encore_+IT,Adv,Adv,encore,310,,/V\.'C/V\.C/(e)\
266,45,5,veü,veü,VER,1011,vëoir_+I,Vpp,Vpp,voir1,310,,C/(V)\.'/V\
267,46,1,Ce,ce,PRO:invar,1081,ce1_S,Prn,Prn,ce1,315,a,C/(e)\
268,46,2,ne,ne,PRO:clit,1082,en2_S,Neg,Neg$$,ne1,316,,C/(e)\
269,46,3,sai,sai,VER,1083,savoir_+IM,Vfin,Vfin,savoir,316,,C/V\
270,46,4,je,je,PRO:pers,1084,je_S,Prn,Prn,1ps,316,s,C/(e)\
271,46,5,mie,mie,ADV,1085,mie_C,Neg,Neg,mie3,316,,'C/V\./(e)\
272,46,6,tres,tres,ADV,1086,tres|très_I|IIdTd,Adv,Adv,très,316,,C/V\
273,46,7,bien,bien,ADV,1087,bien1|bien2|bien_+IT|C|I,Adv,Adv,bien,316,,C/V\
274,47,1,cevaucent,cevaucent,VER,1096,chevauchier_*+Z,Vfin,Vfin,chevaucher,401,,C/V\.'C/V\.C/e\
275,47,2,li,li,DET:def,1097,le_S,Det,Det,le,401,,C/V\
276,47,3,troi,troi,ADJ:card,1098,trois_CI,QIs,QIs,3,401,,C/V\
277,47,4,chevalier,chevalier,NOM,1099,chevalier_+IT,N,N,,401,,C/V\.C/V\.'C/V\
278,48,1,tant,tant,ADV,1101,tant_CI,QIs,QIs,tant,401,,C/V\
279,48,2,k',k',PROCON,1102,que1|que2|que3|que4_S|S|S|S,Sub,Sub,que,402,,C/\
280,48,3,il,il,PRO:pers,1103,il_S,Prn,Prn$,3p,402,s,/V\
281,48,4,sont,sont,VER,1104,estre1|estre_+I|CMI,Vfin,Vfin,être1|ester,402,,C/V\
282,48,5,venu,venu,VER,1105,venir_+I,Vpp,Vpp,venir,402,,C/V\.'C/V\
283,48,6,trusc',trusc',ADV,1106,<nolem>,Adv,Adv,,402,,C/V\
284,48,7,au,au,PREDET:a,1107,a+le_S,Pre+Det,Pre+Det,à+le,402,,/V\
285,48,8,pont,pont,NOM,1108,point|pon2|pont1|pont2_+T|+T|+T|+T,N,N,,402,,C/V\
286,49,1,que,que,PROCON,1135,que3_S,Qux,Qux,que,404,c,C/(e)\
287,49,2,li,li,DET:def,1136,le_S,Det,Det,le,404,,C/V\
288,49,3,preudom,preudom,NOM,1137,pro_I,N,N,,405,,C/V\.'C/V\
289,49,4,li,li,PRO:pers,1138,il_S,Prn,Prn$$,3p,405,,C/V\
290,49,5,avoit,avoit,VER,1139,avoiier|avoir_+MI|+MI,Vfin,Vfin,avoir1,405,,/V\.'C/V\
291,49,6,faite,faite,VER,1140,faire_+CMI,Vpp,Vpp,faire,405,,'C/V\.C/(e)\
292,50,1,ki,ki,PROCON,1173,qui_S,Qux,Qux,qui,408,s,C/V\
293,50,2,faisoit,faisoit,VER,1174,faire_+CM,Vfin,Vfin,faire,408,,C/V\.'C/V\
294,50,3,samblant,samblant,NOM,1175,semblant_*+IT,N,N,,408,,C/V\.'C/V\
295,50,4,de,de,PRE,1176,de_+S,Pre,Pre,de,408,,C/(e)\
296,50,5,bataille,bataille,NOM,1177,bataille_+IT,N,N,,408,,C/V\.'C/V\.C/(e)\
297,51,1,et,et,CON:coord,1192,et_S,Crd,Crd,et,410,,/V\
298,51,2,orendroit,orendroit,ADV,1193,orendroit_CI,Adv,Adv,orendroit,410,,/V\.C/V\.'C/V\
299,51,3,s',s',PRO:pers,1194,soi1_S,Prn,Prn$$,soi,410,,C/\
300,51,4,est,est,VER,1195,ester|estre1_+M|+I,Vfin,Vfin,être1|ester,410,,/V\
301,51,5,mis,mis,VER,1196,manoir|metre|mettre_M|CIM|M,Vpp,Vpp,mettre,410,,C/V\
302,51,6,deriere,deriere,ADV,1197,derriere_Z,PrA,PrA,derrière,410,,C/V\.'C/V\.C/(e)\
303,52,1,ait,ait,VER,1199,aidier|avoir_+MIdMd|+CIM,Vfin,Vfin,avoir1,410,,/V\
304,52,2,fait,fait,VER,1200,faire|farre_+CMI|M,Vpp,Vpp,faire,410,,C/V\
305,52,3,cestui,cestui,PRO:demo,1201,cest_S,Dem,Dem,cist,410,,C/V\.'C/V\
306,52,4,fait,fait,VER,1202,faire|farre_+CMI|M,N,N,,410,,C/V\
307,52,5,par,par,PRE,1203,par_S,Pre,Pre,par1,410,,C/V\
308,52,6,paour,paour,NOM,1204,pëor_*+Td,N,N,,410,,C/(V)\.'/V\
309,53,1,k',k',PROCON,1208,que1|que2|que3|que4_S|S|S|S,Qux,Qux,que,411,c,C/\
310,53,2,il,il,PRO:pers,1209,il_S,Prn,Prn$,3p,411,s,/V\
311,53,3,ait,ait,VER,1210,aidier|avoir_+MIdMd|+CIM,Vfin,Vfin,avoir1,411,,/V\
312,53,4,du,du,PREDET:de,1211,de+le_S,Pre+Det,Pre+Det,de+le,411,,C/V\
313,53,5,cevalier,cevalier,NOM,1212,<nolem>,N,N,,411,,C/V\.C/V\.'C/V\
314,53,6,du,du,PREDET:de,1213,de+le_S,Pre+Det,Pre+Det,de+le,411,,C/V\
315,53,7,pont,pont,NOM,1214,point|pon2|pont1|pont2_+T|+T|+T|+T,N,N,,411,,C/V\
316,54,1,k',k',PROCON,1235,que1|que2|que3|que4_S|S|S|S,Qux,Qux,que,413,,C/\
317,54,2,il,il,PRO:pers,1236,il_S,Prn,Prn$,3p,413,s,/V\
318,54,3,n',n',PRO:clit,1237,en2_S,Neg,Neg$$,ne1,413,,C/\
319,54,4,em,em,PRO:clit,1238,en2_S,Prn,Prn$$,en2,413,,/V\
320,54,5,paraut,paraut,VER,1239,parler_+Z,Vfin,Vfin,parler,413,,C/V\.'C/V\
321,54,6,a,a,PRE,1240,a_S,Pre,Pre,à,413,,/V\
322,54,7,Brandelis,brandelis,NOM,1241,<unknown>,N,N,,413,,C/V\.C/e\.'C/V\
323,55,1,Brandelis,brandelis,VER,1247,<unknown>,N,N,,414,,C/V\.C/e\.'C/V\
324,55,2,",",",",PON,1248,",",Pnc,Pnc,,414,,
325,55,3,vous,vous,PRO:pers,1249,vos1_S,Prn,Prn$$,2pp,414,,C/V\
326,55,4,estes,estes,VER,1250,ester|estre1_+M|+I,Vfin,Vfin,être1|ester,414,,'/V\.C/e\
327,55,5,vous,vous,PRO:pers,1251,vos1_S,Prn,Prn,2pp,414,s,C/V\
328,55,6,pris,pris,VER,1252,prendre|prisier_+CMI|+IM,Vpp,Vpp,prendre,414,,C/V\
329,56,1,Je,je,PRO:pers,1271,je_S,Prn,Prn$,1ps,416,s,C/(e)\
330,56,2,ne,ne,PRO:clit,1272,en2_S,Neg,Neg$$,ne1,416,,C/(e)\
331,56,3,sai,sai,VER,1273,savoir_+IM,Vfin,Vfin,savoir,416,,C/V\
332,56,4,voir,voir,ADJ,1274,voir_+IT,Adj,Adj,voir2,416,,C/V\
333,56,5,",",",",PON,1275,",",Pnc,Pnc,,416,,
334,56,6,fait,fait,VER,1276,faire|farre_+CMI|M,Vfin,Vfin,faire,416,,C/V\
335,56,7,Brandelis,brandelis,VER,1277,<unknown>,N,N,,416,s,C/V\.C/e\.'C/V\
336,57,1,fait,fait,VER,1343,faire|farre_+CMI|M,Vfin,Vfin,faire,421,,C/V\
337,57,2,Brandelis,brandelis,VER,1344,<unknown>,N,N,,421,s,C/V\.C/e\.'C/V\
338,57,3,",",",",PON,1345,",",Pnc,Pnc,,421,,
339,57,4,vous,vous,PRO:pers,1346,vos1_S,Prn,Prn$,2pp,422,s,C/V\
340,57,5,dites,dites,VER,1347,dire_+CMI,Vfin,Vfin,dire,422,,'C/V\.C/e\
341,57,6,voir,voir,ADJ,1348,voir_+IT,Adj,Adj,voir2,422,c,C/V\
342,58,1,Quant,quant,ADV,1380,cant_C,Sub,Sub,quand,501,,C/V\
343,58,2,il,il,PRO:pers,1381,il_S,Prn,Prn$,3p,501,s,/V\
344,58,3,sont,sont,VER,1382,estre1|estre_+I|CMI,Vfin,Vfin,être1|ester,501,,C/V\
345,58,4,trusc',trusc',ADV,1383,<nolem>,Adv,Adv,,501,,C/V\
346,58,5,au,au,PREDET:a,1384,a+le_S,Pre+Det,Pre+Det,à+le,501,,/V\
347,58,6,pont,pont,NOM,1385,point|pon2|pont1|pont2_+T|+T|+T|+T,N,N,,501,,C/V\
348,58,7,venu,venu,VER,1386,venir_+I,Vpp,Vpp,venir,501,,C/V\.'C/V\
349,59,1,Dont,dont,PRO:invar,1408,dont_S,Adv,Adv,donc,503,,C/V\
350,59,2,s',s',PRO:pers,1409,soi1_S,Prn,Prn$$,soi,503,,C/\
351,59,3,escrie,escrie,VER,1410,escrïer_+I,Vfin,Vfin,écrier,503,,/V\.'C/V\./(e)\
352,59,4,",",",",PON,1411,",",Pnc,Pnc,,503,,
353,59,5,tant,tant,ADV,1412,tant_CI,QIs,QIs,tant,503,,C/V\
354,59,6,com,com,CON:subord,1413,come1_S,Sub,Sub,comme,503,,C/V\
355,59,7,il,il,PRO:pers,1414,il_S,Prn,Prn$,3p,503,s,/V\
356,59,8,puet,puet,VER,1415,pöoir_+I,Vfin,Vfin,pouvoir2,503,,C/V\
357,60,1,En,en,PRE,1449,en1_+S,Pre,Pre,en1,507,,/V\
358,60,2,non,non,NOM,1450,nom_+CIT,N,N,,507,,C/V\
359,60,3,Dieu,dieu,NOM,1451,dieu_+CIT,N,N,,507,o,C/V\
360,60,4,",",",",PON,1452,",",Pnc,Pnc,,507,,
361,60,5,sire,sire,NOM,1453,seignor|sire2_+CIT|+T,N,N,,507,,'C/V\.C/(e)\
362,60,6,cevaliers,cevaliers,NOM,1454,chevalier_+Z,N,N,,507,,C/V\.C/V\.'C/V\
363,61,1,Et,et,CON:coord,1469,et_S,Crd,Crd,et,508,,/V\
364,61,2,quant,quant,ADV,1470,cant_C,Sub,Sub,quand,508,,C/V\
365,61,3,vous,vous,PRO:pers,1471,vos1_S,Prn,Prn,2pp,508,s,C/V\
366,61,4,jouste,jouste,VER,1472,joster_+M,N,N,,508,c,'C/V\.C/(e)\
367,61,5,demandés,demandés,VER,1473,demander_*+I,Vfin,Vfin,demander,508,,C/V\.C/V\.'C/V\
368,62,1,legierement,legierement,ADV,1485,legierement_I,Adv,Adv,,509,,C/V\.C/V\.C/e\.'C/V\
369,62,2,a,a,PRE,1486,a_S,Pre,Pre,à,509,,/V\
370,62,3,chestui,chestui,PRO:demo,1487,cest_S,Dem,Dem,cist,510,,C/V\.'C/V\
371,62,4,point,point,VER,1488,peindre1|poindre_+I|+MI,N,N,,510,,C/V\
372,63,1,laisse,laisse,VER,1494,laissier_+M,Vfin,Vfin,laisser,510,,'C/V\.C/(e)\
373,63,2,courre,courre,VER,1495,corir|courre_+T|M,Vinf,Vinf,courir,510,c,'C/V\.C/(e)\
374,63,3,li,li,DET:def,1496,le_S,Det,Det,le,510,,C/V\
375,63,4,uns,uns,DET:ndf,1497,un_S,QIs,QIs,un,511,,/V\
376,63,5,vers,vers,PRE,1498,vers2_+S,Pre,Pre,vers2,511,,C/V\
377,63,6,l',l',DET:def,1499,le_S,Det,Det,le,511,,C/\
378,63,7,autre,autre,ADJ,1500,autre_CIId,Adj,Adj,autre,511,,'/V\.C/(e)\
379,64,1,sans,sans,PRE,1501,sans_+S,Pre,Pre,sans,511,,C/V\
380,64,2,faire,faire,VER,1502,faire_+MIT,Vinf,Vinf,faire,511,,'C/V\.C/(e)\
381,64,3,autre,autre,ADJ,1503,autre_CIId,Adj,Adj,autre,511,,'/V\.C/(e)\
382,64,4,delaiement,delaiement,NOM,1504,delaiement_+IT,N,N,,511,,C/V\.C/V\.C/e\.'C/V\
383,65,1,tant,tant,ADV,1506,tant_CI,QIs,QIs,tant,511,,C/V\
384,65,2,com,com,CON:subord,1507,come1_S,Sub,Sub,comme,511,,C/V\
385,65,3,il,il,PRO:pers,1508,il_S,Prn,Prn$,3p,511,s,/V\
386,65,4,pueent,pueent,VER,1509,pöoir_+I,Vfin,Vfin,pouvoir2,512,,'C/V\./e\
387,65,5,des,des,PREDET:de,1510,de+le_S,Pre+Det,Pre+Det,de+le,512,,C/V\
388,65,6,chevaus,chevaus,NOM,1511,chevel_*+IT,N,N,,512,,C/V\.'C/V\
389,66,1,Li,li,DET:def,1538,le_S,Det,Det,le,515,,C/V\
390,66,2,cevaliers,cevaliers,NOM,1539,chevalier_+Z,N,N,,515,,C/V\.C/V\.'C/V\
391,66,3,du,du,PREDET:de,1540,de+le_S,Pre+Det,Pre+Det,de+le,515,,C/V\
392,66,4,pont,pont,NOM,1541,point|pon2|pont1|pont2_+T|+T|+T|+T,N,N,,515,,C/V\
393,66,5,",",",",PON,1542,",",Pnc,Pnc,,515,,
394,66,6,ki,ki,PROCON,1543,qui_S,Qux,Qux,qui,515,s,C/V\
395,66,7,grans,grans,ADJ,1544,grant_+I,Adj,Adj,grand,515,,C/V\
396,67,1,laisse,laisse,VER,1551,laissier_+M,Vfin,Vfin,laisser,516,,'C/V\.C/(e)\
397,67,2,courre,courre,VER,1552,corir|courre_+T|M,Vinf,Vinf,courir,516,,'C/V\.C/(e)\
398,67,3,vers,vers,PRE,1553,vers2_+S,Pre,Pre,vers2,516,,C/V\
399,67,4,Keu,keu,NPR,1554,keu_I|Z,N,N,,516,,C/V\
400,67,5,d',d',PRE,1555,de_+S,Pre,Pre,de,516,,C/\
401,67,6,Estraus,estraus,NPR,1556,<nolem>_I,N,N,,516,,/V\.'C/V\
402,68,1,et,et,CON:coord,1584,et_S,Crd,Crd,et,518,,/V\
403,68,2,le,le,DET:def,1585,le_S,Det,Det,le,518,,C/(e)\
404,68,3,ceval,ceval,NOM,1586,cheval_+I,N,N,,519,,C/V\.'C/V\
405,68,4,desus,desus,ADV,1587,desus_IT,PrA,PrA,dessus,519,,C/V\.'C/V\
406,68,5,le,le,DET:def,1588,le_S,Det,Det,le,519,,C/(e)\
407,68,6,pont,pont,NOM,1589,point|pon2|pont1|pont2_+T|+T|+T|+T,N,N,,519,,C/V\
408,69,1,desus,desus,ADV,1587,desus_IT,PrA,PrA,dessus,519,,C/V\.'C/V\
409,69,2,le,le,DET:def,1588,le_S,Det,Det,le,519,,C/(e)\
410,69,3,pont,pont,NOM,1589,point|pon2|pont1|pont2_+T|+T|+T|+T,N,N,,519,,C/V\
411,69,4,",",",",PON,1590,",",Pnc,Pnc,,519,,
412,69,5,l',l',DET:def,1591,le_S,Det,Det,le,519,,C/\
413,69,6,un,un,DET:ndf,1592,un_S,QIs,QIs,un,519,,/V\
414,69,7,d',d',PRE,1593,de_+S,Pre,Pre,de,519,,C/\
415,69,8,une,une,DET:ndf,1594,un_S,QIs,QIs,un,519,,'/V\.C/(e)\
416,69,9,part,part,NOM,1595,part1|part2|part3|part4_+IT|+T|+T|+T,N,N,,519,,C/V\
417,70,1,l',l',DET:def,1591,le_S,Det,Det,le,519,,C/\
418,70,2,un,un,DET:ndf,1592,un_S,QIs,QIs,un,519,,/V\
419,70,3,d',d',PRE,1593,de_+S,Pre,Pre,de,519,,C/\
420,70,4,une,une,DET:ndf,1594,un_S,QIs,QIs,un,519,,'/V\.C/(e)\
421,70,5,part,part,NOM,1595,part1|part2|part3|part4_+IT|+T|+T|+T,N,N,,519,,C/V\
422,70,6,et,et,CON:coord,1596,et_S,Crd,Crd,et,519,,/V\
423,70,7,l',l',DET:def,1597,le_S,Det,Det,le,519,,C/\
424,70,8,autre,autre,ADJ,1598,autre_CIId,Adj,Adj,autre,519,,'/V\.C/(e)\
425,70,9,d',d',PRE,1599,de_+S,Pre,Pre,de,519,,C/\
426,70,10,autre,autre,ADJ,1600,autre_CIId,Adj,Adj,autre,519,,'/V\.C/(e)\
427,71,1,n',n',PRO:clit,1634,en2_S,Neg,Neg$$,ne1,522,,C/\
428,71,2,avoit,avoit,VER,1635,avoiier|avoir_+MI|+MI,Vfin,Vfin,avoir1,522,,/V\.'C/V\
429,71,3,eü,eu,VER,1636,avoir_+IM,Vpp,Vpp,avoir1,522,,/(V)\.'/V\
430,71,4,nul,nul,DET:ind,1637,nul_S,QIs,QIs,nul,522,,C/V\
431,71,5,mal,mal,NOM,1638,mail|mal2|mautrait_+T|+T|+T,N,N,mal1,522,,C/V\
432,71,6,du,du,PREDET:de,1639,de+le_S,Pre+Det,Pre+Det,de+le,522,,C/V\
433,71,7,monde,monde,NOM,1640,monde1|monde_+IT|CI,N,N,,522,,'C/V\.C/(e)\
434,72,1,se,se,PRO:pers,1650,soi1_S,Prn,Prn$$,soi,523,,C/(e)\
435,72,2,relieve,relieve,VER,1651,relever_+I,Vfin,Vfin,relever,523,,C/V\.'C/V\.C/(e)\
436,72,3,mout,mout,ADV,1652,mout_I,QIs,QIs,moult,523,,C/V\
437,72,4,vistement,vistement,ADV,1653,vistement_I,Adv,Adv,,523,,C/V\.C/e\.'C/V\
438,73,1,puis,puis,ADV,1663,puis_IT,Adv,Adv,puis,524,,C/V\
439,73,2,dist,dist,VER,1664,dire_+CMI,Vfin,Vfin,dire,524,,C/V\
440,73,3,au,au,PREDET:a,1665,a+le_S,Pre+Det,Pre+Det,à+le,524,,/V\
441,73,4,cevalier,cevalier,NOM,1666,<nolem>,N,N,,525,,C/V\.C/V\.'C/V\
442,73,5,du,du,PREDET:de,1667,de+le_S,Pre+Det,Pre+Det,de+le,525,,C/V\
443,73,6,pont,pont,NOM,1668,point|pon2|pont1|pont2_+T|+T|+T|+T,N,N,,525,,C/V\
444,74,1,ne,ne,PRO:clit,1748,en2_S,Crd,Crd,ne2,531,,C/(e)\
445,74,2,la,la,DET:def,1749,le_S,Det,Det,le,531,,C/V\
446,74,3,coustume,coustume,NOM,1750,costume_+C,N,N,,531,,C/V\.'C/V\.C/(e)\
447,74,4,de,de,PRE,1751,de_+S,Pre,Pre,de,531,,C/(e)\
448,74,5,cest,cest,DET:demo,1752,cest_S,Dem,Dem,cist,531,,C/V\
449,74,6,pont,pont,NOM,1753,point|pon2|pont1|pont2_+T|+T|+T|+T,N,N,,531,,C/V\
450,75,1,qui,qui,PROCON,1818,qui_S,Qux,Qux,qui,602,s,C/V\
451,75,2,Kex,kex,NPR,1819,keu_I|Z,N,N,,602,,C/V\
452,75,3,d',d',PRE,1820,de_+S,Pre,Pre,de,602,,C/\
453,75,4,Estraus,estraus,NPR,1821,<nolem>_I,N,N,,602,,/V\.'C/V\
454,75,5,son,son,DET:poss,1822,son4_S,Det,Det,son4,603,,C/V\
455,75,6,compaingnon,compaingnon,NOM,1823,compagnon_+Z,N,N,,603,,C/V\.C/V\.'C/V\
456,76,1,son,son,DET:poss,1822,son4_S,Det,Det,son4,603,,C/V\
457,76,2,compaingnon,compaingnon,NOM,1823,compagnon_+Z,N,N,,603,,C/V\.C/V\.'C/V\
458,76,3,voit,voit,VER,1824,aler|vëoir_+M|+I,Vfin,Vfin,voir1|aller,603,,C/V\
459,76,4,abatu,abatu,VER,1825,abatre_+MI,Vpp,Vpp,abbattre,603,a,/V\.C/V\.'C/V\
460,77,1,Sire,sire,NOM,1853,seignor|sire2_+CIT|+T,N,N,,605,,'C/V\.C/(e)\
461,77,2,cevaliers,cevaliers,NOM,1854,chevalier_+Z,N,N,,605,,C/V\.C/V\.'C/V\
462,77,3,",",",",PON,1855,",",Pnc,Pnc,,605,,
463,77,4,le,le,DET:def,1856,le_S,Det,Det,le,605,,C/(e)\
464,77,5,passage,passage,NOM,1857,passage_+IT,N,N,,605,,C/V\.'C/V\.C/(e)\
465,78,1,ains,ains,ADV,1886,ainc|ains3_+T|G,Adv,Adv,ains,608,,/V\
466,78,2,s',s',PRO:pers,1887,soi1_S,Prn,Prn$$,soi,608,,C/\
467,78,3,apareille,apareille,VER,1888,apareillier_*I,Vfin,Vfin,,608,,/V\.C/V\.'C/V\.C/(e)\
468,78,4,du,du,PREDET:de,1889,de+le_S,Pre+Det,Pre+Det,de+le,608,,C/V\
469,78,5,passer,passer,VER,1890,passer1|passer_+T|IM,Vinf,Vinf,passer,608,,C/V\.'C/V\
470,79,1,tant,tant,ADV,1921,tant_CI,QIs,QIs,tant,611,,C/V\
471,79,2,com,com,CON:subord,1922,come1_S,Sub,Sub,comme,611,,C/V\
472,79,3,il,il,PRO:pers,1923,il_S,Prn,Prn$,3p,611,s,/V\
473,79,4,puet,puet,VER,1924,pöoir_+I,Vfin,Vfin,pouvoir2,611,,C/V\
474,79,5,du,du,PREDET:de,1925,de+le_S,Pre+Det,Pre+Det,de+le,611,,C/V\
475,79,6,cheval,cheval,NOM,1926,cheval_+IT,N,N,,611,,C/V\.'C/V\
476,79,7,traire,traire,VER,1927,mautraire|traire_+T|+IT,Vinf,Vinf,traire,611,,'C/V\.C/(e)\
477,80,1,en,en,PRE,1932,en1_+S,Pre,Pre,en1,611,,/V\
478,80,2,son,son,DET:poss,1933,son4_S,Det,Det,son4,611,,C/V\
479,80,3,venir,venir,VER,1934,venir_+IT,Vinf,Vinf,venir,612,,C/V\.'C/V\
480,80,4,si,si,DET:poss,1935,son4_S,Adv,Adv,si4,612,,C/V\
481,80,5,durement,durement,NOM,1936,durement_+T,N,N,,612,,C/V\.C/e\.'C/V\
482,81,1,que,que,PROCON,1937,que3_S,Sub,Sub,que,612,,C/(e)\
483,81,2,",",",",PON,1938,",",Pnc,Pnc,,612,,
484,81,3,autretant,autretant,ADV,1939,altretant2|autretant_G|I,Adv,Adv,autretant,612,,/V\.C/e\.'C/V\
485,81,4,com,com,CON:subord,1940,come1_S,Sub,Sub,comme,612,,C/V\
486,81,5,il,il,PRO:pers,1941,il_S,Prn,Prn$,3p,612,s,/V\
487,81,6,avoit,avoit,VER,1942,avoiier|avoir_+MI|+MI,Vfin,Vfin,avoir1,612,,/V\.'C/V\
488,81,7,fait,fait,VER,1943,faire|farre_+CMI|M,Vpp,Vpp,faire,612,,C/V\
489,82,1,Quant,quant,ADV,1958,cant_C,Sub,Sub,quand,613,,C/V\
490,82,2,il,il,PRO:pers,1959,il_S,Prn,Prn$,3p,614,s,/V\
491,82,3,a,a,VER,1960,avoir_+CMI,Vfin,Vfin,avoir1,614,,/V\
492,82,4,ces,ces,DET:demo,1961,cel|cest_S|S,Dem,Dem,cist,614,,C/V\
493,82,5,deus,deus,ADJ:card,1962,deus_CIT,QIs,QIs,2,614,,C/V\
494,82,6,cevaliers,cevaliers,NOM,1963,chevalier_+Z,N,N,,614,,C/V\.C/V\.'C/V\
495,83,1,et,et,CON:coord,1979,et_S,Crd,Crd,et,615,,/V\
496,83,2,s',s',PRO:pers,1980,soi1_S,Prn,Prn$$,soi,615,,C/\
497,83,3,arreste,arreste,VER,1981,arester_*+T,Vfin,Vfin,,615,,/V\.'C/V\.C/(e)\
498,83,4,de,de,PRE,1982,de_+S,Pre,Pre,de,615,,C/(e)\
499,83,5,cele,cele,DET:demo,1983,cel_S,Dem,Dem,cil,615,,'C/V\.C/(e)\
500,83,6,part,part,NOM,1984,part1|part2|part3|part4_+IT|+T|+T|+T,N,N,,616,,C/V\
501,84,1,a,a,PRE,2013,a_S,Pre,Pre,à,618,,/V\
502,84,2,tele,tele,ADJ,2014,tel_+CI,Adj,Adj,tel,618,,'C/V\.C/(e)\
503,84,3,hounour,hounour,NOM,2015,onor_*+IT,N,N,,618,,/V\.'C/V\
504,84,4,com,com,CON:subord,2016,come1_S,Sub,Sub,comme,618,,C/V\
505,84,5,vous,vous,PRO:pers,2017,vos1_S,Prn,Prn$,2pp,619,s,C/V\
506,84,6,veés,veés,VER,2018,voir_MMd,Vfin,Vfin,voir1,619,,C/(V)\.'/V\
507,85,1,et,et,CON:coord,2021,et_S,Crd,Crd,et,619,,/V\
508,85,2,vergoignié,vergoignié,VER,2022,vergoignier_+M,Vpp,Vpp,,619,,C/V\.C/V\.'C/V\
509,85,3,le,le,PRO:pers,2023,il_S,Prn,Prn$$,3p,619,c,C/(e)\
510,85,4,passerés,passerés,VER,2024,<nolem>,Vfin,Vfin,passer,619,,C/V\.C/e\.'C/V\
511,86,1,s',s',PRO:pers,2121,soi1_S,Sub,Sub,si3,628,,C/\
512,86,2,il,il,PRO:pers,2122,il_S,Prn,Prn$,3p,628,s,/V\
513,86,3,voloit,voloit,VER,2123,voler|voloir_+I|+CI,Vfin,Vfin,vouloir,628,,C/V\.'C/V\
514,86,4,;,;,PON,2124,;,Pnc,Pnc,,628,,
515,86,5,mais,mais,CON:coord,2125,mais_S,Crd,Crd,mais1,628,,C/V\
516,86,6,autrement,autrement,ADV,2126,autrement_I,Adv,Adv,,628,,/V\.C/e\.'C/V\
517,86,7,",",",",PON,2127,",",Pnc,Pnc,,628,,
518,86,8,non,non,NOM,2128,nom_+CIT,Neg,Neg,non,628,,C/V\
519,87,1,mais,mais,CON:coord,2125,mais_S,Crd,Crd,mais1,628,,C/V\
520,87,2,autrement,autrement,ADV,2126,autrement_I,Adv,Adv,,628,,/V\.C/e\.'C/V\
521,87,3,",",",",PON,2127,",",Pnc,Pnc,,628,,
522,87,4,non,non,NOM,2128,nom_+CIT,NVP,NVP,non,628,,C/V\
523,87,5,",",",",PON,2129,",",Pnc,Pnc,,628,,
524,87,6,che,che,PRO:invar,2130,ce1_S,Prn,Prn,ce1,628,c,C/(e)\
525,87,7,saciés,saciés,VER,2131,savoir_+M,Vfin,Vfin,savoir,628,,C/V\.'C/V\
526,88,1,mais,mais,CON:coord,2174,mais_S,Crd,Crd,mais1,632,,C/V\
527,88,2,mout,mout,ADV,2175,mout_I,QIs,QIs,moult,632,,C/V\
528,88,3,sont,sont,VER,2176,estre1|estre_+I|CMI,Vfin,Vfin,être1|ester,632,,C/V\
529,88,4,durement,durement,ADV,2177,durement_I,Adv,Adv,,632,,C/V\.C/e\.'C/V\
530,88,5,dolant,dolant,ADJ,2178,dolent_+I,Adj,Adj,dolent,632,,C/V\.'C/V\
531,89,1,si,si,ADV,2248,si_+IT,Adv,Adv,si4,705,,C/V\
532,89,2,fera,fera,VER,2249,faire_+CMI,Vfin,Vfin,faire,705,,C/V\.'C/V\
533,89,3,trop,trop,ADV,2250,trop_+IT,Adv,Adv,trop,706,,C/V\
534,89,4,grant,grant,ADJ,2251,grant_+CIT,Adj,Adj,grand,706,,C/V\
535,89,5,vilonnie,vilonnie,NOM,2252,vilenie_*+T,N,N,,706,,C/V\.C/V\.'C/V\./(e)\
536,90,1,il,il,PRO:pers,2275,il_S,Prn,Prn$,3p,707,s,/V\
537,90,2,se,se,PRO:pers,2276,soi1_S,Prn,Prn$$,soi,707,,C/(e)\
538,90,3,mesfait,mesfait,VER,2277,mesfaire_+I,Vfin,Vfin,méfaire,708,,C/V\.'C/V\
539,90,4,trop,trop,ADV,2278,trop_+IT,Adv,Adv,trop,708,,C/V\
540,90,5,durement,durement,ADV,2279,durement_I,Adv,Adv,,708,,C/V\.C/e\.'C/V\
541,91,1,car,car,CON:coord,2293,car_S,Crd,Crd,car,709,,C/V\
542,91,2,au,au,PREDET:a,2294,a+le_S,Pre+Det,Pre+Det,à+le,709,,/V\
543,91,3,pere,pere,NOM,2295,paire|pere1|piere_+T|+T|+T,N,N,,709,,'C/V\.C/(e)\
544,91,4,le,le,DET:def,2296,le_S,Det,Det,le,709,,C/(e)\
545,91,5,cevalier,cevalier,NOM,2297,<nolem>,N,N,,709,,C/V\.C/V\.'C/V\
546,92,1,vous,vous,PRO:pers,2350,vos1_S,Prn,Prn$,2pp,713,s,C/V\
547,92,2,passerés,passerés,VER,2351,<nolem>,Vfin,Vfin,passer,713,,C/V\.C/e\.'C/V\
548,92,3,par,par,PRE,2352,par_S,Pre,Pre,par1,714,,C/V\
549,92,4,mi,mi,PRO:pers,2353,je_S,N,N,,714,,C/V\
550,92,5,le,le,DET:def,2354,le_S,Det,Det,le,714,,C/(e)\
551,92,6,pont,pont,NOM,2355,point|pon2|pont1|pont2_+T|+T|+T|+T,N,N,,714,,C/V\
552,93,1,Li,li,DET:def,2364,le_S,Det,Det,le,714,,C/V\
553,93,2,uns,uns,DET:ndf,2365,un_S,QIs,QIs,un,714,,/V\
554,93,3,de,de,PRE,2366,de_+S,Pre,Pre,de,714,,C/(e)\
555,93,4,ses,ses,DET:poss,2367,son4_S,Det,Det,son4,714,,C/V\
556,93,5,esquiers,esquiers,NOM,2368,escuier2|escuier_*+T|I,N,N,,715,,/V\.'C/V\
557,93,6,sans,sans,PRE,2369,sans_+S,Pre,Pre,sans,715,,C/V\
558,93,7,faille,faille,NOM,2370,faille1|faille2|faille3_+T|+T|+IT,N,N,,715,,'C/V\.C/(e)\
559,94,1,sans,sans,PRE,2369,sans_+S,Pre,Pre,sans,715,,C/V\
560,94,2,faille,faille,NOM,2370,faille1|faille2|faille3_+T|+T|+IT,N,N,,715,,'C/V\.C/(e)\
561,94,3,portoit,portoit,VER,2371,porter_+MI,Vfin,Vfin,porter,715,,C/V\.'C/V\
562,94,4,son,son,DET:poss,2372,son4_S,Det,Det,son4,715,,C/V\
563,94,5,escu,escu,NOM,2373,escu_+IT,N,N,,715,,/V\.'C/V\
564,95,1,portoit,portoit,VER,2371,porter_+MI,Vfin,Vfin,porter,715,,C/V\.'C/V\
565,95,2,son,son,DET:poss,2372,son4_S,Det,Det,son4,715,,C/V\
566,95,3,escu,escu,NOM,2373,escu_+IT,N,N,,715,,/V\.'C/V\
567,95,4,et,et,CON:coord,2374,et_S,Crd,Crd,et,715,,/V\
568,95,5,li,li,DET:def,2375,le_S,Det,Det,le,715,,C/V\
569,95,6,autres,autres,ADJ,2376,autre_CI,Adj,Adj,autre,715,,'/V\.C/e\
570,96,1,Pour,pour,PRE,2391,por2_+S,Pre,Pre,pour,716,,C/V\
571,96,2,Dieu,dieu,NOM,2392,dieu_+CIT,N,N,,716,,C/V\
572,96,3,",",",",PON,2393,",",Pnc,Pnc,,716,,
573,96,4,ne,ne,PRO:clit,2394,en2_S,Neg,Neg$$,ne1,716,,C/(e)\
574,96,5,vous,vous,PRO:pers,2395,vos1_S,Prn,Prn$$,2pp,716,,C/V\
575,96,6,metés,metés,VER,2396,metre_M,Vfin,Vfin,mettre,717,,C/V\.'C/V\
576,96,7,en,en,PRE,2397,en1_+S,Pre,Pre,en1,717,,/V\
577,96,8,l',l',DET:def,2398,le_S,Det,Det,le,717,,C/\
578,96,9,aigue,aigue,NOM,2399,aigue|ewe_+GIT|+T,N,N,,717,,'/V\.C/(e)\
579,97,1,De,de,PRE,2421,de_+S,Pre,Pre,de,719,,C/(e)\
580,97,2,ce,ce,PRO:invar,2422,ce1_S,Prn,Prn,ce1,719,,C/(e)\
581,97,3,ne,ne,PRO:clit,2423,en2_S,Neg,Neg$$,ne1,719,,C/(e)\
582,97,4,vous,vous,PRO:pers,2424,vos1_S,Prn,Prn$$,2pp,719,,C/V\
583,97,5,esmaiés,esmaiés,VER,2425,esmaier_M,Vfin,Vfin,esmayer,719,,/V\.C/V\.'C/V\
584,97,6,onques,onques,ADV,2426,onque_+CIT,Adv,Adv,onques,719,,'/V\.C/e\
585,98,1,fait,fait,VER,2428,faire|farre_+CMI|M,Vfin,Vfin,faire,719,,C/V\
586,98,2,il,il,PRO:pers,2429,il_S,Prn,Prn,3p,719,s,/V\
587,98,3,",",",",PON,2430,",",Pnc,Pnc,,719,,
588,98,4,car,car,CON:coord,2431,car_S,Crd,Crd,car,719,,C/V\
589,98,5,je,je,PRO:pers,2432,je_S,Prn,Prn$,1ps,719,s,C/(e)\
590,98,6,me,me,PRO:pers,2433,je_S,Prn,Prn$$,1ps,720,,C/(e)\
591,98,7,sent,sent,VER,2434,sentir_+MI,Vfin,Vfin,sentir,720,,C/V\
592,98,8,si,si,DET:poss,2435,son4_S,Adv,Adv,si4,720,,C/V\
593,98,9,bien,bien,NOM,2436,bien2|bien_+IT|CI,Adv,Adv,bien,720,,C/V\
594,99,1,Lors,lors,ADV,2445,lors_+CIT,Adv,Adv,lors,721,,C/V\
595,99,2,se,se,PRO:pers,2446,soi1_S,Prn,Prn$$,soi,721,,C/(e)\
596,99,3,met,met,VER,2447,metre|mettre_IM|M,Vfin,Vfin,mettre,721,,C/V\
597,99,4,en,en,PRE,2448,en1_+S,Pre,Pre,en1,721,,/V\
598,99,5,l',l',DET:def,2449,le_S,Det,Det,le,721,,C/\
599,99,6,aigue,aigue,NOM,2450,aigue|ewe_+GIT|+T,N,N,,721,,'/V\.C/(e)\
600,99,7,",",",",PON,2451,",",Pnc,Pnc,,721,,
601,99,8,sans,sans,PRE,2452,sans_+S,Pre,Pre,sans,721,,C/V\
602,99,9,faire,faire,VER,2453,faire_+MIT,Vinf,Vinf,faire,721,,'C/V\.C/(e)\
603,100,1,sans,sans,PRE,2452,sans_+S,Pre,Pre,sans,721,,C/V\
604,100,2,faire,faire,VER,2453,faire_+MIT,Vinf,Vinf,faire,721,,'C/V\.C/(e)\
605,100,3,autre,autre,ADJ,2454,autre_CIId,Adj,Adj,autre,721,,'/V\.C/(e)\
606,100,4,delaiement,delaiement,NOM,2455,delaiement_+IT,N,N,,721,,C/V\.C/V\.C/e\.'C/V\
607,101,1,outre,outre,ADV,2478,outre1|outre_T|CI,PrA,PrA,outre2,802,,'/V\.C/(e)\
608,101,2,",",",",PON,2479,",",Pnc,Pnc,,802,,
609,101,3,il,il,PRO:pers,2480,il_S,Prn,Prn$,3p,802,s,/V\
610,101,4,en,en,PRO:clit,2481,en2_S,Prn,Prn$$,en2,802,,/V\
611,101,5,sont,sont,VER,2482,estre1|estre_+I|CMI,Vfin,Vfin,être1|ester,802,,C/V\
612,101,6,durement,durement,ADV,2483,durement_I,Adv,Adv,,802,,C/V\.C/e\.'C/V\
613,101,7,lié,lié,VER,2484,liier3|liier|lïer_+IId|IM|Md,Adj,Adj,lié,803,,C/<V>\.'/V\
614,102,1,celui,celui,PRO:demo,2501,cel_S,Dem,Dem,cil,804,,C/V\.'C/V\
615,102,2,des,des,PREDET:de,2502,de+le_S,Pre+Det,Pre+Det,de+le,804,,C/V\
616,102,3,esquiers,esquiers,NOM,2503,escuier2|escuier_*+T|I,N,N,,804,,/V\.'C/V\
617,102,4,ki,ki,PROCON,2504,qui_S,Qux,Qux,qui,804,s,C/V\
618,102,5,le,le,DET:def,2505,le_S,Det,Det,le,804,,C/(e)\
619,102,6,glaive,glaive,NOM,2506,glaive_+IT,N,N,,804,,'C/V\.C/(e)\
620,103,1,mais,mais,CON:coord,2509,mais_S,Crd,Crd,mais1,805,,C/V\
621,103,2,celui,celui,PRO:demo,2510,cel_S,Dem,Dem,cil,805,,C/V\.'C/V\
622,103,3,ki,ki,PROCON,2511,qui_S,Qux,Qux,qui,805,s,C/V\
623,103,4,portoit,portoit,VER,2512,porter_+MI,Vfin,Vfin,porter,805,,C/V\.'C/V\
624,103,5,l',l',DET:def,2513,le_S,Det,Det,le,805,,C/\
625,103,6,escu,escu,NOM,2514,escu_+IT,N,N,,805,,/V\.'C/V\
626,104,1,ne,ne,PRO:clit,2515,en2_S,Neg,Neg$$,ne1,805,,C/(e)\
627,104,2,laisse,laisse,VER,2516,laissier_+M,Vfin,Vfin,laisser,805,,'C/V\.C/(e)\
628,104,3,il,il,PRO:pers,2517,il_S,Prn,Prn,3p,805,s,/V\
629,104,4,mie,mie,ADV,2518,mie_C,Neg,Neg,mie3,805,,'C/V\./(e)\
630,104,5,passer,passer,VER,2519,passer1|passer_+T|IM,Vinf,Vinf,passer,805,,C/V\.'C/V\
631,104,6,outre,outre,ADV,2520,outre1|outre_T|CI,PrA,PrA,outre2,805,,'/V\.C/(e)\
632,105,1,Par,par,PRE,2587,par_S,Pre,Pre,par1,810,,C/V\
633,105,2,mon,mon,DET:poss,2588,mon1_S,Det,Det,mon1,810,,C/V\
634,105,3,chief,chief,NOM,2589,chief1|chief2_+IT|+T,N,N,,810,,C/V\
635,105,4,",",",",PON,2590,",",Pnc,Pnc,,810,,
636,105,5,fait,fait,VER,2591,faire|farre_+CMI|M,Vfin,Vfin,faire,810,,C/V\
637,105,6,li,li,DET:def,2592,le_S,Det,Det,le,810,,C/V\
638,105,7,cevaliers,cevaliers,NOM,2593,chevalier_+Z,N,N,,810,,C/V\.C/V\.'C/V\
639,106,1,ki,ki,PROCON,2646,qui_S,Qux,Qux,qui,814,s,C/V\
640,106,2,puis,puis,ADV,2647,puis_IT,Adv,Adv,puis,814,,C/V\
641,106,3,kiert,kiert,VER,2648,<unknown>,Vfin,Vfin,?,814,,C/V\
642,106,4,k',k',PROCON,2649,que1|que2|que3|que4_S|S|S|S,Sub,Sub,que,814,,C/\
643,106,5,il,il,PRO:pers,2650,il_S,Prn,Prn$,3p,814,s,/V\
644,106,6,est,est,VER,2651,ester|estre1_+M|+I,Vfin,Vfin,être1|ester,814,,/V\
645,106,7,a,a,PRE,2652,a_S,Pre,Pre,à,814,,/V\
646,106,8,malaisse,malaisse,NOM,2653,malaise_*+IT,N,N,,815,,C/V\.'C/V\.C/(e)\
647,107,1,ai,ai,VER,2657,aidier|avoir_+Md|+CMI,Vfin,Vfin,avoir1,815,,/V\
648,107,2,je,je,PRO:pers,2658,je_S,Prn,Prn,1ps,815,s,C/(e)\
649,107,3,dite,dite,VER,2659,dire_+CIM,Vpp,Vpp,dire,815,,'C/V\.C/(e)\
650,107,4,orendroit,orendroit,ADV,2660,orendroit_CI,Adv,Adv,orendroit,815,,/V\.C/V\.'C/V\
651,107,5,pour,pour,PRE,2661,por2_+S,Pre,Pre,pour,815,,C/V\
652,107,6,vous,vous,PRO:pers,2662,vos1_S,Prn,Prn,2pp,815,,C/V\
653,108,1,vous,vous,PRO:pers,2664,vos1_S,Prn,Prn$,2pp,816,s,C/V\
654,108,2,estes,estes,VER,2665,ester|estre1_+M|+I,Vfin,Vfin,être1|ester,816,,'/V\.C/e\
655,108,3,orendroit,orendroit,ADV,2666,orendroit_CI,Adv,Adv,orendroit,816,,/V\.C/V\.'C/V\
656,108,4,a,a,PRE,2667,a_S,Pre,Pre,à,816,,/V\
657,108,5,aise,aise,NOM,2668,aise_+GIT,N,N,,816,,'/V\.C/(e)\
658,109,1,avenu,avenu,VER,2674,avenir_+I,Vpp,Vpp,avenir,816,,/V\.C/e\.'C/V\
659,109,2,que,que,PROCON,2675,que3_S,Sub,Sub,que,817,,C/(e)\
660,109,3,vous,vous,PRO:pers,2676,vos1_S,Prn,Prn$,2pp,817,s,C/V\
661,109,4,ne,ne,PRO:clit,2677,en2_S,Neg,Neg$$,ne1,817,,C/(e)\
662,109,5,quidiés,quidiés,VER,2678,cuidier1_*+T,Vfin,Vfin,cuider,817,,C/V\.'C/V\
663,110,1,a,a,PRE,2686,a_S,Pre,Pre,à,817,,/V\
664,110,2,celui,celui,PRO:demo,2687,cel_S,Dem,Dem,cil,817,,C/V\.'C/V\
665,110,3,ki,ki,PROCON,2688,qui_S,Qux,Qux,qui,818,a,C/V\
666,110,4,chis,chis,DET:demo,2689,cel|cest_S|S,Dem,Dem,cist,818,,C/V\
667,110,5,escus,escus,NOM,2690,escu_*+IT,N,N,,818,,/V\.'C/V\
668,110,6,est,est,VER,2691,ester|estre1_+M|+I,Vfin,Vfin,être1|ester,818,,/V\
669,111,1,Or,or,ADV,2707,or4|or_+IT|CI,Adv,Adv,or2,819,,/V\
670,111,2,as,as,VER,2708,avoir_+MI,Vfin,Vfin,avoir1,819,,/V\
671,111,3,tant,tant,ADV,2709,tant_CI,QIs,QIs,tant,819,c,C/V\
672,111,4,dit,dit,VER,2710,dire_+CMI,Vpp,Vpp,dire,819,,C/V\
673,111,5,a,a,PRE,2711,a_S,Pre,Pre,à,819,,/V\
674,111,6,ceste,ceste,DET:demo,2712,cest_S,Dem,Dem,cist,819,,'C/V\.C/(e)\
675,111,7,fois,fois,NOM,2713,fais|foi|foiz_+T|+C|+CT,N,N,,819,,C/V\
676,112,1,ce,ce,PRO:invar,2715,ce1_S,Prn,Prn,ce1,819,c,C/(e)\
677,112,2,dit,dit,VER,2716,dire_+CMI,Vfin,Vfin,dire,819,,C/V\
678,112,3,li,li,DET:def,2717,le_S,Det,Det,le,820,,C/V\
679,112,4,cevaliers,cevaliers,NOM,2718,chevalier_+Z,N,N,,820,,C/V\.C/V\.'C/V\
680,112,5,du,du,PREDET:de,2719,de+le_S,Pre+Det,Pre+Det,de+le,820,,C/V\
681,112,6,pont,pont,NOM,2720,point|pon2|pont1|pont2_+T|+T|+T|+T,N,N,,820,,C/V\
682,113,1,le,le,DET:def,2743,le_S,Det,Det,le,821,,C/(e)\
683,113,2,passage,passage,NOM,2744,passage_+IT,N,N,,821,,C/V\.'C/V\.C/(e)\
684,113,3,.,.,PON,2745,.,Pnc,Pnc,,821,,
685,113,4,—,—,PON,2746,-,Pnc,Pnc,,822,,
686,113,5,Si,si,ADV,2747,si_+IT,Adv,Adv,si4,822,,C/V\
687,113,6,m',m',PRO:pers,2748,je_S,Prn,Prn$$,1ps,822,c,C/\
688,113,7,aït,aït,VER,2749,aidier_+IM,Vfin,Vfin,aider,822,,/V\.'C/V\
689,113,8,Diex,diex,NOM,2750,dieu_*+CIT,N,N,,822,s,C/V\
690,114,1,Si,si,ADV,2747,si_+IT,Adv,Adv,si4,822,,C/V\
691,114,2,m',m',PRO:pers,2748,je_S,Prn,Prn$$,1ps,822,c,C/\
692,114,3,aït,aït,VER,2749,aidier_+IM,Vfin,Vfin,aider,822,,/V\.'C/V\
693,114,4,Diex,diex,NOM,2750,dieu_*+CIT,N,N,,822,s,C/V\
694,114,5,",",",",PON,2751,",",Pnc,Pnc,,822,,
695,114,6,fait,fait,VER,2752,faire|farre_+CMI|M,Vfin,Vfin,faire,822,,C/V\
696,114,7,li,li,PRO:pers,2753,il_S,Det,Det,le,822,,C/V\
697,114,8,vallés,vallés,VER,2754,<unknown>,N,N,,822,,C/V\.'C/V\
698,115,1,ne,ne,PRO:clit,2809,en2_S,Neg,Neg$$,ne1,903,,C/(e)\
699,115,2,me,me,PRO:pers,2810,je_S,Prn,Prn$$,1ps,904,,C/(e)\
700,115,3,laisse,laisse,VER,2811,laissier_+M,Vfin,Vfin,laisser,904,,'C/V\.C/(e)\
701,115,4,cest,cest,DET:demo,2812,cest_S,Dem,Dem,cist,904,,C/V\
702,115,5,pont,pont,NOM,2813,point|pon2|pont1|pont2_+T|+T|+T|+T,N,N,,904,,C/V\
703,115,6,passer,passer,VER,2814,passer1|passer_+T|IM,Vinf,Vinf,passer,904,,C/V\.'C/V\
704,116,1,pour,pour,PRE,2815,por2_+S,Pre,Pre,pour,904,,C/V\
705,116,2,ce,ce,PRO:invar,2816,ce1_S,Prn,Prn,ce1,904,,C/(e)\
706,116,3,que,que,PROCON,2817,que3_S,Qux,Qux,que,904,,C/(e)\
707,116,4,je,je,PRO:pers,2818,je_S,Prn,Prn$,1ps,904,s,C/(e)\
708,116,5,port,port,VER,2819,porter_+IM,Vfin,Vfin,porter,904,,C/V\
709,116,6,vostre,vostre,DET:poss,2820,vostre_S,Det,Det,votre,904,,'C/V\.C/(e)\
710,116,7,escu,escu,NOM,2821,escu_+IT,N,N,,905,,/V\.'C/V\
711,117,1,que,que,PROCON,2861,que3_S,Sub,Sub,que,908,,C/(e)\
712,117,2,je,je,PRO:pers,2862,je_S,Prn,Prn$,1ps,908,s,C/(e)\
713,117,3,ne,ne,PRO:clit,2863,en2_S,Neg,Neg$$,ne1,908,,C/(e)\
714,117,4,vous,vous,PRO:pers,2864,vos1_S,Prn,Prn$$,2pp,908,,C/V\
715,117,5,aie,aie,VER,2865,aidier|avoir_+MIdMd|+CMIMd,Vfin,Vfin,?,908,,'/V\./(e)\
716,117,6,greigneur,greigneur,ADJ,2866,graignor_*+CI,Adj,Adj,graindre,908,c,C/V\.'C/V\
717,118,1,Ne,ne,PRO:clit,2869,en2_S,Neg,Neg$$,ne1,909,,C/(e)\
718,118,2,me,me,PRO:pers,2870,je_S,Prn,Prn$$,1ps,909,,C/(e)\
719,118,3,faites,faites,VER,2871,faire_+CMI,Vfin,Vfin,faire,909,,'C/V\.C/e\
720,118,4,si,si,DET:poss,2872,son4_S,Adv,Adv,si4,909,,C/V\
721,118,5,grant,grant,ADJ,2873,grant_+CIT,Adj,Adj,grand,909,,C/V\
722,118,6,fourfait,fourfait,VER,2874,forfaire|fourfaire_+M|M,N,N,,909,,C/V\.'C/V\
723,119,1,ne,ne,PRO:clit,2906,en2_S,Crd,Crd,ne2,911,,C/(e)\
724,119,2,il,il,PRO:pers,2907,il_S,Prn,Prn$,3p,911,s,/V\
725,119,3,n',n',PRO:clit,2908,en2_S,Neg,Neg$$,ne1,912,,C/\
726,119,4,i,i,PRO:clit,2909,i2_S,Prn,Prn$$,y,912,,/V\
727,119,5,passera,passera,VER,2910,passer_I,Vfin,Vfin,passer,912,,C/V\.C/e\.'C/V\
728,119,6,ore,ore,ADV,2911,or4|or_+IT|I,Adv,Adv,or2,912,,'/V\.C/(e)\
729,119,7,mie,mie,ADV,2912,mie_C,Neg,Neg,mie3,912,,'C/V\./(e)\
730,120,1,Non,non,NOM,2915,nom_+CIT,NVP,NVP,non,912,,C/V\
731,120,2,?,?,PON,2916,?,Pnc,Pnc,,912,,
732,120,3,biax,biax,ADJ,2917,bel_I,Adj,Adj,beau,912,,C/V\
733,120,4,sire,sire,NOM,2918,seignor|sire2_+CIT|+T,N,N,,912,,'C/V\.C/(e)\
734,120,5,",",",",PON,2919,",",Pnc,Pnc,,912,,
735,120,6,fait,fait,VER,2920,faire|farre_+CMI|M,Vfin,Vfin,faire,912,,C/V\
736,120,7,Lanselos,lanselos,NPR,2921,<unknown>,N,N,,912,s,C/V\.C/e\.'C/V\
737,121,1,de,de,PRE,2948,de_+S,Pre,Pre,de,914,,C/(e)\
738,121,2,nul,nul,DET:ind,2949,nul_S,QIs,QIs,nul,914,,C/V\
739,121,3,houme,houme,NOM,2950,ome_*+CIT,N,N,,915,,'/V\.C/(e)\
740,121,4,.,.,PON,2951,.,Pnc,Pnc,,915,,
741,121,5,—,—,PON,2952,-,Pnc,Pnc,,915,,
742,121,6,En,en,PRE,2953,en1_+S,Pre,Pre,en1,915,,/V\
743,121,7,non,non,NOM,2954,nom_+CIT,N,N,,915,,C/V\
744,121,8,Dieu,dieu,NOM,2955,dieu_+CIT,N,N,,915,o,C/V\
745,121,9,",",",",PON,2956,",",Pnc,Pnc,,915,,
746,121,10,biau,biau,ADJ,2957,bel_I,Adj,Adj,beau,915,,C/V\
747,121,11,sire,sire,NOM,2958,seignor|sire2_+CIT|+T,N,N,,915,,'C/V\.C/(e)\
748,122,1,vous,vous,PRO:pers,2963,vos1_S,Prn,Prn$,2pp,915,s,C/V\
749,122,2,me,me,PRO:pers,2964,je_S,Prn,Prn$$,1ps,915,,C/(e)\
750,122,3,faites,faites,VER,2965,faire_+CMI,Vfin,Vfin,faire,916,,'C/V\.C/e\
751,122,4,honte,honte,NOM,2966,honte_+IT,N,N,,916,,'C/V\.C/(e)\
752,122,5,mout,mout,ADV,2967,mout_I,QIs,QIs,moult,916,,C/V\
753,122,6,grant,grant,ADJ,2968,grant_+CIT,Adj,Adj,grand,916,,C/V\
754,123,1,Lors,lors,ADV,3093,lors_+CIT,Adv,Adv,lors,1001,,C/V\
755,123,2,laisse,laisse,VER,3094,laissier_+M,Vfin,Vfin,laisser,1001,,'C/V\.C/(e)\
756,123,3,courre,courre,VER,3095,corir|courre_+T|M,Vinf,Vinf,courir,1001,,'C/V\.C/(e)\
757,123,4,au,au,PREDET:a,3096,a+le_S,Pre+Det,Pre+Det,à+le,1001,,/V\
758,123,5,chevalier,chevalier,NOM,3097,chevalier_+IT,N,N,,1001,,C/V\.C/V\.'C/V\
759,124,1,par,par,PRE,3098,par_S,Pre,Pre,par1,1001,,C/V\
760,124,2,desus,desus,ADV,3099,desus_IT,PrA,PrA,dessus,1001,,C/V\.'C/V\
761,124,3,le,le,DET:def,3100,le_S,Det,Det,le,1001,,C/(e)\
762,124,4,pont,pont,NOM,3101,point|pon2|pont1|pont2_+T|+T|+T|+T,N,N,,1001,,C/V\
763,124,5,si,si,DET:poss,3102,son4_S,Adv,Adv,si4,1002,,C/V\
764,124,6,grant,grant,ADJ,3103,grant_+CIT,Adj,Adj,grand,1002,,C/V\
765,124,7,oirre,oirre,NOM,3104,erre3|erre_+IT|I,N,N,,1002,,'/V\.C/(e)\
766,125,1,ains,ains,ADV,3135,ainc|ains3_+T|G,Adv,Adv,ains,1004,,/V\
767,125,2,vole,vole,VER,3136,voler_+I,Vfin,Vfin,vouloir,1004,,'C/V\.C/(e)\
768,125,3,des,des,PREDET:de,3137,de+le_S,Pre+Det,Pre+Det,de+le,1004,,C/V\
769,125,4,arçons,arçons,NOM,3138,arçon_+I,N,N,,1004,,/V\.'C/V\
770,125,5,a,a,PRE,3139,a_S,Pre,Pre,à,1004,,/V\
771,125,6,tere,tere,NOM,3140,terre_+I,N,N,,1004,,'C/V\.C/(e)\
772,126,1,Si,si,ADV,3180,si_+IT,Adv,Adv,si4,1008,,C/V\
773,126,2,tost,tost,ADV,3181,tost1|tost_+T|CI,Adv,Adv,tôt,1008,,C/V\
774,126,3,com,com,CON:subord,3182,come1_S,Sub,Sub,comme,1008,,C/V\
775,126,4,chis,chis,PRO:demo,3183,cest_S,Dem,Dem,cist,1008,s,C/V\
776,126,5,voit,voit,VER,3184,aler|vëoir_+M|+I,Vfin,Vfin,voir1|aller,1008,,C/V\
777,126,6,Lanselot,lanselot,NPR,3185,<nolem>,N,N,,1008,,C/V\.C/e\.'C/V\
778,127,1,ki,ki,PROCON,3187,qui_S,Qux,Qux,qui,1008,s,C/V\
779,127,2,ja,ja,ADV,3188,ja_+CIT,Adv,Adv,jà,1008,,C/V\
780,127,3,estoit,estoit,VER,3189,ester|estre1_+IM|+I,Vfin,Vfin,être1|ester,1008,,/V\.'C/V\
781,127,4,outre,outre,ADV,3190,outre1|outre_T|CI,PrA,PrA,outre2,1008,,'/V\.C/(e)\
782,127,5,passés,passés,VER,3191,passer_M,Vpp,Vpp,passer,1009,,C/V\.'C/V\
783,128,1,il,il,PRO:pers,3207,il_S,Prn,Prn$,3p,1010,s,/V\
784,128,2,li,li,PRO:pers,3208,il_S,Prn,Prn$$,3p,1010,,C/V\
785,128,3,crie,crie,VER,3209,crïer2_+I,Vfin,Vfin,crier,1010,,'C/V\./(e)\
786,128,4,tant,tant,ADV,3210,tant_CI,QIs,QIs,tant,1010,,C/V\
787,128,5,com,com,CON:subord,3211,come1_S,Sub,Sub,comme,1010,,C/V\
788,128,6,il,il,PRO:pers,3212,il_S,Prn,Prn$,3p,1010,s,/V\
789,128,7,puet,puet,VER,3213,pöoir_+I,Vfin,Vfin,pouvoir2,1010,,C/V\
790,129,1,si,si,ADV,3231,si_+IT,Adv,Adv,si4,1012,,C/V\
791,129,2,quitement,quitement,ADV,3232,quitement_CI,Adv,Adv,,1012,,C/V\.C/e\.'C/V\
792,129,3,con,con,NOM,3233,con_+T,Sub,Sub,comme,1012,,C/V\
793,129,4,vous,vous,PRO:pers,3234,vos1_S,Prn,Prn$,2pp,1012,s,C/V\
794,129,5,quidiés,quidiés,VER,3235,cuidier1_*+T,Vfin,Vfin,cuider,1012,,C/V\.'C/V\
795,130,1,Or,or,ADV,3269,or4|or_+IT|CI,Adv,Adv,or2,1015,,/V\
796,130,2,tost,tost,ADV,3270,tost1|tost_+T|CI,Adv,Adv,tôt,1015,,C/V\
797,130,3,",",",",PON,3271,",",Pnc,Pnc,,1015,,
798,130,4,descendés,descendés,VER,3272,descendre_+Z,Vfin,Vfin,descendre,1015,,C/V\.C/V\.'C/V\
799,130,5,sour,sour,PRE,3273,sor2_+S,PrA,PrA,sur,1015,,C/V\
800,130,6,cest,cest,DET:demo,3274,cest_S,Dem,Dem,cist,1015,,C/V\
801,130,7,pont,pont,NOM,3275,point|pon2|pont1|pont2_+T|+T|+T|+T,N,N,,1015,,C/V\
802,131,1,si,si,DET:poss,3277,son4_S,Adv,Adv,si4,1015,,C/V\
803,131,2,conmençon,conmençon,NOM,3278,<unknown>,Vfin,Vfin,commencer,1016,,C/V\.C/V\.'C/V\
804,131,3,nostre,nostre,DET:poss,3279,nostre_S,Det,Det,notre,1016,,'C/V\.C/(e)\
805,131,4,bataille,bataille,NOM,3280,bataille_+IT,N,N,,1016,,C/V\.'C/V\.C/(e)\
806,132,1,de,de,PRE,3306,de_+S,Pre,Pre,de,1018,,C/(e)\
807,132,2,bataille,bataille,NOM,3307,bataille_+IT,N,N,,1018,,C/V\.'C/V\.C/(e)\
808,132,3,ne,ne,PRO:clit,3308,en2_S,Crd,Crd,ne2,1018,,C/(e)\
809,132,4,de,de,PRE,3309,de_+S,Pre,Pre,de,1018,,C/(e)\
810,132,5,mellee,mellee,NOM,3310,meslee_+T,N,N,,1018,,C/V\.'C/V\./(e)\
811,133,1,n',n',PRO:clit,3311,en2_S,Neg,Neg$$,ne1,1018,,C/\
812,133,2,avés,avés,VER,3312,avoir_+M,Vfin,Vfin,avoir1,1018,,/V\.'C/V\
813,133,3,vous,vous,PRO:pers,3313,vos1_S,Prn,Prn,2pp,1019,s,C/V\
814,133,4,ore,ore,ADV,3314,or4|or_+IT|I,Adv,Adv,or2,1019,,'/V\.C/(e)\
815,133,5,nul,nul,DET:ind,3315,nul_S,QIs,QIs,nul,1019,,C/V\
816,133,6,mestier,mestier,NOM,3316,mestier_+CIT,N,N,,1019,,C/V\.'C/V\
817,134,1,A,a,PRE,3328,a_S,Pre,Pre,à,1020,,/V\
818,134,2,tant,tant,ADV,3329,tant_CI,QIs,QIs,tant,1020,,C/V\
819,134,3,com,com,CON:subord,3330,come1_S,Sub,Sub,comme,1020,,C/V\
820,134,4,nous,nous,PRO:pers,3331,nos1_S,Prn,Prn$,1pp,1020,s,C/V\
821,134,5,en,en,PRO:clit,3332,en2_S,Prn,Prn$$,en2,1020,,/V\
822,134,6,avom,avom,VER,3333,avoir_+IM,Vfin,Vfin,avoir1,1020,,/V\.'C/V\
823,134,7,fait,fait,VER,3334,faire|farre_+CMI|M,Vpp,Vpp,faire,1020,,C/V\
824,135,1,vous,vous,PRO:pers,3335,vos1_S,Prn,Prn$,2pp,1020,s,C/V\
825,135,2,soufrés,soufrés,VER,3336,soufrer_*+T,Vfin,Vfin,souffrir,1020,,C/V\.'C/V\
826,135,3,ore,ore,ADV,3337,or4|or_+IT|I,Adv,Adv,or2,1020,,'/V\.C/(e)\
827,135,4,",",",",PON,3338,",",Pnc,Pnc,,1020,,
828,135,5,s',s',PRO:pers,3339,soi1_S,Sub,Sub,si3,1021,,C/\
829,135,6,il,il,PRO:pers,3340,il_S,Prn,Prn$,3p,1021,s,/V\
830,135,7,vous,vous,PRO:pers,3341,vos1_S,Prn,Prn$$,2pp,1021,,C/V\
831,135,8,plaist,plaist,VER,3342,plaire_+MI,Vfin,Vfin,plaire,1021,,C/V\
832,136,1,que,que,PROCON,3380,que3_S,Sub,Sub,que,1024,,C/(e)\
833,136,2,de,de,PRE,3381,de_+S,Pre,Pre,de,1024,,C/(e)\
834,136,3,la,la,DET:def,3382,le_S,Det,Det,le,1024,,C/V\
835,136,4,mellee,mellee,NOM,3383,meslee_+T,N,N,,1024,,C/V\.'C/V\./(e)\
836,136,5,.,.,PON,3384,.,Pnc,Pnc,,1024,,
837,136,6,—,—,PON,3385,-,Pnc,Pnc,,1024,,
838,136,7,En,en,PRE,3386,en1_+S,Pre,Pre,en1,1024,,/V\
839,136,8,non,non,NOM,3387,nom_+CIT,N,N,,1024,,C/V\
840,136,9,Dieu,dieu,NOM,3388,dieu_+CIT,N,N,,1024,o,C/V\
841,137,1,En,en,PRE,3386,en1_+S,Pre,Pre,en1,1024,,/V\
842,137,2,non,non,NOM,3387,nom_+CIT,N,N,,1024,,C/V\
843,137,3,Dieu,dieu,NOM,3388,dieu_+CIT,N,N,,1024,o,C/V\
844,137,4,",",",",PON,3389,",",Pnc,Pnc,,1024,,
845,137,5,fait,fait,VER,3390,faire|farre_+CMI|M,Vfin,Vfin,faire,1024,,C/V\
846,137,6,li,li,DET:def,3391,le_S,Det,Det,le,1024,,C/V\
847,137,7,cevaliers,cevaliers,NOM,3392,chevalier_+Z,N,N,,1025,,C/V\.C/V\.'C/V\
848,138,1,or,or,ADV,3394,or4|or_+IT|CI,Adv,Adv,or2,1025,,/V\
849,138,2,oi,oi,VER,3395,avoir|öir_+IMT|+IIdT,Vfin,Vfin,avoir1|ouïr,1025,,/V\
850,138,3,je,je,PRO:pers,3396,je_S,Prn,Prn,1ps,1025,s,C/(e)\
851,138,4,boin,boin,ADJ,3397,bon_+Z,Adj,Adj,bon,1025,,C/V\
852,138,5,plait,plait,NOM,3398,plait|plee_+CIT|+T,N,N,,1025,,C/V\
853,138,6,metre,metre,VER,3399,metre2|metre|mettre_+T|IM|M,Vinf,Vinf,mettre,1025,,'C/V\.C/(e)\
854,138,7,avant,avant,PRE,3400,avant_S,PrA,PrA,avant,1025,,/V\.'C/V\
855,139,1,k',k',PROCON,3410,que1|que2|que3|que4_S|S|S|S,Sub,Sub,que,1026,,C/\
856,139,2,il,il,PRO:pers,3411,il_S,Prn,Prn$,3p,1026,s,/V\
857,139,3,vous,vous,PRO:pers,3412,vos1_S,Prn,Prn$$,2pp,1026,,C/V\
858,139,4,couvient,couvient,VER,3413,covenir_*+I,Vfin,Vfin,convenir,1026,,C/V\.'C/V\
859,139,5,a,a,PRE,3414,a_S,Pre,Pre,à,1026,,/V\
860,139,6,moi,moi,PRO:pers,3415,je_S,Prn,Prn,1ps,1026,,C/V\
861,139,7,combatre,combatre,VER,3416,combatre|entrecombatre_+MIT|+M,Vinf,Vinf,combattre,1026,,C/V\.'C/V\.C/(e)\
862,140,1,Faites,faites,VER,3485,faire_+CMI,Vfin,Vfin,faire,1032,,'C/V\.C/e\
863,140,2,lequel,lequel,NOM,3486,<unknown>,Dem,Dem,lequel,1032,,C/V\.'C/V\
864,140,3,ki,ki,PROCON,3487,qui_S,Qux,Qux,qui,1032,s,C/V\
865,140,4,miex,miex,ADV,3488,mieus_*I,Adv,Adv,mieux,1032,,C/V\
866,140,5,vous,vous,PRO:pers,3489,vos1_S,Prn,Prn$$,2pp,1032,,C/V\
867,140,6,plaist,plaist,VER,3490,plaire_+MI,Vfin,Vfin,plaire,1032,,C/V\
868,141,1,car,car,CON:coord,3492,car_S,Crd,Crd,car,1032,,C/V\
869,141,2,a,a,PRE,3493,a_S,Pre,Pre,à,1032,,/V\
870,141,3,moi,moi,PRO:pers,3494,je_S,Prn,Prn,1ps,1033,,C/V\
871,141,4,vous,vous,PRO:pers,3495,vos1_S,Prn,Prn$$,2pp,1033,,C/V\
872,141,5,couvient,couvient,VER,3496,covenir_*+I,Vfin,Vfin,convenir,1033,,C/V\.'C/V\
873,141,6,combatre,combatre,VER,3497,combatre|entrecombatre_+MIT|+M,Vinf,Vinf,combattre,1033,,C/V\.'C/V\.C/(e)\
874,142,1,et,et,CON:coord,3507,et_S,Crd,Crd,et,1034,,/V\
875,142,2,il,il,PRO:pers,3508,il_S,Prn,Prn$,3p,1034,s,/V\
876,142,3,voit,voit,VER,3509,aler|vëoir_+M|+I,Vfin,Vfin,voir1|aller,1034,,C/V\
877,142,4,qu',qu',PROCON,3510,que1|que2|que3|que4_S|S|S|S,Sub,Sub,que,1034,,C/\
878,142,5,en,en,PRE,3511,en1_+S,Pre,Pre,en1,1034,,/V\
879,142,6,nule,nule,DET:ind,3512,nul_S,QIs,QIs,nul,1034,,'C/V\.C/(e)\
880,142,7,maniere,maniere,NOM,3513,maniere_+CIT,N,N,,1034,,C/V\.'C/V\.C/(e)\
881,143,1,qu',qu',PROCON,3555,que1|que2|que3|que4_S|S|S|S,Sub,Sub,que,1038,,C/\
882,143,2,il,il,PRO:pers,3556,il_S,Prn,Prn$,3p,1038,s,/V\
883,143,3,vaurroit,vaurroit,VER,3557,valoir_+M,Vfin,Vfin,valoir,1038,,C/V\.'C/V\
884,143,4,aler,aler,VER,3558,aler|foraler_+MIT|+T,Vinf,Vinf,aller,1038,,/V\.'C/V\
885,143,5,aprés,aprés,ADV,3559,après_I,PrA,PrA,après,1038,,/V\.'C/V\
886,143,6,lui,lui,PRO:pers,3560,il|loi1_S|S,Prn,Prn,3p,1038,,C/V\
887,144,1,et,et,CON:coord,3568,et_S,Crd,Crd,et,1039,,/V\
888,144,2,baille,baille,VER,3569,baillier|bäaillier_+MMdI|+M,Vfin,Vfin,bailler,1039,,'C/V\.C/(e)\
889,144,3,a,a,PRE,3570,a_S,Pre,Pre,à,1039,,/V\
890,144,4,un,un,DET:ndf,3571,un_S,QIs,QIs,un,1039,,/V\
891,144,5,de,de,PRE,3572,de_+S,Pre,Pre,de,1039,,C/(e)\
892,144,6,ses,ses,DET:poss,3573,son4_S,Det,Det,son4,1039,,C/V\
893,144,7,esquiers,esquiers,NOM,3574,escuier2|escuier_*+T|I,N,N,,1039,,/V\.'C/V\
