wd_id,line_id,linewd,word,lex_id,tag,old_wd_id,para_id,syntag,lemma,NCA_src,boundary,synfunc,NCA_taggerpos,NCA_sent
1,1,1,de,de,PRE,3,19,Pre,de,+CIST,"[('PreN', ''), ('Pre', ''), ('N', '')]",,PRE,41
2,1,2,dieu,dieu,NOM:obj:masc:sg,4,19,N,dieu,+CIT,"[('PreN', ''), ('N', ''), ('DetAdj', '')]",,NOM,41
3,1,3,le,le,DET:def:obj:masc:sg,5,19,Det,le,CST,"[('DetAdj', ''), ('Det', ''), ('Adj', '')]",,DET:def,41
4,1,4,toutpuissant,toutpuissant,ADJ:obj:masc:sg,6,19,Adj,totpuissant,*+T,"[('VfinGrp', ''), ('PreN', ''), ('Prn', 's')]",,ADJ,41
5,2,1,faiz,faiz,VER:pres:1:sg,18,19,Vfin,faire|feire,+CMI|M,"[('VfinGrp', ''), ('Vfin', ''), ('VinfGrp', 'c')]",,VER,41
6,2,2,escrire,escrire,VER:infi,19,19,Vinf,escrire,+IT,"[('VinfGrp', 'c'), ('Vinf', ''), ('NGrp', 'c')]",,VER,41
7,2,3,la,la,DET:def:obj:femi:sg,20,19,Det,le,CST,"[('NGrp', 'c'), ('Det', ''), ('N', '')]",,DET:def,41
8,2,4,vie,vie,NOM:obj:femi:sg,21,19,N,vie1|voie,+T|+T,"[('NGrp', 'c'), ('N', ''), ('NGrp', 'o')]",,NOM,41
9,3,1,nostre,nostre,DET:poss:obj:masc:sg,22,19,Det,nostre,CS,"[('NGrp', 'o'), ('Det', ''), ('Adj', '')]",,DET:poss,41
10,3,2,saint,saint,ADJ:obj:masc:sg,23,19,Adj,saint1|saint,T|CI,"[('NGrp', 'o'), ('Adj', ''), ('N', '')]",,ADJ,41
11,3,3,looys,looys,NPR:obj:masc:sg,24,19,N,louis,I|Z,"[('VinfGrp', 'c'), ('NGrp', 'c'), ('PrnSubVfin', '')]",,NPR,41
12,4,1,ce,ce,DET:demo:suj:masc:sg,105,20,Det,ce|cel|cist,C|S|S,"[('NGrp', 's'), ('Det', ''), ('Adj', '')]",,DET:demo,43
13,4,2,saint,saint,ADJ:suj:masc:sg,106,20,Adj,saint1|saint,T|CI,"[('NGrp', 's'), ('Adj', ''), ('N', '')]",,ADJ,43
14,4,3,home,home,NOM:suj:masc:sg,107,20,N,ome,+CIT,"[('VfinGrp', ''), ('NGrp', 's'), ('Vfin', '')]",,NOM,43
15,4,4,ama,ama,VER:simp:3:sg,108,20,Vfin,aamer|amer1,+M|+I,"[('VfinGrp', ''), ('Vfin', ''), ('N', 'c')]",,VER,43
16,4,5,dieu,dieu,NOM:obj:masc:sg,109,20,N,dieu,+CIT,"[('VfinGrp', ''), ('N', 'c'), ('PreN', '')]",c,NOM,43
17,5,1,et,et,CON:coord,114,20,Crd,et,ST,"[('VfinGrp', '&'), ('Crd', ''), ('Vfin', '')]",,CON:coord,43
18,5,2,ensuivi,ensuivi,VER:simp:3:sg,115,20,Vfin,ensivre1,+Z,"[('VfinGrp', '&'), ('Vfin', ''), ('NGrp', 'c')]",,VER,43
19,5,3,ses,ses,DET:poss:obj:femi:pl,116,20,Det,son4|son,S|C,"[('NGrp', 'c'), ('Det', ''), ('N', '')]",,DET:poss,43
20,5,4,oeuvres,oeuvres,NOM:obj:femi:pl,117,20,N,uevre,*+Z,#,,NOM,43
21,6,1,et,et,CON:coord,159,20,Crd,et,ST,"[('SubVfin', '&'), ('Crd', ''), ('Sub', '')]",,CON:coord,44
22,6,2,s,s,PROCON,160,20,Sub,se,C,"[('SubVfin', '&'), ('Sub', ''), ('Prn', '')]",,PROCON,44
23,6,3,en,en,PRO:clit,161,20,Prn,en2|en,S|C,"[('SubVfin', '&'), ('Prn', ''), ('Vfin', '')]",,PRO:clit,44
24,6,4,feust,feust,VER:subi:3:sg,162,20,Vfin,estre,MMd,"[('SubVfin', '&'), ('Vfin', ''), ('Adv', '')]",,VER,44
25,6,5,bien,bien,ADV,163,20,Adv,bien1|bien2|bien,+IT|C|I,"[('SubVfin', '&'), ('Adv', ''), ('Vpp', 'a')]",,ADV,44
26,6,6,soufers,soufers,VER:pper:masc:pl,164,20,Vpp,soufrir,M,"[('SubVfin', '&'), ('Vpp', 'a'), ('SubVfin', '')]",a,VER,44
27,7,1,qu,qu,PROCON,179,21,Sub,que1|que2|que3|que4|que,S|S|S|S|C,"[('SubVfin', ''), ('Sub', 'c'), ('Prn', 's')]",c,PROCON,45
28,7,2,il,il,PRO:pers:suj:3:masc:sg:unb,180,21,Prn,il,CIST,"[('SubVfin', ''), ('Prn', 's'), ('Vfin', '')]",s,PRO:pers,45
29,7,3,avoit,avoit,VER:impf:3:sg,181,21,Vfin,avoiier|avoir,+MI|+MI,"[('SubVfin', ''), ('Vfin', ''), ('PreN', '')]",,VER,45
30,7,4,a,a,PRE,182,21,Pre,a3|a,+T|CGIS,"[('PreN', ''), ('Pre', ''), ('Det', '')]",,PRE,45
31,7,5,son,son,DET:poss:obj:masc:sg,183,21,Det,son4|son,S|C,"[('PreN', ''), ('Det', ''), ('N', '')]",,DET:poss,45
32,7,6,peuple,peuple,NOM:obj:masc:sg,184,21,N,pueple,+T,"[('VfinGrp', ''), ('NGrp', 's'), ('Vfin', '')]",,NOM,45
33,8,1,et,et,CON:coord,241,21,Crd,et,ST,"[('VfinGrp', '&'), ('Crd', ''), ('Vfin', '')]",,CON:coord,45
34,8,2,gouvernast,gouvernast,VER:subi:3:sg,242,21,Vfin,governer,+M,"[('VfinGrp', '&'), ('Vfin', ''), ('NGrp', 'c')]",,VER,45
35,8,3,le,le,DET:def:obj:masc:sg,243,21,Det,le,CST,"[('NGrp', 'c'), ('Det', ''), ('N', '')]",,DET:def,45
36,8,4,peuple,peuple,NOM:obj:masc:sg,244,21,N,pueple,+T,"[('NGrp', 'c'), ('N', ''), ('PreN', '')]",,NOM,45
37,9,1,que,que,PROCON,265,21,Sub,que2|que3|que,T|S|C,"[('SubVfin', ''), ('Sub', ''), ('Adv', '')]",,PROCON,46
38,9,2,neis,neis,ADV,266,21,Adv,nois|nëis,+Td|Id,"[('SubVfin', ''), ('Adv', ''), ('PreN', '')]",,ADV,46
39,9,3,aux,aux,PREDET:a:obj:masc:pl,267,21,Pre,a+le|le,S|C,"[('PreN', ''), ('Pre', ''), ('N', '')]",,PREDET:a,46
40,9,4,sarrazins,sarrazins,NOM:obj:masc:pl,268,21,N,sarrasin,+I,"[('SubVfin', ''), ('PreN', ''), ('Adv', '')]",,NOM,46
41,10,1,ne,ne,PRO:clit,269,21,Neg,en2|ne,S|C,"[('SubVfin', ''), ('Adv', ''), ('Vfin', '')]",,PRO:clit,46
42,10,2,voult,voult,VER:simp:3:sg,270,21,Vfin,voloir,+C,"[('SubVfin', ''), ('Vfin', ''), ('Prn', 's')]",,VER,46
43,10,3,il,il,PRO:pers:suj:3:masc:sg:unb,271,21,Prn,il,CIST,"[('SubVfin', ''), ('Prn', 's'), ('Adv', '')]",s,PRO:pers,46
44,10,4,pas,pas,NOM:obj:masc:pl,272,21,Adv,pas|past2,+IT|+T,"[('SubVfin', ''), ('Adv', ''), ('Vinf', 'c')]",,NOM,46
45,10,5,mentir,mentir,VER:infi,273,21,Vinf,mentir,+MIT,"[('SubVfin', ''), ('Vinf', 'c'), ('PrePrnSubVfin', '')]",c,VER,46
46,11,1,je,je,PRO:pers:suj:1:sg:unb,344,22,Prn,je,CIST,"[('VfinGrp', '+'), ('Prn', 's'), ('Adv', '')]",s,PRO:pers,49
47,11,2,ne,ne,PRO:clit,345,22,Neg,en2|ne,S|C,"[('VfinGrp', '+'), ('Adv', ''), ('Prn', '')]",,PRO:clit,49
48,11,3,li,li,PRO:pers:suj:3:masc:sg:bet,346,22,Prn,ele|il,C|CIST,"[('VfinGrp', '+'), ('Prn', ''), ('Vfin', '')]",,PRO:pers,49
49,11,4,oy,oÿ,VER:simp:1:sg,347,22,Vfin,ouir|oïr,M|M,"[('VfinGrp', '+'), ('Vfin', ''), ('VinfGrp', 'c')]",,VER,49
50,11,5,mal,mal,NOM:obj:masc:sg,348,22,N,mal,I,"[('VinfGrp', 'c'), ('N', ''), ('Vinf', '')]",,ADV,49
51,12,1,qui,qui,PROCON,376,22,Sub,qui,CST,"[('SubVfin', ''), ('Sub', 's'), ('Adv', '')]",s,PROCON,49
52,12,2,ne,ne,PRO:clit,377,22,Neg,en2|ne,S|C,"[('SubVfin', ''), ('Adv', ''), ('Vfin', '')]",,PRO:clit,49
53,12,3,plait,plait,VER:pres:3:sg,378,22,Vfin,plaire,+M,"[('SubVfin', ''), ('Vfin', ''), ('Adv', '')]",,VER,49
54,12,4,mie,mie,ADV,379,22,Adv,mie,C,"[('SubVfin', ''), ('Adv', ''), ('PreN', '')]",,ADV,49
55,12,5,a,a,PRE,380,22,Pre,a3|a,+T|CGIS,"[('PreN', ''), ('Pre', ''), ('N', '')]",,PRE,49
56,12,6,dieu,dieu,NOM:obj:masc:sg,381,22,N,dieu,+CIT,#,,NOM,49
57,13,1,tout,tout,PRO:ind:obj:masc:sg,505,23,Adv,tot,CS,"[('AdjGrp', ''), ('Adv', ''), ('Adj', '')]",,PRO:ind,54
58,13,2,pur,pur,ADJ:obj:masc:sg,506,23,Adj,por2|por,+ST|I,"[('SubVfin', ''), ('NGrp', 'c'), ('PreN', '')]",,PRE,54
59,13,3,en,en,PRE,507,23,Pre,en1|en,+IST|CI,"[('PreN', ''), ('Pre', ''), ('Det', '')]",,PRE,54
60,13,4,ma,ma,DET:poss:obj:femi:sg,508,23,Det,mon1|mon,S|C,"[('PreN', ''), ('Det', ''), ('N', '')]",,DET:poss,54
61,13,5,vieillesse,vieillesse,NOM:obj:femi:sg,509,23,N,UNKNOWN,,"[('VfinGrp', ''), ('SubVfin', ''), ('VfinGrp', '')]",,NOM,54
62,14,1,honorez,honorez,VER:pper:masc:pl,538,24,Vpp,onorer,*+Z,"[('VinfGrp', 'c'), ('Vpp', 'a'), ('PreN', '')]",a,VER,56
63,14,2,en,en,PRE,539,24,Pre,en1|en,+IST|CI,"[('PreN', ''), ('Pre', ''), ('Det', '')]",,PRE,56
64,14,3,ce,ce,DET:demo:obj:masc:sg,540,24,Det,ce|cel|cist,C|S|S,"[('PreN', ''), ('Det', ''), ('N', '')]",,DET:demo,56
65,14,4,siecle,siecle,NOM:obj:masc:sg,541,24,N,seule|siecle,+T|+IT,"[('VinfGrp', 'c'), ('PreN', ''), ('VinfGrp', '&')]",,NOM,56
66,15,1,en,en,PRE,539,24,Pre,en1|en,+IST|CI,"[('PreN', ''), ('Pre', ''), ('Det', '')]",,PRE,56
67,15,2,ce,ce,DET:demo:obj:masc:sg,540,24,Det,ce|cel|cist,C|S|S,"[('PreN', ''), ('Det', ''), ('N', '')]",,DET:demo,56
68,15,3,siecle,siecle,NOM:obj:masc:sg,541,24,N,seule|siecle,+T|+IT,"[('VinfGrp', 'c'), ('PreN', ''), ('VinfGrp', '&')]",,NOM,56
69,15,4,et,et,CON:coord,542,24,Crd,et,ST,"[('VinfGrp', '&'), ('Crd', ''), ('Vinf', '')]",,CON:coord,56
70,15,5,avoir,avoir,VER:infi,543,24,Vinf,avoir,+MIT,"[('VinfGrp', '&'), ('Vinf', ''), ('N', 'c')]",,VER,56
71,16,1,et,et,CON:coord,542,24,Crd,et,ST,"[('VinfGrp', '&'), ('Crd', ''), ('Vinf', '')]",,CON:coord,56
72,16,2,avoir,avoir,VER:infi,543,24,Vinf,avoir,+MIT,"[('VinfGrp', '&'), ('Vinf', ''), ('N', 'c')]",,VER,56
73,16,3,paradis,paradis,NOM:obj:masc:sg,544,24,N,paradis,+IT,"[('VinfGrp', '&'), ('N', 'c'), ('PreN', '')]",c,NOM,56
74,17,1,paradis,paradis,NOM:obj:masc:sg,544,24,N,paradis,+IT,"[('VinfGrp', '&'), ('N', 'c'), ('PreN', '')]",c,NOM,56
75,17,2,a,a,PRE,545,24,Pre,a3|a,+T|CGIS,"[('PreN', ''), ('Pre', ''), ('Det', '')]",,PRE,56
76,17,3,la,la,DET:def:obj:femi:sg,546,24,Det,le,CST,"[('PreN', ''), ('Det', ''), ('N', '')]",,DET:def,56
77,17,4,mort,mort,NOM:obj:femi:sg,547,24,N,mort,+CIT,#,,NOM,56
78,18,1,et,et,CON:coord,549,24,Crd,et,ST,"[('VfinGrp', ''), ('Crd', ''), ('Prn', 's')]",,CON:coord,57
79,18,2,je,je,PRO:pers:suj:1:sg:unb,550,24,Prn,je,CIST,"[('VfinGrp', ''), ('Prn', 's'), ('Prn', '')]",s,PRO:pers,57
80,18,3,li,li,PRO:pers:suj:3:masc:sg:bet,551,24,Prn,ele|il,C|CIST,"[('VfinGrp', ''), ('Prn', ''), ('Vfin', '')]",,PRO:pers,57
81,18,4,diz,diz,VER:simp:1:sg,552,24,Vfin,dire,+CMI,#,,VER,57
82,18,5,:,:,PON,553,24,Pnc,:,,,,PON,57
83,18,6,oyl,oÿl,ADV,554,24,Adv,oil|öil,*I|Id,#,,ADV,57
84,19,1,oyl,oÿl,ADV,554,24,Adv,oil|öil,*I|Id,#,,ADV,57
85,19,2,.,.,PON,555,24,Pnc,.,,,,PON,57
86,19,3,et,et,CON:coord,556,24,Crd,et,ST,"[('VfinGrp', ''), ('Crd', ''), ('Prn', 's')]",,CON:coord,58
87,19,4,il,il,PRO:pers:suj:3:masc:sg:unb,557,24,Prn,il,CIST,"[('VfinGrp', ''), ('Prn', 's'), ('Prn', '')]",s,PRO:pers,58
88,19,5,me,me,PRO:pers:obj:1:sg:unb,558,24,Prn,je|moi,IS|T,"[('VfinGrp', ''), ('Prn', ''), ('Vfin', '')]",,PRO:pers,58
89,19,6,dit,dit,VER:simp:3:sg,559,24,Vfin,dire,+CMI,#,,VER,58
90,20,1,ne,ne,PROCON,632,24,Crd,ni,C,"[('NGrp', '&'), ('Crd', ''), ('N', '')]",,PROCON,59
91,20,2,doumage,doumage,NOM:obj:masc:sg,633,24,N,damage,*+C,"[('NGrp', 'c'), ('NGrp', '&'), ('PreVinf', '&')]",,NOM,59
92,20,3,ou,ou,PREDET:en:obj:masc:sg,634,24,Pre+Det,o|où,C|Td,"[('PreVinf', '&'), ('Pre+Det', ''), ('Vinf', '')]",,PROCON,59
93,20,4,souffrir,souffrir,VER:infi,635,24,Vinf,sofrir|souffrir|soufrir,+M|M|M,"[('SubVfin', 'c'), ('SubVfin', ''), ('PrePrnSubVfin', '')]",,VER,59
94,21,1,dont,dont,PRO:invar,646,24,Sub,donc|dont,I|I,"[('SubVfin', ''), ('Sub', ''), ('NGrp', 's')]",,ADV,59
95,21,2,mil,mil,ADJ:card,647,24,Adj,mil1|mil,T|CI,"[('NGrp', 's'), ('Adj', ''), ('N', '')]",,ADJ:card,59
96,21,3,homes,homes,NOM:suj:masc:pl,648,24,N,ome,+CI,"[('SubVfin', ''), ('NGrp', 's'), ('Vfin', '')]",,NOM,59
97,21,4,sont,sont,VER:pres:3:pl,649,24,Vfin,estre1|estre,+I|CMI,"[('SubVfin', ''), ('Vfin', ''), ('Vpp', '')]",,VER,59
98,21,5,mors,mors,VER:pper:masc:pl,650,24,Vpp,morir,*+I,#,,VER,59
99,22,1,ne,ne,PROCON,679,25,Crd,ni,C,"[('SubVfin', '&'), ('Crd', ''), ('Sub', '')]",,PROCON,60
100,22,2,que,que,PROCON,680,25,Sub,que2|que3|que,T|S|C,"[('SubVfin', '&'), ('Sub', ''), ('NGrp', 's')]",,PROCON,60
101,22,3,les,les,DET:def:suj:masc:pl,681,25,Det,le,CST,"[('NGrp', 's'), ('Det', ''), ('Adj', '')]",,DET:def,60
102,22,4,joenes,joenes,ADJ:suj:masc:pl,682,25,Adj,juene,*T,"[('NGrp', 's'), ('Adj', ''), ('N', '')]",,ADJ,60
103,22,5,homes,homes,NOM:suj:masc:pl,683,25,N,ome,+CI,"[('SubVfin', '&'), ('NGrp', 's'), ('Adv', '')]",,NOM,60
104,23,1,ramenti,ramenti,VER:simp:1:sg,694,25,Vfin,UNKNOWN,,"[('VfinGrp', ''), ('Vfin', ''), ('Prn', 's')]",,VER,61
105,23,2,je,je,PRO:pers:suj:1:sg:unb,695,25,Prn,je,CIST,"[('VfinGrp', ''), ('Prn', 's'), ('NGrp', '')]",s,PRO:pers,61
106,23,3,le,le,DET:def:obj:masc:sg,696,25,Det,le,CST,"[('NGrp', ''), ('Det', ''), ('N', '')]",,DET:def,61
107,23,4,pere,pere,NOM:obj:masc:sg,697,25,N,paire|pere1|piere,+T|+T|+T,"[('NGrp', ''), ('N', ''), ('NGrp', 'o')]",,NOM,61
108,24,1,pour,pour,PRE,704,25,Pre,por2|por,+ST|C,"[('PreN', ''), ('Pre', ''), ('Det', '')]",,PRE,61
109,24,2,les,les,DET:def:obj:femi:pl,705,25,Det,le,CST,"[('PreN', ''), ('Det', ''), ('N', '')]",,DET:def,61
110,24,3,cotes,otes,NOM:obj:femi:pl,706,25,N,UNKNOWN,,"[('PreN', ''), ('N', ''), ('Vpp', '')]",,NOM,61
111,24,4,brodeez,brodeëz,VER:pper:masc:pl,707,25,Vpp,brosder,*+M,"[('PreN', ''), ('Vpp', ''), ('PreVinf', '')]",,VER,61
112,25,1,dont,dont,PRO:invar,827,26,Sub,dont,CS,"[('SubVfin', ''), ('Sub', 'a'), ('Prn', 's')]",a,PRO:invar,64
113,25,2,vous,vous,PRO:pers:2:pl,828,26,Prn,ous2|vos1,T|S,"[('SubVfin', ''), ('Prn', 's'), ('Vfin', '')]",s,PRO:pers,64
114,25,3,estes,estes,VER:pres:2:pl,829,26,Vfin,ester|estre1,+M|+I,"[('VfinGrp', ''), ('PreN', ''), ('VinfGrp', 'c')]",,VER,64
115,25,4,",",",",PON,830,26,Pnc,",",,,,PON,64
116,25,5,de,de,PRE,831,26,Pre,de,+CIST,"[('PreN', ''), ('Pre', ''), ('N', '')]",,PRE,64
117,25,6,chose,chose,NOM:obj:femi:sg,832,26,N,chose,+CIT,"[('PreN', ''), ('N', ''), ('SubVfin', '')]",,NOM,64
118,26,1,ces,ces,DET:demo:obj:masc:pl,844,26,Det,cel|cest,S|CS,"[('NGrp', 'c'), ('Det', ''), ('N', '')]",,DET:demo,65
119,26,2,freres,freres,NOM:obj:masc:pl,845,26,N,frere,+CI,"[('NGrp', 'c'), ('N', ''), ('SubVfin', '')]",,NOM,65
120,26,3,qui,qui,PROCON,846,26,Sub,qui,CST,"[('SubVfin', ''), ('Sub', 's'), ('Adv', 'a')]",s,PROCON,65
121,26,4,ci,ci,ADV,847,26,Adv,ci,+CIT,"[('SubVfin', ''), ('Adv', 'a'), ('Vfin', '')]",a,ADV,65
122,26,5,sont,sont,VER:pres:3:pl,848,26,Vfin,estre1|estre,+I|CMI,"[('VfinGrp', ''), ('NGrp', 'c'), ('SubVfin', '')]",,VER,65
123,27,1,la,la,DET:def:suj:femi:sg,859,26,Det,le,CST,"[('NGrp', 's'), ('Det', ''), ('N', '')]",,DET:def,66
124,27,2,demande,demande,NOM:suj:femi:sg,860,26,N,demande,+T,"[('VfinGrp', ''), ('NGrp', 's'), ('Vfin', '')]",,NOM,66
125,27,3,fu,fu,VER:simp:3:sg,861,26,Vfin,estre1|estre,+I|CMI,"[('VfinGrp', ''), ('Vfin', ''), ('Adj', 'a')]",,VER,66
126,27,4,tele,tele,ADJ:suj:femi:sg,862,26,Adj,tel,+CI,#,a,ADJ,66
127,28,1,fu,fu,VER:simp:3:sg,861,26,Vfin,estre1|estre,+I|CMI,"[('VfinGrp', ''), ('Vfin', ''), ('Adj', 'a')]",,VER,66
128,28,2,tele,tele,ADJ:suj:femi:sg,862,26,Adj,tel,+CI,#,a,ADJ,66
129,28,3,:,:,PON,863,26,Pnc,:,,,,PON,66
130,28,4,',',PON:cit,864,26,Pnc,QUOTES,,,,PON:cit,66
131,28,5,seneschal,seneschal,NOM:suj:masc:sg,865,26,N,seneschal,+IT,"[('VfinGrp', ''), ('N', ''), ('VfinGrp', 'inc')]",,NOM,66
132,29,1,fist,fist,VER:simp:3:sg,868,26,Vfin,faire|feire|fere,+CMI|M|M,"[('VfinGrp', 'inc'), ('Vfin', ''), ('Prn', 's')]",,VER,66
133,29,2,il,il,PRO:pers:suj:3:masc:sg:unb,869,26,Prn,il,CIST,"[('VfinGrp', ''), ('VfinGrp', 'inc'), ('NGrp', 'a')]",s,PRO:pers,66
134,29,3,",",",",PON,870,26,Pnc,",",,,,PON,66
135,29,4,',',PON:cit,871,26,Pnc,QUOTES,,,,PON:cit,66
136,29,5,quel,quel,ADJ:suj:femi:sg,872,26,Adj,quel1|quel,I|CI,"[('NGrp', 'a'), ('Adj', ''), ('N', '')]",,ADJ,66
137,29,6,chose,chose,NOM:suj:femi:sg,873,26,N,chose,+CIT,"[('VfinGrp', ''), ('NGrp', 'a'), ('Vfin', '')]",,NOM,66
138,29,7,est,est,VER:pres:3:sg,874,26,Vfin,ester|estre1,+M|+I,"[('VfinGrp', ''), ('Vfin', ''), ('N', 's')]",,VER,66
139,29,8,dieu,dieu,NOM:suj:masc:sg,875,26,N,dieu,+CIT,#,s,NOM,66
140,30,1,est,est,VER:pres:3:sg,874,26,Vfin,ester|estre1,+M|+I,"[('VfinGrp', ''), ('Vfin', ''), ('N', 's')]",,VER,66
141,30,2,dieu,dieu,NOM:suj:masc:sg,875,26,N,dieu,+CIT,#,s,NOM,66
142,30,3,?,?,PON,876,26,Pnc,?,,,,PON,66
143,30,4,"""","""",PON:cit,877,26,Pnc,QUOTED,,,,PON:cit,67
144,30,5,et,et,CON:coord,878,26,Crd,et,ST,"[('VfinGrp', ''), ('Crd', ''), ('Prn', 's')]",,CON:coord,67
145,30,6,je,je,PRO:pers:suj:1:sg:unb,879,26,Prn,je,CIST,"[('VfinGrp', ''), ('Prn', 's'), ('Prn', '')]",s,PRO:pers,67
146,30,7,li,li,PRO:pers:suj:3:masc:sg:bet,880,26,Prn,ele|il,C|CIST,"[('VfinGrp', ''), ('Prn', ''), ('Vfin', '')]",,PRO:pers,67
147,30,8,diz,diz,VER:simp:1:sg,881,26,Vfin,dire,+CMI,#,,VER,67
148,31,1,ce,ce,PRO:invar,885,26,Prn,ce1|ce,S|C,"[('VfinGrp', ''), ('Prn', 's'), ('Vfin', '')]",s,PRO:invar,67
149,31,2,est,est,VER:pres:3:sg,886,26,Vfin,ester|estre1,+M|+I,"[('VfinGrp', ''), ('Vfin', ''), ('NGrp', 'a')]",,VER,67
150,31,3,si,si,PROCON,887,26,Adv,si,C,"[('AdjGrp', ''), ('Adv', ''), ('Adj', '')]",,PROCON,67
151,31,4,bone,bone,ADJ:suj:femi:sg,888,26,Adj,bon,+CI,"[('NGrp', 'a'), ('AdjGrp', ''), ('N', '')]",,ADJ,67
152,31,5,chose,chose,NOM:suj:femi:sg,889,26,N,chose,+CIT,"[('NGrp', 'a'), ('N', ''), ('SubVfin', '')]",,NOM,67
153,32,1,que,que,PROCON,890,26,Sub,que2|que3|que,T|S|C,"[('SubVfin', ''), ('Sub', ''), ('VinfGrp', 'c')]",,PROCON,67
154,32,2,meilleur,meilleur,ADJ:suj:femi:sg,891,26,Adj,meillor,*+IT,"[('SubVfin', ''), ('VinfGrp', 'c'), ('Adv', '')]",a,ADJ,67
155,32,3,ne,ne,PRO:clit,892,26,Neg,en2|ne,S|C,"[('SubVfin', ''), ('Adv', ''), ('Vfin', '')]",,PRO:clit,67
156,32,4,peut,peut,VER:pres:3:sg,893,26,Vfin,paistre|poeir|pouvoir,+M|M|M,"[('SubVfin', ''), ('Vfin', ''), ('VinfGrp', 'c')]",,VER,67
157,32,5,estre,estre,VER:infi,894,26,Vinf,entr'estre|estre1,+M|+IT,#,,VER,67
158,33,1,est,est,VER:pres:3:sg,916,26,Vfin,ester|estre1,+M|+I,"[('SubVfin', ''), ('Vfin', ''), ('Vpp', '')]",,VER,68
159,33,2,escripte,escripte,VER:pper:femi:sg,917,26,Vpp,escrire,+Z,"[('SubVfin', ''), ('Vpp', ''), ('PreN', '')]",,VER,68
160,33,3,en,en,PRE,918,26,Pre,en1|en,+IST|CI,"[('PreN', ''), ('Pre', ''), ('Det', '')]",,PRE,68
161,33,4,cest,cest,DET:demo:obj:masc:sg,919,26,Det,cest,CS,"[('PreN', ''), ('Det', ''), ('N', '')]",,DET:demo,68
162,33,5,livre,livre,NOM:obj:masc:sg,920,26,N,lievre|livre2|livre3,+T|+IT|+IT,"[('PreN', ''), ('N', ''), ('SubVfin', '')]",,NOM,68
163,34,1,que,que,PROCON,921,26,Sub,que2|que3|que,T|S|C,"[('SubVfin', ''), ('Sub', 'c'), ('Prn', 's')]",c,PROCON,68
164,34,2,je,je,PRO:pers:suj:1:sg:unb,922,26,Prn,je,CIST,"[('SubVfin', ''), ('Prn', 's'), ('Vfin', '')]",s,PRO:pers,68
165,34,3,tieing,tieing,VER:pres:1:sg,923,26,Vfin,UNKNOWN,,"[('SubVfin', ''), ('Vfin', ''), ('PreN', '')]",,VER,68
166,34,4,en,en,PRO:clit,924,26,Pre,en1|en,+IST|CI,"[('PreN', ''), ('Pre', ''), ('Det', '')]",,PRE,68
167,34,5,ma,ma,DET:poss:obj:femi:sg,925,26,Det,mon1|mon,S|C,"[('PreN', ''), ('Det', ''), ('N', '')]",,DET:poss,68
168,34,6,main,main,NOM:obj:femi:sg,926,26,N,main2|main3,+IT|+T,#,,NOM,68
169,35,1,il,il,PRO:pers:suj:3:masc:sg:unb,991,27,Prn,il,CIST,"[('VfinGrp', ''), ('Prn', 's'), ('Prn', 'c')]",s,PRO:pers,71
170,35,2,m,m',PRO:pers:obj:1:sg:unb,992,27,Prn,je,S,"[('VfinGrp', ''), ('Prn', 'c'), ('Vfin', '')]",c,PRO:pers,71
171,35,3,appela,appela,VER:simp:3:sg,993,27,Vfin,apeler,*+M,"[('VfinGrp', ''), ('Vfin', ''), ('AdjGrp', '')]",,VER,71
172,35,4,tout,tout,PRO:ind:obj:masc:sg,994,27,Adv,tot,CS,"[('AdjGrp', ''), ('Adv', ''), ('Adj', '')]",,PRO:ind,71
173,35,5,seul,seul,ADJ:obj:masc:sg,995,27,Adj,sol1|sol,+IT|I,"[('VfinGrp', ''), ('AdjGrp', ''), ('VfinGrp', '&')]",,ADJ,71
174,36,1,a,a,PRE,1000,27,Pre,a3|a,+T|CGIS,"[('PreN', ''), ('Pre', ''), ('Det', '')]",,PRE,71
175,36,2,sez,sez,DET:poss:obj:masc:pl,1001,27,Det,son4,S,"[('PreN', ''), ('Det', ''), ('N', '')]",,DET:poss,71
176,36,3,piez,piez,NOM:obj:masc:pl,1002,27,N,pie|pié,+C|+I,"[('VfinGrp', ''), ('VfinGrp', '&'), ('VfinGrp', '&')]",,NOM,71
177,36,4,",",",",PON,1003,27,Pnc,",",,,,PON,71
178,36,5,et,et,CON:coord,1004,27,Crd,et,ST,"[('VfinGrp', '&'), ('Crd', ''), ('Prn', '')]",,CON:coord,71
179,36,6,me,me,PRO:pers:obj:1:sg:unb,1005,27,Prn,je|moi,IS|T,"[('VfinGrp', '&'), ('Prn', ''), ('Vfin', '')]",,PRO:pers,71
180,36,7,dit,dit,VER:simp:3:sg,1006,27,Vfin,dire,+CMI,#,,VER,71
181,37,1,est,est,VER:pres:3:sg,1064,27,Vfin,ester|estre1,+M|+I,"[('SubVfin', ''), ('Vfin', ''), ('AdjGrp', 'a')]",,VER,73
182,37,2,semblable,semblable,ADJ:suj:femi:sg,1065,27,Adj,semblable,+T,"[('AdjGrp', 'a'), ('Adj', ''), ('PreN', '')]",,ADJ,73
183,37,3,au,au,PREDET:a:obj:masc:sg,1066,27,Pre+Det,a+le|le,S|C,"[('PreN', ''), ('Pre+Det', ''), ('N', '')]",,PREDET:a,73
184,37,4,dyable,dyable,NOM:obj:masc:sg,1067,27,N,dïable,*+IdTTd,"[('SubVfin', ''), ('AdjGrp', 'a'), ('SubVfin', '')]",,NOM,73
185,38,1,de,de,PRE,1092,28,Pre,de,+CIST,"[('PreN', ''), ('Pre', ''), ('Det', '')]",,PRE,74
186,38,2,la,la,DET:def:obj:femi:sg,1093,28,Det,le,CST,"[('PreN', ''), ('Det', ''), ('N', '')]",,DET:def,74
187,38,3,meselerie,meselerie,NOM:obj:femi:sg,1094,28,N,meselerie,+T,"[('PreN', ''), ('N', ''), ('PreN', '')]",,NOM,74
188,39,1,le,le,DET:def:obj:masc:sg,1105,28,Det,le,CST,"[('NGrp', 'c'), ('Det', ''), ('N', '')]",,DET:def,75
189,39,2,pechie,pechié,NOM:obj:masc:sg,1106,28,N,pechié,*+I,"[('NGrp', 'c'), ('N', ''), ('Adj', '')]",,NOM,75
190,39,3,mortel,mortel,ADJ:obj:masc:sg,1107,28,Adj,mortel,+IT,"[('SubVfin', ''), ('NGrp', 's'), ('Vfin', '')]",,ADJ,75
191,39,4,meurt,meurt,VER:pres:3:sg,1108,28,Vfin,morir,+Z,"[('VfinGrp', ''), ('SubVfin', ''), ('Prn', 's')]",,VER,75
192,40,1,le,le,DET:def:obj:masc:sg,1220,29,Det,le,CST,"[('NGrp', ''), ('Det', ''), ('N', '')]",,DET:def,77
193,40,2,jour,jour,NOM:obj:masc:sg,1221,29,N,jor,+C,"[('NGrp', ''), ('N', ''), ('PreN', '')]",,NOM,77
194,40,3,du,du,PREDET:de:obj:masc:sg,1222,29,Pre+Det,de+le|le,S|C,"[('PreN', ''), ('Pre+Det', ''), ('Adj', '')]",,PREDET:de,77
195,40,4,grant,grant,ADJ:obj:masc:sg,1223,29,Adj,grant,+CIT,"[('PreN', ''), ('Adj', ''), ('N', '')]",,ADJ,77
196,40,5,jeudi,jeudi,NOM:obj:masc:sg,1224,29,N,UNKNOWN,,#,,NOM,77
197,41,1,diz,diz,VER:simp:1:sg,1230,29,Vfin,dire,+CMI,"[('VfinGrp', 'inc'), ('Vfin', ''), ('Prn', 's')]",,VER,78
198,41,2,je,je,PRO:pers:suj:1:sg:unb,1231,29,Prn,je,CIST,"[('VfinGrp', 'inc'), ('Prn', 's'), ('PreN', '')]",s,PRO:pers,78
199,41,3,",",",",PON,1232,29,Pnc,",",,,,PON,78
200,41,4,en,en,PRO:clit,1233,29,Pre,en1|en,+IST|CI,"[('PreN', ''), ('Pre', ''), ('Adj', '')]",,PRE,78
201,41,5,mal,mal,ADJ:obj:masc:sg,1234,29,Adj,mal1|mal,IT|CI,"[('PreN', ''), ('Adj', ''), ('N', '')]",,ADJ,78
202,41,6,eur,eur,NOM:obj:masc:sg,1235,29,N,or2|or3|ëur,+T|+Td|+IdTd,"[('VfinGrp', ''), ('VfinGrp', 'inc'), ('NGrp', 'c')]",,NOM,78
203,42,1,les,les,DET:def:obj:masc:pl,1238,29,Det,le,CST,"[('NGrp', 'c'), ('Det', ''), ('N', '')]",,DET:def,78
204,42,2,piez,piez,NOM:obj:masc:pl,1239,29,N,pie|pié,+C|+I,"[('NGrp', 'c'), ('N', ''), ('PreAdj', '')]",,NOM,78
205,42,3,de,de,PRE,1240,29,Pre,de,+CIST,"[('PreAdj', ''), ('Pre', ''), ('Det', '')]",,PRE,78
206,42,4,ces,ces,DET:demo:obj:masc:pl,1241,29,Det,cel|cest,S|CS,"[('PreAdj', ''), ('Det', ''), ('Adj', '')]",,DET:demo,78
207,42,5,vilains,vilains,ADJ:obj:masc:pl,1242,29,Adj,vilain,I,"[('VfinGrp', ''), ('NGrp', 'c'), ('Adv', '')]",,NOM,78
208,43,1,ne,ne,PRO:clit,1243,29,Neg,en2|ne,S|C,"[('VfinGrp', ''), ('Adv', ''), ('Vfin', '')]",,PRO:clit,78
209,43,2,laverai,laverai,VER:futu:1:sg,1244,29,Vfin,laver,*+IMT,"[('VfinGrp', ''), ('Vfin', ''), ('Prn', 's')]",,VER,78
210,43,3,-,-,PON,1245,29,Pnc,-,,,,PON,78
211,43,4,je,je,PRO:pers:suj:1:sg:unb,1246,29,Prn,je,CIST,"[('VfinGrp', ''), ('Prn', 's'), ('Adv', '')]",s,PRO:pers,78
212,43,5,ja,ja,ADV,1247,29,Adv,ja,+CIT,#,,ADV,78
213,44,1,fist,fist,VER:simp:3:sg,1253,29,Vfin,faire|feire|fere,+CMI|M|M,"[('VfinGrp', 'inc'), ('Vfin', ''), ('Prn', 's')]",,VER,79
214,44,2,-,-,PON,1254,29,Pnc,-,,,,PON,79
215,44,3,il,il,PRO:pers:suj:3:masc:sg:unb,1255,29,Prn,il,CIST,"[('VfinGrp', ''), ('VfinGrp', 'inc'), ('Prn', 's')]",s,PRO:pers,79
216,44,4,",",",",PON,1256,29,Pnc,",",,,,PON,79
217,44,5,',',PON:cit,1257,29,Pnc,QUOTES,,,,PON:cit,79
218,44,6,ce,ce,PRO:invar,1258,29,Prn,ce1|ce,S|C,"[('VfinGrp', ''), ('Prn', 's'), ('Vfin', '')]",s,PRO:invar,79
219,44,7,fu,fu,VER:simp:3:sg,1259,29,Vfin,estre1|estre,+I|CMI,"[('VfinGrp', ''), ('Vfin', ''), ('Adv', '')]",,VER,79
220,44,8,mal,mal,ADV,1260,29,Adv,mal,I,"[('VfinGrp', ''), ('Adv', ''), ('Vpp', '')]",,ADV,79
221,44,9,dit,dit,VER:pper:masc:sg,1261,29,Vpp,dire,+CMI,"[('VfinGrp', ''), ('Vpp', ''), ('VfinGrp', '+')]",,VER,79
222,45,1,en,en,PRE,1269,29,Pre,en1|en,+IST|CI,"[('PreN', ''), ('Pre', ''), ('N', '')]",,PRE,79
223,45,2,desdaing,desdaing,NOM:obj:masc:sg,1270,29,N,desdeing,+I,"[('VinfGrp', 'c'), ('PreN', ''), ('PrnSubVfin', 'c')]",,NOM,79
224,45,3,ce,ce,PRO:invar,1271,29,Prn,ce1|ce,S|C,"[('PrnSubVfin', 'c'), ('Prn', ''), ('SubVfin', '')]",,PRO:invar,79
225,45,4,que,que,PROCON,1272,29,Sub,que2|que3|que,T|S|C,"[('SubVfin', ''), ('Sub', 'c'), ('N', 's')]",c,PROCON,79
226,45,5,dieu,dieu,NOM:suj:masc:sg,1273,29,N,dieu,+CIT,"[('SubVfin', ''), ('N', 's'), ('Vfin', '')]",s,NOM,79
227,46,1,creoient,creoient,VER:impf:3:pl,1312,30,Vfin,croire,+M,"[('SubVfin', ''), ('Vfin', ''), ('VfinGrp', '&')]",,VER,81
228,46,2,et,et,CON:coord,1313,30,Crd,et,ST,"[('VfinGrp', '&'), ('Crd', ''), ('Vfin', '')]",,CON:coord,81
229,46,3,amoient,amoient,VER:impf:3:pl,1314,30,Vfin,amer1|amer,+I|IM,"[('VfinGrp', ''), ('NGrp', 'c'), ('SubVfin', '')]",,VER,81
230,47,1,pour,pour,PRE,1367,31,Pre,por2|por,+ST|C,"[('PreN', ''), ('Pre', ''), ('Det', '')]",,PRE,83
231,47,2,la,la,DET:def:obj:femi:sg,1368,31,Det,le,CST,"[('PreN', ''), ('Det', ''), ('Adj', '')]",,DET:def,83
232,47,3,grant,grant,ADJ:obj:femi:sg,1369,31,Adj,grant,+CIT,"[('PreN', ''), ('Adj', ''), ('N', '')]",,ADJ,83
233,47,4,renommee,renommee,NOM:obj:femi:sg,1370,31,N,renomee,*+IT,"[('PreN', ''), ('N', ''), ('SubVfin', '')]",,NOM,83
234,48,1,il,il,PRO:pers:suj:3:masc:sg:unb,1378,31,Prn,il,CIST,"[('VfinGrp', ''), ('Prn', 's'), ('Prn', 'c')]",s,PRO:pers,83
235,48,2,le,le,PRO:pers:obj:3:masc:sg:unb,1379,31,Prn,il,CIST,"[('VfinGrp', ''), ('Prn', 'c'), ('Vfin', '')]",c,PRO:pers,83
236,48,3,faisoit,faisoit,VER:impf:3:sg,1380,31,Vfin,faire,+CM,"[('VfinGrp', ''), ('Vfin', ''), ('VinfGrp', 'c')]",,VER,83
237,48,4,manger,manger,VER:infi,1381,31,Vinf,mangier,+I,"[('VinfGrp', 'c'), ('Vinf', ''), ('PreN', '')]",,VER,83
238,49,1,et,et,CON:coord,1401,31,Crd,et,ST,"[('VfinGrp', ''), ('Crd', ''), ('Prn', 'c')]",,CON:coord,85
239,49,2,nous,nous,PRO:pers:1:pl,1402,31,Prn,nos1|nos,S|C,"[('VfinGrp', ''), ('Prn', 'c'), ('Vfin', '')]",c,PRO:pers,85
240,49,3,reprist,reprist,VER:simp:3:sg,1403,31,Vfin,prendre|reprendre,+M|I,"[('VfinGrp', ''), ('Vfin', ''), ('VfinGrp', '&')]",,VER,85
241,49,4,",",",",PON,1404,31,Pnc,",",,,,PON,85
242,49,5,et,et,CON:coord,1405,31,Crd,et,ST,"[('VfinGrp', '&'), ('Crd', ''), ('Vfin', '')]",,CON:coord,85
243,49,6,dit,dit,VER:simp:3:sg,1406,31,Vfin,dire,+CMI,#,,VER,85
244,50,1,si,si,PROCON,1499,32,Adv,si,C,"[('VfinGrp', ''), ('Adv', ''), ('Vfin', '')]",,PROCON,89
245,50,2,rendoit,rendoit,VER:impf:3:sg,1500,32,Vfin,rendre,+M,"[('VfinGrp', ''), ('Vfin', ''), ('NGrp', 'c')]",,VER,89
246,50,3,sa,sa,DET:poss:obj:femi:sg,1501,32,Det,son4|son,S|C,"[('NGrp', 'c'), ('Det', ''), ('N', '')]",,DET:poss,89
247,50,4,sentence,sentence,NOM:obj:femi:sg,1502,32,N,sentence,+T,#,,NOM,89
248,51,1,et,et,CON:coord,1523,32,Crd,et,ST,"[('VfinGrp', '&'), ('Crd', ''), ('NGrp', 's')]",,CON:coord,90
249,51,2,tout,tout,DET:ind:suj:masc:sg,1524,32,Det,tot,CS,"[('NGrp', 's'), ('Det', ''), ('Det', '')]",,DET:ind,90
250,51,3,le,le,DET:def:suj:masc:sg,1525,32,Det,le,CST,"[('NGrp', 's'), ('Det', ''), ('N', '')]",,DET:def,90
251,51,4,remenant,remenant,NOM:suj:masc:sg,1526,32,N,remanant,+IT,"[('VfinGrp', '&'), ('NGrp', 's'), ('Prn', '')]",,NOM,90
252,52,1,car,car,CON:coord,1623,33,Crd,car,ST,"[('VfinGrp', '+'), ('Crd', ''), ('PreN', '')]",,CON:coord,93
253,52,2,aus,aus,PREDET:a:obj:masc:pl,1624,33,Pre+Det,a+le|le,S|C,"[('PreN', ''), ('Pre+Det', ''), ('Adj', '')]",,PREDET:a,93
254,52,3,grans,grans,ADJ:obj:masc:pl,1625,33,Adj,grant,+I,"[('PreN', ''), ('Adj', ''), ('N', '')]",,ADJ,93
255,52,4,usuriers,usuriers,NOM:obj:masc:pl,1626,33,N,usurier,*+T,"[('PreN', ''), ('N', ''), ('PreN', '&')]",,NOM,93
256,53,1,que,que,PROCON,1680,34,Sub,que2|que3|que,T|S|C,"[('SubVfin', ''), ('Sub', ''), ('Prn', 's')]",,PROCON,94
257,53,2,il,il,PRO:pers:suj:3:masc:sg:unb,1681,34,Prn,il,CIST,"[('SubVfin', ''), ('Prn', 's'), ('Adv', '')]",s,PRO:pers,94
258,53,3,n,n,PRO:clit,1682,34,Neg,en2|ne,S|C,"[('SubVfin', ''), ('Adv', ''), ('Vfin', '')]",,PRO:clit,94
259,53,4,encombrast,encombrast,VER:subi:3:sg,1683,34,Vfin,UNKNOWN,,"[('SubVfin', ''), ('Vfin', ''), ('NGrp', 'c')]",,VER,94
260,53,5,l,l',DET:def:obj:femi:sg,1684,34,Det,le,CS,"[('NGrp', 'c'), ('Det', ''), ('N', '')]",,DET:def,94
261,53,6,ame,ame,NOM:obj:femi:sg,1685,34,N,ame,+CGIT,"[('NGrp', 'c'), ('N', ''), ('PrePrn', '')]",,NOM,94
262,54,1,pour,pour,PRE,1688,34,Pre,por2|por,+ST|C,"[('PreN', ''), ('Pre', ''), ('Det', '')]",,PRE,94
263,54,2,les,les,DET:def:obj:masc:pl,1689,34,Det,le,CST,"[('PreN', ''), ('Det', ''), ('Adj', '')]",,DET:def,94
264,54,3,granz,granz,ADJ:obj:masc:pl,1690,34,Adj,grant,+I,"[('PreN', ''), ('Adj', ''), ('N', '')]",,ADJ,94
265,54,4,deniers,deniers,NOM:obj:masc:pl,1691,34,N,denier,+CI,"[('PreN', ''), ('N', ''), ('SubVfin', '')]",,NOM,94
266,55,1,a,a,PRE,1758,35,Pre,a3|a,+T|CGIS,"[('PreN', ''), ('Pre', ''), ('Det', '')]",,PRE,97
267,55,2,une,une,DET:ndf:obj:femi:sg,1759,35,Det,un,CS,"[('PreN', ''), ('Det', ''), ('N', '')]",,DET:ndf,97
268,55,3,penthecouste,penthecouste,NOM:obj:femi:sg,1760,35,N,pentecoste,C,"[('VfinGrp', ''), ('PreN', ''), ('AdvSubVfin', '')]",,NOM,97
269,56,1,au,au,PREDET:a:obj:masc:sg,1790,35,Pre+Det,a+le|le,S|C,"[('PreN', ''), ('Pre+Det', ''), ('N', '')]",,PREDET:a,98
270,56,2,conte,conte,NOM:obj:masc:sg,1791,35,N,conte1|conte2,+IT|+IT,"[('PreN', ''), ('N', ''), ('PreN', '')]",,NOM,98
271,56,3,de,de,PRE,1792,35,Pre,de,+CIST,"[('PreN', ''), ('Pre', ''), ('N', '')]",,PRE,98
272,56,4,bretaigne,bretaigne,NPR:obj:femi:sg,1793,35,N,bretagne,I|Z,"[('PreN', ''), ('PreN', ''), ('NGrp', '')]",,NPR,98
273,57,1,de,de,PRE,1792,35,Pre,de,+CIST,"[('PreN', ''), ('Pre', ''), ('N', '')]",,PRE,98
274,57,2,bretaigne,bretaigne,NPR:obj:femi:sg,1793,35,N,bretagne,I|Z,"[('PreN', ''), ('PreN', ''), ('NGrp', '')]",,NPR,98
275,57,3,",",",",PON,1794,35,Pnc,",",,,,PON,98
276,57,4,le,le,DET:def:obj:masc:sg,1795,35,Det,le,CST,"[('NGrp', ''), ('Det', ''), ('N', '')]",,DET:def,98
277,57,5,pere,pere,NOM:obj:masc:sg,1796,35,N,paire|pere1|piere,+T|+T|+T,"[('NGrp', ''), ('N', ''), ('PreN', '')]",,NOM,98
278,58,1,qui,qui,PROCON,1799,35,Sub,qui,CST,"[('SubVfin', ''), ('Sub', 's'), ('Adv', '')]",s,PROCON,98
279,58,2,ore,ore,ADV,1800,35,Adv,or4|or,+IT|I,"[('SubVfin', ''), ('Adv', ''), ('Vfin', '')]",,ADV,98
280,58,3,est,est,VER:pres:3:sg,1801,35,Vfin,ester|estre1,+M|+I,"[('VfinGrp', '&'), ('PreN', ''), ('SubVfin', 'c')]",,VER,98
281,58,4,",",",",PON,1802,35,Pnc,",",,,,PON,98
282,58,5,que,que,PROCON,1803,35,Sub,que2|que3|que,T|S|C,"[('SubVfin', 'c'), ('Sub', ''), ('N', 's')]",,PROCON,98
283,58,6,dieu,dieu,NOM:suj:masc:sg,1804,35,N,dieu,+CIT,"[('SubVfin', 'c'), ('N', 's'), ('Vfin', '')]",s,NOM,98
284,58,7,gart,gart,VER:subp:3:sg,1805,35,Vfin,garder|garir,+MI|+M,#,,VER,98
285,59,1,et,et,CON:coord,1816,35,Crd,et,ST,"[('VfinGrp', '&'), ('Crd', ''), ('Prn', 'c')]",,CON:coord,99
286,59,2,me,me,PRO:pers:obj:1:sg:unb,1817,35,Prn,je|moi,IS|T,"[('VfinGrp', '&'), ('Prn', 'c'), ('Vfin', '')]",c,PRO:pers,99
287,59,3,prist,prist,VER:simp:3:sg,1818,35,Vfin,prendre|prisier,+MI|+M,"[('VfinGrp', '&'), ('Vfin', ''), ('PreN', '')]",,VER,99
288,59,4,par,par,PRE,1819,35,Pre,par,CIS,"[('PreN', ''), ('Pre', ''), ('Det', '')]",,PRE,99
289,59,5,le,le,DET:def:obj:masc:sg,1820,35,Det,le,CST,"[('PreN', ''), ('Det', ''), ('N', '')]",,DET:def,99
290,59,6,cor,cor,NOM:obj:masc:sg,1821,35,N,cor2|cors2|cort1,+T|+T|+I,"[('PreN', ''), ('N', ''), ('PreN', '')]",,NOM,99
291,60,1,et,et,CON:coord,1826,35,Crd,et,ST,"[('VfinGrp', '&'), ('Crd', ''), ('Prn', 'c')]",,CON:coord,99
292,60,2,me,me,PRO:pers:obj:1:sg:unb,1827,35,Prn,je|moi,IS|T,"[('VfinGrp', '&'), ('Prn', 'c'), ('Vfin', '')]",c,PRO:pers,99
293,60,3,mena,mena,VER:simp:3:sg,1828,35,Vfin,mener,+MI,"[('VfinGrp', '&'), ('Vfin', ''), ('PreN', '')]",,VER,99
294,60,4,au,au,PREDET:a:obj:masc:sg,1829,35,Pre+Det,a+le|le,S|C,"[('PreN', ''), ('Pre+Det', ''), ('N', '')]",,PREDET:a,99
295,60,5,roy,roy,NOM:obj:masc:sg,1830,35,N,roi,C,#,,NOM,99
296,61,1,je,je,PRO:pers:suj:1:sg:unb,1865,35,Prn,je,CIST,"[('VfinGrp', ''), ('Prn', 's'), ('Prn', '')]",s,PRO:pers,103
297,61,2,vous,vous,PRO:pers:2:pl,1866,35,Prn,ous2|vos1,T|S,"[('VfinGrp', ''), ('Prn', ''), ('Vfin', '')]",,PRO:pers,103
298,61,3,veil,veil,VER:pres:1:sg,1867,35,Vfin,voloir,+Z,"[('VfinGrp', ''), ('Vfin', ''), ('VinfGrp', 'c')]",,VER,103
299,61,4,demander,demander,VER:infi,1868,35,Vinf,demander|dementer,+IT|+M,"[('VinfGrp', 'c'), ('Vinf', ''), ('SubVfin', 'c')]",,VER,103
300,62,1,se,se,PROCON,1969,36,Sub,se,C,"[('SubVfin', ''), ('Sub', ''), ('Prn', 's')]",,PROCON,107
301,62,2,je,je,PRO:pers:suj:1:sg:unb,1970,36,Prn,je,CIST,"[('SubVfin', ''), ('Prn', 's'), ('Prn', '')]",s,PRO:pers,107
302,62,3,me,me,PRO:pers:obj:1:sg:unb,1971,36,Prn,je|moi,IS|T,"[('SubVfin', ''), ('Prn', ''), ('Vfin', '')]",,PRO:pers,107
303,62,4,vest,vest,VER:pres:1:sg,1972,36,Vfin,aler|vestir,+M|+IM,"[('SubVfin', ''), ('Vfin', ''), ('PreAdj', '')]",,VER,107
304,62,5,de,de,PRE,1973,36,Pre,de,+CIST,"[('PreAdj', ''), ('Pre', ''), ('Adj', '')]",,PRE,107
305,62,6,vert,vert,ADJ:obj:masc:sg,1974,36,Adj,vert,+IT,"[('PreAdj', ''), ('Adj', ''), ('PreAdj', '&')]",,ADJ,107
306,63,1,et,et,CON:coord,2017,36,Crd,et,ST,"[('VfinGrp', '&'), ('Crd', ''), ('Crd', '')]",,CON:coord,108
307,63,2,et,et,CON:coord,2018,36,Crd,et,ST,"[('VfinGrp', '&'), ('Crd', ''), ('Vfin', '')]",,CON:coord,108
308,63,3,estes,estes,VER:pres:2:pl,2019,36,Vfin,ester|estre1,+M|+I,"[('VfinGrp', '&'), ('Vfin', ''), ('Vpp', '')]",,VER,108
309,63,4,vestu,vestu,VER:pper:masc:sg,2020,36,Vpp,vestir,+IM,"[('VfinGrp', '&'), ('Vpp', ''), ('PreN', '')]",,VER,108
310,64,1,et,et,CON:coord,2032,36,Crd,et,ST,"[('VfinGrp', ''), ('Crd', ''), ('Adv', '')]",,CON:coord,109
311,64,2,lors,lors,ADV,2033,36,Adv,lors,+CIT,"[('VfinGrp', ''), ('Adv', ''), ('Prn', 's')]",,ADV,109
312,64,3,je,je,PRO:pers:suj:1:sg:unb,2034,36,Prn,je,CIST,"[('VfinGrp', ''), ('Prn', 's'), ('Vfin', '')]",s,PRO:pers,109
313,64,4,pris,pris,VER:simp:1:sg,2035,36,Vfin,prendre|prisier,+CMI|+IM,"[('VfinGrp', ''), ('Vfin', ''), ('NGrp', 'c')]",,VER,109
314,64,5,le,le,DET:def:obj:masc:sg,2036,36,Det,le,CST,"[('NGrp', 'c'), ('Det', ''), ('N', '')]",,DET:def,109
315,64,6,pan,pan,NOM:obj:masc:sg,2037,36,N,pain|pan1|pan2|pan3|pen,+T|+IT|+T|+T|+T,"[('NGrp', 'c'), ('N', ''), ('PreN', '')]",,NOM,109
316,65,1,et,et,CON:coord,2041,36,Crd,et,ST,"[('PreN', '&'), ('Crd', ''), ('Pre+Det', '')]",,CON:coord,109
317,65,2,du,du,PREDET:de:obj:masc:sg,2042,36,Pre+Det,de+le|le,S|C,"[('PreN', '&'), ('Pre+Det', ''), ('N', '')]",,PREDET:de,109
318,65,3,seurcot,seurcot,NOM:obj:masc:sg,2043,36,N,sorcot,+T,"[('PreN', '&'), ('N', ''), ('NGrp', 'o')]",,NOM,109
319,65,4,le,le,DET:def:obj:masc:sg,2044,36,Det,le,CST,"[('NGrp', 'o'), ('Det', ''), ('N', '')]",,DET:def,109
320,65,5,roy,roy,NOM:obj:masc:sg,2045,36,N,roi,C,"[('VfinGrp', ''), ('NGrp', 'c'), ('VfinGrp', '&')]",,NOM,109
321,66,1,entreprist,entreprist,VER:simp:3:sg,2064,36,Vfin,entreprendre,+I,"[('VfinGrp', ''), ('Vfin', ''), ('PreVinf', '')]",,VER,110
322,66,2,a,a,PRE,2065,36,Pre,a3|a,+T|CGIS,"[('PreVinf', ''), ('Pre', ''), ('Vinf', '')]",,PRE,110
323,66,3,deffendre,deffendre,VER:infi,2066,36,Vinf,defendre,*+I,"[('PreVinf', ''), ('Vinf', ''), ('NGrp', 'c')]",,VER,110
324,67,1,et,et,CON:coord,2114,37,Crd,et,ST,"[('VfinGrp', '&'), ('Crd', ''), ('Vfin', '')]",,CON:coord,112
325,67,2,mist,mist,VER:simp:3:sg,2115,37,Vfin,manoir|metre|mettre,M|CIM|M,"[('VfinGrp', '&'), ('Vfin', ''), ('NGrp', 'c')]",,VER,112
326,67,3,la,la,DET:def:obj:femi:sg,2116,37,Det,le,CST,"[('NGrp', 'c'), ('Det', ''), ('N', '')]",,DET:def,112
327,67,4,main,main,NOM:obj:femi:sg,2117,37,N,main2|main3,+IT|+T,"[('VfinGrp', '&'), ('NGrp', 'c'), ('PreN', '')]",,NOM,112
328,67,5,a,a,PRE,2118,37,Pre,a3|a,+T|CGIS,"[('PreN', ''), ('Pre', ''), ('N', '')]",,PRE,112
329,67,6,terre,terre,NOM:obj:femi:sg,2119,37,N,terre,+CIT,"[('VfinGrp', ''), ('VfinGrp', '&'), ('VfinGrp', '&')]",,NOM,112
330,68,1,ha,ha,EXC,2143,37,Exc,a2|hay!,+T|+T,"[('VfinGrp', ''), ('Exc', ''), ('N', '')]",,INT,112
331,68,2,sire,sire,NOM:suj:masc:sg,2144,37,N,seignor|sire2,+CIT|+T,"[('VfinGrp', ''), ('N', ''), ('VfinGrp', 'inc')]",,NOM,112
332,68,3,",",",",PON,2145,37,Pnc,",",,,,PON,112
333,68,4,"""","""",PON:cit,2146,37,Pnc,QUOTED,,,,PON:cit,112
334,68,5,firent,firent,VER:simp:3:pl,2147,37,Vfin,faire|feire,+CMI|M,"[('VfinGrp', 'inc'), ('Vfin', ''), ('Prn', 's')]",,VER,112
335,68,6,-,-,PON,2148,37,Pnc,-,,,,PON,112
336,68,7,il,il,PRO:pers:suj:3:masc:pl,2149,37,Prn,il,CIST,"[('VfinGrp', ''), ('VfinGrp', 'inc'), ('Prn', 's')]",s,PRO:pers,112
337,69,1,apres,aprés,PRE,2200,37,Pre,apres|après,C|IdSTd,"[('PrePrn', ''), ('Pre', ''), ('Prn', '')]",,PRE,115
338,69,2,moy,moy,PRO:pers:obj:1:sg:bet,2201,37,Prn,je,S,"[('VfinGrp', ''), ('VinfGrp', 'c'), ('VfinGrp', '&')]",,PRO:pers,115
339,69,3,",",",",PON,2202,37,Pnc,",",,,,PON,115
340,69,4,et,et,CON:coord,2203,37,Crd,et,ST,"[('VfinGrp', '&'), ('Crd', ''), ('Prn', '')]",,CON:coord,115
341,69,5,leur,leur,PRO:pers:dat:3:pl,2204,37,Prn,il|lor2,CT|S,"[('VfinGrp', '&'), ('Prn', ''), ('Vfin', '')]",,PRO:pers,115
342,69,6,dit,dit,VER:simp:3:sg,2205,37,Vfin,dire,+CMI,#,,VER,115
343,70,1,quant,quant,ADV,2213,37,Sub,cant,CI,"[('SubVfin', ''), ('Sub', ''), ('Prn', 's')]",,ADV,115
344,70,2,vous,vous,PRO:pers:2:pl,2214,37,Prn,ous2|vos1,T|S,"[('SubVfin', ''), ('Prn', 's'), ('Vfin', '')]",s,PRO:pers,115
345,70,3,estes,estes,VER:pres:2:pl,2215,37,Vfin,ester|estre1,+M|+I,"[('SubVfin', ''), ('Vfin', ''), ('NGrp', 'a')]",,VER,115
346,70,4,mes,mes,DET:poss:suj:masc:pl,2216,37,Det,mon1|mon,S|C,"[('NGrp', 'a'), ('Det', ''), ('N', '')]",,DET:poss,115
347,70,5,filz,filz,NOM:suj:masc:pl,2217,37,N,fil1|fil2|fils2,+I|+IT|+T,"[('SubVfin', ''), ('NGrp', 'a'), ('VfinGrp', '&')]",,NOM,115
348,71,1,vous,vous,PRO:pers:2:pl,2339,38,Prn,ous2|vos1,T|S,"[('SubVfin', ''), ('Prn', 'c'), ('Prn', '')]",c,PRO:pers,119
349,71,2,en,en,PRO:clit,2340,38,Prn,en2|en,S|C,"[('SubVfin', ''), ('Prn', ''), ('Vfin', '')]",,PRO:clit,119
350,71,3,ameront,ameront,VER:futu:3:pl,2341,38,Vfin,amer1,+Z,"[('SubVfin', ''), ('Vfin', ''), ('Adv', '')]",,VER,119
351,71,4,miex,miex,ADV,2342,38,Adv,mieus,*I,"[('SubVfin', ''), ('Adv', ''), ('VfinGrp', '&')]",,ADV,119
352,72,1,vous,vous,PRO:pers:2:pl,2346,38,Prn,ous2|vos1,T|S,"[('VfinGrp', '&'), ('Prn', ''), ('Prn', '')]",,PRO:pers,119
353,72,2,en,en,PRO:clit,2347,38,Prn,en2|en,S|C,"[('VfinGrp', '&'), ('Prn', ''), ('Vfin', '')]",,PRO:clit,119
354,72,3,priseront,priseront,VER:futu:3:pl,2348,38,Vfin,prisier,*+M,"[('VfinGrp', '&'), ('Vfin', ''), ('Adv', '')]",,VER,119
355,72,4,plus,plus,ADV,2349,38,Adv,plus,CI,#,,ADV,119
356,73,1,on,on,PRO:invar,2358,38,Prn,on,CS,"[('VfinGrp', ''), ('Prn', 's'), ('Prn', '')]",s,PRO:invar,120
357,73,2,se,se,PROCON,2359,38,Prn,se,C,"[('VfinGrp', ''), ('Prn', ''), ('Vfin', '')]",,PROCON,120
358,73,3,doit,doit,VER:pres:3:sg,2360,38,Vfin,devoir|dire,+CMI|+M,"[('VfinGrp', ''), ('Vfin', ''), ('VinfGrp', 'c')]",,VER,120
359,73,4,assemer,assemer,VER:infi,2361,38,Vinf,acesmer,*+M,"[('VinfGrp', 'c'), ('Vinf', ''), ('PreN', '')]",,VER,120
360,74,1,en,en,PRE,2362,38,Pre,en1|en,+IST|CI,"[('PreN', ''), ('Pre', ''), ('N', '')]",,PRE,120
361,74,2,robes,robes,NOM:obj:femi:pl,2363,38,N,robe,+I,"[('PreN', ''), ('N', ''), ('PreN', '&')]",,NOM,120
362,74,3,et,et,CON:coord,2364,38,Crd,et,ST,"[('PreN', '&'), ('Crd', ''), ('Pre', '')]",,CON:coord,120
363,74,4,en,en,PRE,2365,38,Pre,en1|en,+IST|CI,"[('PreN', '&'), ('Pre', ''), ('N', '')]",,PRE,120
364,74,5,armes,armes,NOM:obj:femi:pl,2366,38,N,ame|arme,+C|+I,"[('VinfGrp', 'c'), ('PreN', ''), ('PreN', '')]",,NOM,120
365,75,1,de,de,PRE,2428,39,Pre,de,+CIST,"[('PreN', ''), ('Pre', ''), ('N', '')]",,PRE,122
366,75,2,cypre,cypre,NPR:obj:femi:sg,2429,39,N,chypre,Z,"[('SubVfin', 'c'), ('PreN', ''), ('PreN', '')]",,NPR,122
367,75,3,par,par,PRE,2430,39,Pre,par,CIS,"[('PreN', ''), ('Pre', ''), ('Det', '')]",,PRE,122
368,75,4,un,un,DET:ndf:obj:masc:sg,2431,39,Det,un,CS,"[('PreN', ''), ('Det', ''), ('N', '')]",,DET:ndf,122
369,75,5,vent,vent,NOM:obj:masc:sg,2432,39,N,vent,+IT,"[('PreN', ''), ('N', ''), ('SubVfin', '')]",,NOM,122
370,76,1,par,par,PRE,2430,39,Pre,par,CIS,"[('PreN', ''), ('Pre', ''), ('Det', '')]",,PRE,122
371,76,2,un,un,DET:ndf:obj:masc:sg,2431,39,Det,un,CS,"[('PreN', ''), ('Det', ''), ('N', '')]",,DET:ndf,122
372,76,3,vent,vent,NOM:obj:masc:sg,2432,39,N,vent,+IT,"[('PreN', ''), ('N', ''), ('SubVfin', '')]",,NOM,122
373,76,4,qui,qui,PROCON,2433,39,Sub,qui,CST,"[('SubVfin', ''), ('Sub', 's'), ('Vfin', '')]",s,PROCON,122
374,76,5,a,a,VER:pres:3:sg,2434,39,Vfin,a3|a,+T|CGIS,"[('SubVfin', ''), ('Vfin', ''), ('N', 'c')]",,PRE,122
375,76,6,non,non,NOM:obj:masc:sg,2435,39,N,nom,+CIT,"[('SubVfin', ''), ('N', 'c'), ('N', 'a')]",c,NOM,122
376,77,1,furent,furent,VER:simp:3:pl,2456,39,Vfin,estre1|estre,+I|CMI,"[('VfinGrp', ''), ('Vfin', ''), ('NGrp', 's')]",,VER,123
377,77,2,li,li,DET:def:suj:masc:pl,2457,39,Det,le,CST,"[('NGrp', 's'), ('Det', ''), ('N', '')]",,DET:def,123
378,77,3,notonnier,notonnier,NOM:suj:masc:pl,2458,39,N,notonier,*+IT,"[('VfinGrp', ''), ('NGrp', 's'), ('VppGrp', 's')]",,NOM,123
379,78,1,en,en,PRE,2493,39,Pre,en1|en,+IST|CI,"[('PreN', ''), ('Pre', ''), ('N', '')]",,PRE,124
380,78,2,croiz,croiz,NOM:obj:femi:sg,2494,39,N,croiz,+CIT,"[('VinfGrp', 'c'), ('PreN', ''), ('PreN', '')]",,NOM,124
381,78,3,devant,devant,PRE,2495,39,Pre,devant,IST,"[('PreN', ''), ('Pre', ''), ('Det', '')]",,PRE,124
382,78,4,le,le,DET:def:obj:masc:sg,2496,39,Det,le,CST,"[('PreN', ''), ('Det', ''), ('N', '')]",,DET:def,124
383,78,5,cors,cors,NOM:obj:masc:sg,2497,39,N,cors1|cors2,+IT|+IT,"[('PreN', ''), ('N', ''), ('NGrp', 'o')]",,NOM,124
384,79,1,ore,ore,ADV,2533,40,Adv,or4|or,+IT|I,"[('VfinGrp', ''), ('Adv', ''), ('Prn', '')]",,ADV,125
385,79,2,nous,nous,PRO:pers:1:pl,2534,40,Prn,nos1|nos,S|C,"[('VfinGrp', ''), ('Prn', ''), ('Vfin', '')]",,PRO:pers,125
386,79,3,a,a,VER:pres:3:sg,2535,40,Vfin,avoir,+CMI,"[('VfinGrp', ''), ('Vfin', ''), ('Vpp', '')]",,VER,125
387,79,4,moustré,moustré,VER:pper:masc:sg,2536,40,Vpp,mostrer,*+I,"[('VfinGrp', ''), ('Vpp', ''), ('N', 's')]",,VER,125
388,80,1,de,de,PRE,2563,40,Pre,de,+CIST,"[('PreN', ''), ('Pre', ''), ('N', '')]",,PRE,126
389,80,2,france,france,NPR:obj:femi:sg,2564,40,N,france,CI|Z,"[('NGrp', 'c'), ('PreN', ''), ('NGrp', '&')]",,NPR,126
390,80,3,",",",",PON,2565,40,Pnc,",",,,,PON,126
391,80,4,ses,ses,DET:poss:obj:masc:pl,2566,40,Det,son4|son,S|C,"[('NGrp', '&'), ('Det', ''), ('N', '')]",,DET:poss,126
392,80,5,enfans,enfans,NOM:obj:masc:pl,2567,40,N,enfant,+C,"[('NGrp', 'c'), ('NGrp', '&'), ('NGrp', '&')]",,NOM,126
393,81,1,ses,ses,DET:poss:obj:masc:pl,2566,40,Det,son4|son,S|C,"[('NGrp', '&'), ('Det', ''), ('N', '')]",,DET:poss,126
394,81,2,enfans,enfans,NOM:obj:masc:pl,2567,40,N,enfant,+C,"[('NGrp', 'c'), ('NGrp', '&'), ('NGrp', '&')]",,NOM,126
395,81,3,et,et,CON:coord,2568,40,Crd,et,ST,"[('NGrp', '&'), ('Crd', ''), ('Det', '')]",,CON:coord,126
396,81,4,sa,sa,DET:poss:obj:femi:sg,2569,40,Det,son4|son,S|C,"[('NGrp', '&'), ('Det', ''), ('N', '')]",,DET:poss,126
397,81,5,femme,femme,NOM:obj:femi:sg,2570,40,N,feme,+CI,"[('NGrp', 'c'), ('NGrp', '&'), ('NGrp', '&')]",,NOM,126
398,82,1,et,et,CON:coord,2568,40,Crd,et,ST,"[('NGrp', '&'), ('Crd', ''), ('Det', '')]",,CON:coord,126
399,82,2,sa,sa,DET:poss:obj:femi:sg,2569,40,Det,son4|son,S|C,"[('NGrp', '&'), ('Det', ''), ('N', '')]",,DET:poss,126
400,82,3,femme,femme,NOM:obj:femi:sg,2570,40,N,feme,+CI,"[('NGrp', 'c'), ('NGrp', '&'), ('NGrp', '&')]",,NOM,126
401,82,4,et,et,CON:coord,2571,40,Crd,et,ST,"[('NGrp', '&'), ('Crd', ''), ('Det', '')]",,CON:coord,126
402,82,5,ses,ses,DET:poss:obj:femi:pl,2572,40,Det,son4|son,S|C,"[('NGrp', '&'), ('Det', ''), ('N', '')]",,DET:poss,126
403,82,6,gens,gens,NOM:obj:femi:pl,2573,40,N,gent1|giens,+I|+T,"[('VinfGrp', 'c'), ('NGrp', 'c'), ('Vpp', '')]",,NOM,126
404,83,1,or,or,ADV,2576,40,Adv,or4|or,+IT|CI,"[('VfinGrp', ''), ('Adv', ''), ('Vfin', '')]",,ADV,127
405,83,2,dit,dit,VER:pres:3:sg,2577,40,Vfin,dire,+CMI,"[('VfinGrp', ''), ('Vfin', ''), ('NGrp', 's')]",,VER,127
406,83,3,saint,saint,ADJ:suj:masc:sg,2578,40,Adj,saint1|saint,T|CI,"[('NGrp', 's'), ('Adj', ''), ('N', '')]",,ADJ,127
407,83,4,anciaumes,anciaumes,NPR:suj:masc:sg,2579,40,N,UNKNOWN,,"[('VfinGrp', ''), ('NGrp', 's'), ('SubVfin', 'c')]",,NPR,127
408,84,1,que,que,PROCON,2580,40,Sub,que2|que3|que,T|S|C,"[('SubVfin', 'c'), ('Sub', ''), ('Prn', 's')]",,PROCON,127
409,84,2,ce,ce,PRO:invar,2581,40,Prn,ce1|ce,S|C,"[('SubVfin', 'c'), ('Prn', 's'), ('Vfin', '')]",s,PRO:invar,127
410,84,3,sont,sont,VER:pres:3:pl,2582,40,Vfin,estre1|estre,+I|CMI,"[('SubVfin', 'c'), ('Vfin', ''), ('PreN', 'a')]",,VER,127
411,84,4,des,des,PREDET:de:obj:femi:pl,2583,40,Pre+Det,de+le|le,S|C,"[('PreN', 'a'), ('Pre+Det', ''), ('N', '')]",,PREDET:de,127
412,84,5,menaces,menaces,NOM:obj:femi:pl,2584,40,N,menace,+I,"[('PreN', 'a'), ('N', ''), ('NGrp', 'o')]",,NOM,127
413,85,1,aussi,aussi,ADV,2588,40,Adv,aussi,+CIT,"[('AdvSubSubVfin', ''), ('Adv', ''), ('SubSubVfin', '')]",,ADV,127
414,85,2,comme,comme,CON:subord,2589,40,Sub,come1|come,*I|CI,"[('SubSubVfin', ''), ('Sub', ''), ('SubVfin', '')]",,CON:subord,127
415,85,3,se,se,PROCON,2590,40,Sub,se|soi1,S=C,"[('SubVfin', ''), ('Sub', ''), ('N', 's')]",,DET:poss,127
416,85,4,diex,diex,NOM:suj:masc:sg,2591,40,N,dieu,*+CIT,"[('SubVfin', ''), ('N', 's'), ('Vfin', '')]",s,NOM,127
417,86,1,sire,sire,NOM:suj:masc:sg,2608,40,N,seignor|sire2,+CIT|+T,"[('SubVfin', 'q'), ('N', ''), ('N', '')]",,NOM,129
418,86,2,dieu,dieu,NOM:suj:masc:sg,2609,40,N,dieu,+CIT,"[('SubVfin', 'q'), ('N', ''), ('VfinGrp', 'inc')]",,NOM,129
419,86,3,",",",",PON,2610,40,Pnc,",",,,,PON,129
420,86,4,fait,fait,VER:pres:3:sg,2611,40,Vfin,faire|farre,+CMI|M,"[('VfinGrp', 'inc'), ('Vfin', ''), ('DetAdj', 's')]",,VER,129
421,86,5,li,li,DET:def:suj:masc:sg,2612,40,Det,le,CST,"[('DetAdj', 's'), ('Det', ''), ('Adj', '')]",,DET:def,129
422,86,6,sains,sains,ADJ:suj:masc:sg,2613,40,Adj,sain,+I,"[('SubVfin', 'q'), ('VfinGrp', 'inc'), ('PreSub+Sub', '')]",,ADJ,129
423,87,1,ne,ne,PROCON,2635,40,Crd,ni,C,"[('PreN', '&'), ('Crd', ''), ('Pre', '')]",,PROCON,130
424,87,2,pour,pour,PRE,2636,40,Pre,por2|por,+ST|C,"[('PreN', '&'), ('Pre', ''), ('Det', '')]",,PRE,130
425,87,3,ton,ton,DET:poss:obj:masc:sg,2637,40,Det,ton4,S,"[('PreN', '&'), ('Det', ''), ('N', '')]",,DET:poss,130
426,87,4,avantage,avantage,NOM:obj:masc:sg,2638,40,N,avantage,+IT,#,,NOM,130
427,88,1,mes,mes,CON:subord,2680,40,Crd,UNKNOWN,,"[('PreN', '&'), ('Crd', ''), ('Pre', '')]",,CON:subord,132
428,88,2,pour,pour,PRE,2681,40,Pre,por2|por,+ST|C,"[('PreN', '&'), ('Pre', ''), ('Det', '')]",,PRE,132
429,88,3,nostre,nostre,DET:poss:obj:masc:sg,2682,40,Det,nostre,CS,"[('PreN', '&'), ('Det', ''), ('N', '')]",,DET:poss,132
430,88,4,profit,profit,NOM:obj:masc:sg,2683,40,N,porfit2,T,"[('VfinGrp', ''), ('PreN', 'a'), ('SubVfin', '')]",,NOM,132
431,89,1,se,se,PROCON,2685,40,Sub,se,C,"[('SubVfin', ''), ('Sub', ''), ('Prn', 's')]",,PROCON,132
432,89,2,nous,nous,PRO:pers:1:pl,2686,40,Prn,nos1|nos,S|C,"[('SubVfin', ''), ('Prn', 's'), ('Prn', 'c')]",s,PRO:pers,132
433,89,3,le,le,PRO:pers:obj:3:masc:sg:unb,2687,40,Prn,il,CIST,"[('SubVfin', ''), ('Prn', 'c'), ('Vfin', '')]",c,PRO:pers,132
434,89,4,savons,savons,VER:pres:1:pl,2688,40,Vfin,savoir,+IM,"[('SubVfin', ''), ('Vfin', ''), ('VinfGrp', 'c')]",,VER,132
435,89,5,mettre,mettre,VER:infi,2689,40,Vinf,manumettre|metre|mettre,M|IMMd|M,"[('VinfGrp', 'c'), ('Vinf', ''), ('PreN', '')]",,VER,132
436,90,1,hastivement,hastivement,ADV,2746,41,Adv,hastivement,I,"[('VinfGrp', 'c'), ('Adv', ''), ('PreVinf', '')]",,ADV,134
437,90,2,du,du,PREDET:de:obj:masc:sg,2747,41,Pre+Det,de+le|le,S|C,"[('PreVinf', ''), ('Pre+Det', ''), ('Vinf', '')]",,PREDET:de,134
438,90,3,prenre,prenre,VER:infi,2748,41,Vinf,prendre|prenre,+M|M,#,,VER,134
439,91,1,nous,nous,PRO:pers:1:pl,2759,41,Prn,nos1|nos,S|C,"[('VfinGrp', ''), ('Prn', ''), ('Vfin', '')]",,PRO:pers,135
440,91,2,donra,donra,VER:futu:3:sg,2760,41,Vfin,doner,+CIM,"[('VfinGrp', ''), ('Vfin', ''), ('AdvSubVfin', 'c')]",,VER,135
441,91,3,plus,plus,ADV,2761,41,Adv,plus,CI,"[('AdvSubVfin', 'c'), ('Adv', ''), ('PreN', '')]",,ADV,135
442,91,4,de,de,PRE,2762,41,Pre,de,+CIST,"[('PreN', ''), ('Pre', ''), ('N', '')]",,PRE,135
443,91,5,bien,bien,NOM:obj:masc:sg,2763,41,N,bien1|bien2|bien,+IT|C|I,"[('VfinGrp', ''), ('AdvSubVfin', 'c'), ('PreN', '')]",,ADV,135
444,92,1,en,en,PRE,2764,41,Pre,en1|en,+IST|CI,"[('PreN', ''), ('Pre', ''), ('Det', '')]",,PRE,135
445,92,2,cest,cest,DET:demo:obj:masc:sg,2765,41,Det,cest,CS,"[('PreN', ''), ('Det', ''), ('N', '')]",,DET:demo,135
446,92,3,siecle,siecle,NOM:obj:masc:sg,2766,41,N,seule|siecle,+T|+IT,"[('PreN', ''), ('N', ''), ('PreAdj', '&')]",,NOM,135
447,92,4,",",",",PON,2767,41,Pnc,",",,,,PON,135
448,92,5,et,et,CON:coord,2768,41,Crd,et,ST,"[('PreAdj', '&'), ('Crd', ''), ('Pre', '')]",,CON:coord,135
449,92,6,en,en,PRE,2769,41,Pre,en1|en,+IST|CI,"[('PreAdj', '&'), ('Pre', ''), ('Det', '')]",,PRE,135
450,92,7,l,l',DET:def:obj:masc:sg,2770,41,Det,le,CS,"[('PreAdj', '&'), ('Det', ''), ('Adj', '')]",,DET:def,135
451,92,8,autre,autre,ADJ:obj:masc:sg,2771,41,Adj,autre,CIId,"[('VfinGrp', ''), ('PreN', ''), ('AdvSubVfin', 'c')]",,ADJ,135
452,93,1,a,a,PRE,2796,41,Pre,a3|a,+T|CGIS,"[('PreN', ''), ('Pre', ''), ('Det', '')]",,PRE,136
453,93,2,son,son,DET:poss:obj:masc:sg,2797,41,Det,son4|son,S|C,"[('PreN', ''), ('Det', ''), ('Adj', '')]",,DET:poss,136
454,93,3,mauvais,mauvais,ADJ:obj:masc:sg,2798,41,Adj,mauvais,+IT,"[('PreN', ''), ('Adj', ''), ('N', '')]",,ADJ,136
455,93,4,sergant,sergant,NOM:obj:masc:sg,2799,41,N,serjant,+T,#,,NOM,136
456,94,1,car,car,CON:coord,2801,41,Crd,car,ST,"[('VfinGrp', ''), ('Crd', ''), ('PreN', '')]",,CON:coord,137
457,94,2,apres,aprés,PRE,2802,41,Pre,apres|après,C|IdSTd,"[('PreN', ''), ('Pre', ''), ('Det', '')]",,PRE,137
458,94,3,la,la,DET:def:obj:femi:sg,2803,41,Det,le,CST,"[('PreN', ''), ('Det', ''), ('N', '')]",,DET:def,137
459,94,4,menace,menace,NOM:obj:femi:sg,2804,41,N,menace,+IT,"[('VfinGrp', ''), ('PreN', ''), ('SubVfin', '')]",,NOM,137
460,95,1,quant,quant,ADV,2806,41,Sub,cant,CI,"[('SubVfin', ''), ('Sub', ''), ('NGrp', 's')]",,ADV,137
461,95,2,le,le,DET:def:suj:masc:sg,2807,41,Det,le,CST,"[('NGrp', 's'), ('Det', ''), ('Adj', '')]",,DET:def,137
462,95,3,mauvais,mauvais,ADJ:suj:masc:sg,2808,41,Adj,mauvais,+IT,"[('NGrp', 's'), ('Adj', ''), ('N', '')]",,ADJ,137
463,95,4,serjant,serjant,NOM:suj:masc:sg,2809,41,N,serjant,+IT,"[('SubVfin', ''), ('NGrp', 's'), ('Adv', '')]",,NOM,137
464,96,1,ne,ne,PRO:clit,2810,41,Neg,en2|ne,S|C,"[('SubVfin', ''), ('Adv', ''), ('Prn', 'c')]",,PRO:clit,137
465,96,2,se,se,PROCON,2811,41,Prn,se,C,"[('SubVfin', ''), ('Prn', 'c'), ('Vfin', '')]",c,PROCON,137
466,96,3,veut,veut,VER:pres:3:sg,2812,41,Vfin,vëoir,+IdMMd,"[('SubVfin', ''), ('Vfin', ''), ('Vinf', '')]",,VER,137
467,96,4,amender,amender,VER:infi,2813,41,Vinf,amender,+IT,"[('VfinGrp', ''), ('SubVfin', ''), ('NGrp', 's')]",,VER,137
468,97,1,qui,qui,PROCON,2826,41,Sub,qui,CST,"[('SubVfin', ''), ('Sub', 's'), ('AdvSubN', 'c')]",s,PROCON,137
469,97,2,piz,piz,ADV,2827,41,Adv,piz|poiz,+IT|+T,"[('SubVfin', ''), ('AdvSubN', 'c'), ('Vfin', '')]",,NOM,137
470,97,3,valent,valent,VER:pres:3:pl,2828,41,Vfin,valoir,+MI,"[('SubVfin', ''), ('Vfin', ''), ('AdvSubN', 'c')]",,VER,137
471,97,4,que,que,PROCON,2829,41,Sub,que2|que3|que,T|S|C,"[('SubN', ''), ('Sub', ''), ('N', '')]",,PROCON,137
472,97,5,mort,mort,NOM:suj:femi:sg,2830,41,N,mordre1|morir,+I|+IT,#,,VER,137
473,98,1,car,car,CON:coord,2843,42,Crd,car,ST,"[('VfinGrp', '+'), ('Crd', ''), ('Prn', 's')]",,CON:coord,138
474,98,2,il,il,PRO:pers:suj:3:masc:sg:unb,2844,42,Prn,il,CIST,"[('VfinGrp', '+'), ('Prn', 's'), ('Vfin', '')]",s,PRO:pers,138
475,98,3,est,est,VER:pres:3:sg,2845,42,Vfin,ester|estre1,+M|+I,"[('VfinGrp', '+'), ('Vfin', ''), ('Vpp', '')]",,VER,138
476,98,4,eschapé,eschapé,VER:pper:masc:sg,2846,42,Vpp,eschaper,+IM,"[('VfinGrp', '+'), ('Vpp', ''), ('PreN', '')]",,VER,138
477,99,1,de,de,PRE,2847,42,Pre,de,+CIST,"[('PreN', ''), ('Pre', ''), ('Adv', '')]",,PRE,138
478,99,2,aussi,aussi,ADV,2848,42,Adv,aussi,+CIT,"[('PreN', ''), ('Adv', ''), ('Adj', '')]",,ADV,138
479,99,3,grant,grant,ADJ:obj:masc:sg,2849,42,Adj,grant,+CIT,"[('PreN', ''), ('Adj', ''), ('N', '')]",,ADJ,138
480,99,4,peril,peril,NOM:obj:masc:sg,2850,42,N,peril,+IT,"[('PreN', ''), ('N', ''), ('PreAdv', '&')]",,NOM,138
481,100,1,ou,ou,PROCON,2851,42,Crd,o|où,C|Td,"[('PreAdv', '&'), ('Crd', ''), ('Pre', '')]",,PROCON,138
482,100,2,de,de,PRE,2852,42,Pre,de,+CIST,"[('PreAdv', '&'), ('Pre', ''), ('Adv', '')]",,PRE,138
483,100,3,plus,plus,ADV,2853,42,Adv,plus,CI,"[('PreN', ''), ('PreAdv', '&'), ('SubVfin', '')]",,ADV,138
484,100,4,que,que,PROCON,2854,42,Sub,que2|que3|que,T|S|C,"[('SubVfin', ''), ('Sub', ''), ('Prn', 's')]",,PROCON,138
485,100,5,nous,nous,PRO:pers:1:pl,2855,42,Prn,nos1|nos,S|C,"[('SubVfin', ''), ('Prn', 's'), ('Vfin', '')]",s,PRO:pers,138
486,100,6,feimes,feimes,VER:simp:1:pl,2856,42,Vfin,faire|farre|feire,+IdMMd|M|Md,#,,VER,138
487,101,1,que,que,PROCON,2902,43,Sub,que2|que3|que,T|S|C,"[('SubVfin', ''), ('Sub', 'c'), ('N', 's')]",c,PROCON,140
488,101,2,dieu,dieu,NOM:suj:masc:sg,2903,43,N,dieu,+CIT,"[('SubVfin', ''), ('N', 's'), ('Prn', '')]",s,NOM,140
489,101,3,nous,nous,PRO:pers:1:pl,2904,43,Prn,nos1|nos,S|C,"[('SubVfin', ''), ('Prn', ''), ('Vfin', '')]",,PRO:pers,140
490,101,4,a,a,VER:pres:3:sg,2905,43,Vfin,avoir,+CMI,"[('SubVfin', ''), ('Vfin', ''), ('Vpp', '')]",,VER,140
491,101,5,donnee,donnee,VER:pper:femi:sg,2906,43,Vpp,doner,+C,"[('VfinGrp', ''), ('PreVinf', ''), ('AdvSubVfin', '')]",,VER,140
492,102,1,de,de,PRE,2925,43,Pre,de,+CIST,"[('PreN', ''), ('Pre', ''), ('Det', '')]",,PRE,141
493,102,2,la,la,DET:def:obj:femi:sg,2926,43,Det,le,CST,"[('PreN', ''), ('Det', ''), ('N', '')]",,DET:def,141
494,102,3,foy,foy,NOM:obj:femi:sg,2927,43,N,foi,+C,"[('VinfGrp', 'c'), ('NGrp', 'c'), ('SubVfin', '')]",,NOM,141
495,102,4,",",",",PON,2928,43,Pnc,",",,,,PON,141
496,102,5,que,que,PROCON,2929,43,Sub,que2|que3|que,T|S|C,"[('SubVfin', ''), ('Sub', ''), ('PreN', '')]",,PROCON,141
497,102,6,pour,pour,PRE,2930,43,Pre,por2|por,+ST|C,"[('PreN', ''), ('Pre', ''), ('N', '')]",,PRE,141
498,102,7,mort,mort,NOM:obj:femi:sg,2931,43,N,mort,+CIT,"[('PreN', ''), ('N', ''), ('PreN', '&')]",,NOM,141
499,103,1,qui,qui,PROCON,2935,43,Sub,qui,CST,"[('SubVfin', ''), ('Sub', 's'), ('Vfin', '')]",s,PROCON,141
500,103,2,avenist,avenist,VER:subi:3:sg,2936,43,Vfin,avenir,+I,"[('SubVfin', ''), ('Vfin', ''), ('PreN', '')]",,VER,141
501,103,3,au,au,PREDET:a:obj:masc:sg,2937,43,Pre+Det,a+le|le,S|C,"[('PreN', ''), ('Pre+Det', ''), ('N', '')]",,PREDET:a,141
502,103,4,cors,cors,NOM:obj:masc:sg,2938,43,N,cors1|cors2,+IT|+IT,"[('SubVfin', ''), ('PreN', ''), ('Sub', '')]",,NOM,141
503,104,1,encontre,encontre,PRE,2948,43,Pre,encontre1|encontre,IST|CI,"[('PreVinf', ''), ('Pre', ''), ('PreN', '')]",,PRE,141
504,104,2,par,par,PRE,2949,43,Pre,par,CIS,"[('PreN', ''), ('Pre', ''), ('N', '')]",,PRE,141
505,104,3,parole,parole,NOM:obj:femi:sg,2950,43,N,parole,+IT,"[('PreN', ''), ('N', ''), ('PreN', '&')]",,NOM,141
506,105,1,que,que,PROCON,2963,43,Sub,que2|que3|que,T|S|C,"[('SubVfin', ''), ('Sub', ''), ('SubVfin', '')]",,PROCON,142
507,105,2,",",",",PON,2964,43,Pnc,",",,,,PON,142
508,105,3,quant,quant,ADV,2965,43,Sub,cant,CI,"[('SubVfin', ''), ('Sub', ''), ('NGrp', 's')]",,ADV,142
509,105,4,les,les,DET:def:suj:femi:pl,2966,43,Det,le,CST,"[('NGrp', 's'), ('Det', ''), ('N', '')]",,DET:def,142
510,105,5,gens,gens,NOM:suj:femi:pl,2967,43,N,gent1|giens,+I|+T,"[('SubVfin', ''), ('NGrp', 's'), ('Prn', '')]",,NOM,142
511,105,6,se,se,PROCON,2968,43,Prn,se,C,"[('SubVfin', ''), ('Prn', ''), ('Vfin', '')]",,PROCON,142
512,105,7,meurent,meurent,VER:pres:3:pl,2969,43,Vfin,mëurer,*+Td,"[('SubVfin', ''), ('SubVfin', ''), ('Prn', 's')]",,VER,142
513,106,1,que,que,PROCON,2978,43,Sub,que2|que3|que,T|S|C,"[('SubVfin', ''), ('Sub', ''), ('Prn', 's')]",,PROCON,142
514,106,2,il,il,PRO:pers:suj:3:masc:sg:unb,2979,43,Prn,il,CIST,"[('SubVfin', ''), ('Prn', 's'), ('Prn', 'c')]",s,PRO:pers,142
515,106,3,les,les,PRO:pers:acc:3:masc:pl,2980,43,Prn,il,CIST,"[('SubVfin', ''), ('Prn', 'c'), ('Vfin', '')]",c,PRO:pers,142
516,106,4,puisse,puisse,VER:subp:3:sg,2981,43,Vfin,pöoir,+I,"[('SubVfin', ''), ('Vfin', ''), ('VinfGrp', 'c')]",,VER,142
517,106,5,faire,faire,VER:infi,2982,43,Vinf,faire,+MIT,"[('VinfGrp', 'c'), ('Vinf', ''), ('VinfGrp', 'c')]",,VER,142
518,107,1,en,en,PRE,2984,43,Pre,en1|en,+IST|CI,"[('PreN', ''), ('Pre', ''), ('Det', '')]",,PRE,142
519,107,2,aucune,aucune,DET:ind:obj:femi:sg,2985,43,Det,aucun,CS,"[('PreN', ''), ('Det', ''), ('N', '')]",,DET:ind,142
520,107,3,doutance,doutance,NOM:obj:femi:sg,2986,43,N,dotance,+C,"[('PreN', ''), ('N', ''), ('PreN', '')]",,NOM,142
521,108,1,ne,ne,PRO:clit,3006,43,Neg,ni,C,"[('SubVfin', 'c'), ('Adv', ''), ('Prn', '')]",,PROCON,143
522,108,2,li,li,PRO:pers:suj:3:masc:sg:bet,3007,43,Prn,ele|il,C|CIST,"[('SubVfin', 'c'), ('Prn', ''), ('Vfin', '')]",,PRO:pers,143
523,108,3,peut,peut,VER:pres:3:sg,3008,43,Vfin,paistre|poeir|pouvoir,+M|M|M,"[('SubVfin', 'c'), ('Vfin', ''), ('Prn', 's')]",,VER,143
524,108,4,-,-,PON,3009,43,Pnc,-,,,,PON,143
525,108,5,il,il,PRO:pers:suj:3:masc:sg:unb,3010,43,Prn,il,CIST,"[('SubVfin', 'c'), ('Prn', 's'), ('Vinf', 'c')]",s,PRO:pers,143
526,108,6,tollir,tollir,VER:infi,3011,43,Vinf,tolir,+M,"[('VfinGrp', ''), ('SubVfin', 'c'), ('VfinGrp', '&')]",c,VER,143
527,109,1,et,et,CON:coord,3037,44,Crd,et,ST,"[('VinfGrp', '&'), ('Crd', ''), ('PreN', '')]",,CON:coord,144
528,109,2,en,en,PRE,3038,44,Pre,en1|en,+IST|CI,"[('PreN', ''), ('Pre', ''), ('Adj', '')]",,PRE,144
529,109,3,tele,tele,ADJ:obj:femi:sg,3039,44,Adj,tel,+CI,"[('PreN', ''), ('Adj', ''), ('N', '')]",,ADJ,144
530,109,4,maniere,maniere,NOM:obj:femi:sg,3040,44,N,maniere,+CIT,"[('VinfGrp', '&'), ('PreN', ''), ('Vinf', '')]",,NOM,144
531,110,1,et,et,CON:coord,3115,44,Crd,et,ST,"[('VfinGrp', ''), ('Crd', ''), ('SubVfin', '')]",,CON:coord,147
532,110,2,qui,qui,PROCON,3116,44,Sub,qui,CST,"[('SubVfin', ''), ('Sub', 's'), ('Adv', '')]",s,PROCON,147
533,110,3,ainsi,ainsi,ADV,3117,44,Adv,ainsi,+CIT,"[('SubVfin', ''), ('Adv', ''), ('Prn', 'c')]",,ADV,147
534,110,4,le,le,PRO:pers:obj:3:masc:sg:unb,3118,44,Prn,il,CIST,"[('SubVfin', ''), ('Prn', 'c'), ('Vfin', '')]",c,PRO:pers,147
535,110,5,fait,fait,VER:pres:3:sg,3119,44,Vfin,faire|farre,+CMI|M,"[('VfinGrp', ''), ('SubVfin', ''), ('Prn', 's')]",,VER,147
536,111,1,mezque,mezque,CON:subord,3163,45,Sub,mais,que_Z,"[('SubPreVinf', ''), ('Sub', ''), ('PreVinf', '')]",,CON:subord,148
537,111,2,par,par,PRE,3164,45,Pre,par,CIS,"[('PreVinf', ''), ('Pre', ''), ('Vinf', '')]",,PRE,148
538,111,3,oir,oïr,VER:infi,3165,45,Vinf,devoir|os3|öir,+M|+Td|+IdTd,"[('PreVinf', ''), ('Vinf', ''), ('Vinf', 'c')]",,VER,148
539,111,4,dire,dire,VER:infi,3166,45,Vinf,dire,+MIT,#,c,VER,148
540,112,1,le,le,PRO:pers:obj:3:masc:sg:unb,3223,45,Prn,il,CIST,"[('SubVfin', ''), ('Prn', 'c'), ('Prn', '')]",c,PRO:pers,152
541,112,2,m,m',PRO:pers:obj:1:sg:unb,3224,45,Prn,je,S,"[('SubVfin', ''), ('Prn', ''), ('Vfin', '')]",,PRO:pers,152
542,112,3,avoit,avoit,VER:impf:3:sg,3225,45,Vfin,avoiier|avoir,+MI|+MI,"[('SubVfin', ''), ('Vfin', ''), ('Vpp', '')]",,VER,152
543,112,4,tesmoingné,tesmoingné,VER:pper:masc:sg,3226,45,Vpp,UNKNOWN,,#,,VER,152
