wd_id,line_id,linewd,word,lex_id,textlineid,syntag,syntag2,lemma,syllabified,ref
1,1,1,dominé,dominé,1,N,N,,C/V\.C/V\.'C/(e)\,"SLéger, v. 1"
2,1,2,deu,deu,1,N,N,,C/V\,"SLéger, v. 1"
3,1,3,devemps,devemps,1,Vfin,Vfin,devoir2,C/V\.'C/V\,"SLéger, v. 1"
4,1,4,lauder,lauder,1,Vinf,Vinf,louer,C/V\.'C/V\,"SLéger, v. 1"
5,1,5,",",",",1,Pnc,Pnc,,,"SLéger, v. 1"
6,2,1,et,et,2,Crd,Crd,et,/V\,"SLéger, v. 2"
7,2,2,a,a,2,Pre,Pre,à,/V\,"SLéger, v. 2"
8,2,3,sos,sos,2,Adj,Adj,son4,C/V\,"SLéger, v. 2"
9,2,4,sancz,sancz,2,Adj,Adj,saint,C/V\,"SLéger, v. 2"
10,2,5,honor,honor,2,N,N,,/V\.'C/V\,"SLéger, v. 2"
11,2,6,porter,porter,2,Vinf,Vinf,porter,C/V\.'C/V\,"SLéger, v. 2"
12,2,7,.,.,2,Pnc,Pnc,,,"SLéger, v. 2"
13,3,1,in,in,3,Pre,Pre,en,/V\,"SLéger, v. 3"
14,3,2,su',su',3,Det,Det,son4,C/V\,"SLéger, v. 3"
15,3,3,amor,amor,3,N,N,,/V\.'C/V\,"SLéger, v. 3"
16,3,4,cantomps,cantomps,3,Vfin,Vfin,chanter,C/V\.'C/V\,"SLéger, v. 3"
17,3,5,dels,dels,3,Pre+Det,Pre+Det,de.le,C/V\,"SLéger, v. 3"
18,3,6,sanz,sanz,3,Adj,Adj,saint,C/V\,"SLéger, v. 3"
19,3,7,",",",",3,Pnc,Pnc,,,"SLéger, v. 3"
20,4,1,quæ,quæ,4,Crd,Crd,que,C/(e)\,"SLéger, v. 4"
21,4,2,por,por,4,Pre,Pre,pour,C/V\,"SLéger, v. 4"
22,4,3,lui,lui,4,Prn,Prn,lui,C/V\,"SLéger, v. 4"
23,4,4,augrent,augrent,4,Vfin,Vfin,avoir,'/V\.C/e\,"SLéger, v. 4"
24,4,5,granz,granz,4,Adj,Adj,grand,C/V\,"SLéger, v. 4"
25,4,6,aanz,aanz,4,N,N,,/(V)\.'/V\,"SLéger, v. 4"
26,4,7,;,;,4,Pnc,Pnc,,,"SLéger, v. 4"
27,5,1,et,et,5,Crd,Crd,et,/V\,"SLéger, v. 5"
28,5,2,or,or,5,Adv,Adv,or2,/V\,"SLéger, v. 5"
29,5,3,est,est,5,Vfin,Vfin,être,/V\,"SLéger, v. 5"
30,5,4,temps,temps,5,N,N,,C/V\,"SLéger, v. 5"
31,5,5,et,et,5,Crd,Crd,et,/V\,"SLéger, v. 5"
32,5,6,si,si,5,Adv,Adv,si4,C/V\,"SLéger, v. 5"
33,5,7,est,est,5,Vfin,Vfin,être,/V\,"SLéger, v. 5"
34,5,8,biens,biens,5,Adv,Adv,bien,C/V\,"SLéger, v. 5"
35,6,1,quæ,quæ,6,Sub,Sub,que,C/(e)\,"SLéger, v. 6"
36,6,2,nos,nos,6,Prn,Prn$,nous,C/V\,"SLéger, v. 6"
37,6,3,cantumps,cantumps,6,Vfin,Vfin,chanter,C/V\.'C/V\,"SLéger, v. 6"
38,6,4,de,de,6,Pre,Pre,de,C/(e)\,"SLéger, v. 6"
39,6,5,sant,sant,6,Adj,Adj,saint,C/V\,"SLéger, v. 6"
40,6,6,lethgier,lethgier,6,N,N,,C/V\.'C/V\,"SLéger, v. 6"
41,6,7,.,.,6,Pnc,Pnc,,,"SLéger, v. 6"
42,7,1,primes,primes,7,Adv,Adv,primes,'C/V\.C/e\,"SLéger, v. 7"
43,7,2,didrai,didrai,7,Vfin,Vfin,dire,C/V\.'C/V\,"SLéger, v. 7"
44,7,3,vos,vos,7,Prn,Prn%%,vous,C/V\,"SLéger, v. 7"
45,7,4,dels,dels,7,Pre+Det,Pre+Det,de.le,C/V\,"SLéger, v. 7"
46,7,5,honors,honors,7,N,N,,/V\.'C/V\,"SLéger, v. 7"
47,8,1,quæ,quæ,8,Qux,Qux,que,C/(e)\,"SLéger, v. 8"
48,8,2,il,il,8,Prn,Prn$,il,/V\,"SLéger, v. 8"
49,8,3,awret,awret,8,Vfin,Vfin,avoir,'/V\.C/e\,"SLéger, v. 8"
50,8,4,ab,ab,8,Pre,Pre,o,/V\,"SLéger, v. 8"
51,8,5,duos,duos,8,QIs,QIs,deux,C/V\,"SLéger, v. 8"
52,8,6,seniors,seniors,8,N,N,,C/V\.'C/V\,"SLéger, v. 8"
53,8,7,;,;,8,Pnc,Pnc,,,"SLéger, v. 8"
54,9,1,aprés,aprés,9,PrA,PrA,après,/V\.'C/V\,"SLéger, v. 9"
55,9,2,ditrai,ditrai,9,Vfin,Vfin,dire,C/V\.'C/V\,"SLéger, v. 9"
56,9,3,vos,vos,9,Prn,Prn%%,vous,C/V\,"SLéger, v. 9"
57,9,4,del,del,9,Pre+Det,Pre+Det,de.le,C/V\,"SLéger, v. 9"
58,9,5,áánz,áánz,9,N,N,,C/(V)\.'/V\,"SLéger, v. 9"
59,10,1,que,que,10,Qux,Qux,que,C/(e)\,"SLéger, v. 10"
60,10,2,li,li,10,Det,Det,le,C/V\,"SLéger, v. 10"
61,10,3,suos,suos,10,Adj,Adj,son4,C/V\,"SLéger, v. 10"
62,10,4,corps,corps,10,N,N,,C/V\,"SLéger, v. 10"
63,10,5,susting,susting,10,Vfin,Vfin,sustenir,C/V\.'C/V\,"SLéger, v. 10"
64,10,6,si,si,10,Adv,Adv,si4,C/V\,"SLéger, v. 10"
65,10,7,granz,granz,10,Adj,Adj,grand,C/V\,"SLéger, v. 10"
66,10,8,",",",",10,Pnc,Pnc,,,"SLéger, v. 10"
67,11,1,et,et,11,Crd,Crd,et,/V\,"SLéger, v. 11"
68,11,2,ewruins,ewruins,11,N,N,,/V\.C/V\.'C/V\,"SLéger, v. 11"
69,11,3,",",",",11,Pnc,Pnc,,,"SLéger, v. 11"
70,11,4,cil,cil,11,Dem,Dem,cil,C/V\,"SLéger, v. 11"
71,11,5,deu,deu,11,N,N,,C/V\,"SLéger, v. 11"
72,11,6,mentiz,mentiz,11,N,N,,C/V\.'C/V\,"SLéger, v. 11"
73,11,7,",",",",11,Pnc,Pnc,,,"SLéger, v. 11"
74,12,1,que,que,12,Qux,Qux,que,C/(e)\,"SLéger, v. 12"
75,12,2,lui,lui,12,Prn,Prn,lui,C/V\,"SLéger, v. 12"
76,12,3,a,a,12,Pre,Pre,à,/V\,"SLéger, v. 12"
77,12,4,grand,grand,12,Adj,Adj,grand,C/V\,"SLéger, v. 12"
78,12,5,torment,torment,12,N,N,,C/V\.'C/V\,"SLéger, v. 12"
79,12,6,occist,occist,12,Vfin,Vfin,occire,/V\.'C/V\,"SLéger, v. 12"
80,12,7,.,.,12,Pnc,Pnc,,,"SLéger, v. 12"
81,13,1,quant,quant,13,Sub,Sub,quand,C/V\,"SLéger, v. 13"
82,13,2,infans,infans,13,N,N,,/V\.'C/V\,"SLéger, v. 13"
83,13,3,fud,fud,13,Vfin,Vfin,être,C/V\,"SLéger, v. 13"
84,13,4,",",",",13,Pnc,Pnc,,,"SLéger, v. 13"
85,13,5,donc,donc,13,Adv,Adv,donc,C/V\,"SLéger, v. 13"
86,13,6,a,a,13,Pre,Pre,à,/V\,"SLéger, v. 13"
87,13,7,ciels,ciels,13,Dem,Dem,cil,C/V\,"SLéger, v. 13"
88,13,8,temps,temps,13,N,N,,C/V\,"SLéger, v. 13"
89,13,9,",",",",13,Pnc,Pnc,,,"SLéger, v. 13"
90,14,1,al,al,14,Pre+Det,Pre+Det,à.le,/V\,"SLéger, v. 14"
91,14,2,rei,rei,14,N,N,,C/V\,"SLéger, v. 14"
92,14,3,lo,lo,14,Prn,Prn$$,le,C/(e)\,"SLéger, v. 14"
93,14,4,duistrent,duistrent,14,Vfin,Vfin,duire,'C/V\.C/e\,"SLéger, v. 14"
94,14,5,soi,soi,14,Det,Det,son4,C/V\,"SLéger, v. 14"
95,14,6,parent,parent,14,N,N,,C/V\.'C/V\,"SLéger, v. 14"
96,15,1,qui,qui,15,Qux,Qux,qui,C/V\,"SLéger, v. 15"
97,15,2,donc,donc,15,Adv,Adv,donc,C/V\,"SLéger, v. 15"
98,15,3,regnevét,regnevét,15,Vfin,Vfin,,C/V\.C/e\.'C/V\,"SLéger, v. 15"
99,15,4,a,a,15,Pre,Pre,à,/V\,"SLéger, v. 15"
100,15,5,ciel,ciel,15,Dem,Dem,cil,C/V\,"SLéger, v. 15"
101,15,6,di,di,15,N,N,,C/V\,"SLéger, v. 15"
102,15,7,:,:,15,Pnc,Pnc,,,"SLéger, v. 15"
103,16,1,cio,cio,16,Prn,Prn,ce,C/V\,"SLéger, v. 16"
104,16,2,fud,fud,16,Vfin,Vfin,être,C/V\,"SLéger, v. 16"
105,16,3,lothiers,lothiers,16,N,N,,C/V\.'C/V\,"SLéger, v. 16"
106,16,4,",",",",16,Pnc,Pnc,,,"SLéger, v. 16"
107,16,5,fils,fils,16,N,N,,C/V\,"SLéger, v. 16"
108,16,6,baldequi,baldequi,16,N,N,,C/V\.C/e\.'C/V\,"SLéger, v. 16"
109,16,7,.,.,16,Pnc,Pnc,,,"SLéger, v. 16"
110,17,1,il,il,17,Prn,Prn$,il,/V\,"SLéger, v. 17"
111,17,2,l',l',17,Prn,Prn$$,le,C/\,"SLéger, v. 17"
112,17,3,enamat,enamat,17,Vfin,Vfin,,/V\.C/V\.'C/V\,"SLéger, v. 17"
113,17,4,",",",",17,Pnc,Pnc,,,"SLéger, v. 17"
114,17,5,deu,deu,17,N,N,,C/V\,"SLéger, v. 17"
115,17,6,lo,lo,17,Prn,Prn$$,le,C/(e)\,"SLéger, v. 17"
116,17,7,covit,covit,17,Vfin,Vfin,,C/V\.'C/V\,"SLéger, v. 17"
117,17,8,",",",",17,Pnc,Pnc,,,"SLéger, v. 17"
118,18,1,rovat,rovat,18,Vfin,Vfin,rover,C/V\.'C/V\,"SLéger, v. 18"
119,18,2,que,que,18,Sub,Sub,que,C/(e)\,"SLéger, v. 18"
120,18,3,letres,letres,18,N,N,,'C/V\.C/e\,"SLéger, v. 18"
121,18,4,apresist,apresist,18,Vfin,Vfin,apprendre,/V\.C/V\.'C/V\,"SLéger, v. 18"
122,18,5,.,.,18,Pnc,Pnc,,,"SLéger, v. 18"
123,19,1,didun,didun,19,N,N,,C/V\.'C/V\,"SLéger, v. 19"
124,19,2,",",",",19,Pnc,Pnc,,,"SLéger, v. 19"
125,19,3,l',l',19,Det,Det,le,C/\,"SLéger, v. 19"
126,19,4,ebisque,ebisque,19,N,N,,/V\.'C/V\.C/(e)\,"SLéger, v. 19"
127,19,5,de,de,19,Pre,Pre,de,C/(e)\,"SLéger, v. 19"
128,19,6,peitieus,peitieus,19,N,N,,C/V\.'C/V\,"SLéger, v. 19"
129,19,7,",",",",19,Pnc,Pnc,,,"SLéger, v. 19"
130,20,1,lui,lui,20,Prn,Prn$$,lui,C/V\,"SLéger, v. 20"
131,20,2,·l,·l,20,Prn,Prn$$,le,/\C,"SLéger, v. 20"
132,20,3,comandat,comandat,20,Vfin,Vfin,commander,C/V\.C/V\.'C/V\,"SLéger, v. 20"
133,20,4,ciel,ciel,20,Dem,Dem,cil,C/V\,"SLéger, v. 20"
134,20,5,reis,reis,20,N,N,,C/V\,"SLéger, v. 20"
135,20,6,lothiers,lothiers,20,N,N,,C/V\.'C/V\,"SLéger, v. 20"
136,20,7,.,.,20,Pnc,Pnc,,,"SLéger, v. 20"
137,21,1,il,il,21,Prn,Prn$,il,/V\,"SLéger, v. 21"
138,21,2,lo,lo,21,Prn,Prn$$,le,C/(e)\,"SLéger, v. 21"
139,21,3,reciut,reciut,21,Vfin,Vfin,recevoir,C/V\.'C/V\,"SLéger, v. 21"
140,21,4,",",",",21,Pnc,Pnc,,,"SLéger, v. 21"
141,21,5,tam,tam,21,QIs,QIs,tant,C/V\,"SLéger, v. 21"
142,21,6,ben,ben,21,Adv,Adv,bien,C/V\,"SLéger, v. 21"
143,21,7,en,en,21,Prn,Prn$$,en2,/V\,"SLéger, v. 21"
144,21,8,fist,fist,21,Vfin,Vfin,faire,C/V\,"SLéger, v. 21"
145,21,9,",",",",21,Pnc,Pnc,,,"SLéger, v. 21"
146,22,1,ab,ab,22,Pre,Pre,o,/V\,"SLéger, v. 22"
147,22,2,u,u,22,QIs,QIs,un,/V\,"SLéger, v. 22"
148,22,3,magistre,magistre,22,N,N,,C/V\.'C/V\.C/(e)\,"SLéger, v. 22"
149,22,4,sempre,sempre,22,Adv,Adv,sempre,'C/V\.C/(e)\,"SLéger, v. 22"
150,22,5,·l,·l,22,Prn,Prn$$,le,/\C,"SLéger, v. 22"
151,22,6,mist,mist,22,Vfin,Vfin,mettre,C/V\,"SLéger, v. 22"
152,22,7,",",",",22,Pnc,Pnc,,,"SLéger, v. 22"
153,23,1,qui,qui,23,Qux,Qux,qui,C/V\,"SLéger, v. 23"
154,23,2,lo,lo,23,Prn,Prn$$,le,C/(e)\,"SLéger, v. 23"
155,23,3,doist,doist,23,Vfin,Vfin,devoir2,C/V\,"SLéger, v. 23"
156,23,4,bien,bien,23,Adv,Adv,bien,C/V\,"SLéger, v. 23"
157,23,5,de,de,23,Pre,Pre,de,C/(e)\,"SLéger, v. 23"
158,23,6,ciel,ciel,23,Dem,Dem,cil,C/V\,"SLéger, v. 23"
159,23,7,savier,savier,23,N,N,,C/V\.'C/V\,"SLéger, v. 23"
160,24,1,don,don,24,Qux,Qux,dont,C/V\,"SLéger, v. 24"
161,24,2,deu,deu,24,N,N,,C/V\,"SLéger, v. 24"
162,24,3,servir,servir,24,Vinf,Vinf,servir,C/V\.'C/V\,"SLéger, v. 24"
163,24,4,por,por,24,Pre,Pre,pour,C/V\,"SLéger, v. 24"
164,24,5,bonä,bonä,24,Adj,Adj,bon,'C/V\.C/(e)\,"SLéger, v. 24"
165,24,6,fied,fied,24,N,N,,C/V\,"SLéger, v. 24"
166,24,7,.,.,24,Pnc,Pnc,,,"SLéger, v. 24"
167,25,1,et,et,25,Crd,Crd,et,/V\,"SLéger, v. 25"
168,25,2,cum,cum,25,Sub,Sub,comme,C/V\,"SLéger, v. 25"
169,25,3,il,il,25,Prn,Prn$,il,/V\,"SLéger, v. 25"
170,25,4,l',l',25,Prn,Prn$$,le,C/\,"SLéger, v. 25"
171,25,5,aut,aut,25,Vfin,Vfin,avoir,/V\,"SLéger, v. 25"
172,25,6,doit,doit,25,Vpp,Vpp,duire,C/V\,"SLéger, v. 25"
173,25,7,de,de,25,Pre,Pre,de,C/(e)\,"SLéger, v. 25"
174,25,8,ciel',ciel',25,Dem,Dem,cil,C/V\,"SLéger, v. 25"
175,25,9,art,art,25,N,N,,/V\,"SLéger, v. 25"
176,25,10,",",",",25,Pnc,Pnc,,,"SLéger, v. 25"
177,26,1,rende,rende,26,Vfin,Vfin,rendre,'C/V\.C/(e)\,"SLéger, v. 26"
178,26,2,·l,·l,26,Prn,Prn%%,le,/\C,"SLéger, v. 26"
179,26,3,qui,qui,26,Qux,Qux,qui,C/V\,"SLéger, v. 26"
180,26,4,lui,lui,26,Prn,Prn$$,lui,C/V\,"SLéger, v. 26"
181,26,5,lo,lo,26,Prn,Prn$$,le,C/(e)\,"SLéger, v. 26"
182,26,6,comandat,comandat,26,Vfin,Vfin,commander,C/V\.C/V\.'C/V\,"SLéger, v. 26"
183,26,7,.,.,26,Pnc,Pnc,,,"SLéger, v. 26"
184,27,1,il,il,27,Prn,Prn$,il,/V\,"SLéger, v. 27"
185,27,2,lo,lo,27,Prn,Prn$$,le,C/(e)\,"SLéger, v. 27"
186,27,3,reciu,reciu,27,Vfin,Vfin,recevoir,C/V\.'C/V\,"SLéger, v. 27"
187,27,4,",",",",27,Pnc,Pnc,,,"SLéger, v. 27"
188,27,5,bien,bien,27,Adv,Adv,bien,C/V\,"SLéger, v. 27"
189,27,6,lo,lo,27,Prn,Prn$$,le,C/(e)\,"SLéger, v. 27"
190,27,7,nodrit,nodrit,27,Vfin,Vfin,,C/V\.'C/V\,"SLéger, v. 27"
191,27,8,;,;,27,Pnc,Pnc,,,"SLéger, v. 27"
192,28,1,cio,cio,28,Prn,Prn,ce,C/V\,"SLéger, v. 28"
193,28,2,fud,fud,28,Vfin,Vfin,être,C/V\,"SLéger, v. 28"
194,28,3,lonx,lonx,28,Adj,Adj,long,C/V\,"SLéger, v. 28"
195,28,4,tiemps,tiemps,28,N,N,,C/V\,"SLéger, v. 28"
196,28,5,ob,ob,28,Pre,Pre,o,/V\,"SLéger, v. 28"
197,28,6,se,sé,28,Prn,Prn,se,C/V\,"SLéger, v. 28"
198,28,7,lo,lo,28,Prn,Prn$$,le,C/(e)\,"SLéger, v. 28"
199,28,8,·s,·s,28,Prn,Prn$$,se,/\C,"SLéger, v. 28"
200,28,9,ting,ting,28,Vfin,Vfin,tenir,C/V\,"SLéger, v. 28"
201,28,10,.,.,28,Pnc,Pnc,,,"SLéger, v. 28"
202,29,1,deus,deus,29,N,N,,C/V\,"SLéger, v. 29"
203,29,2,l',l',29,Prn,Prn$$,le,C/\,"SLéger, v. 29"
204,29,3,exaltat,exaltat,29,Vfin,Vfin,,/V\.C/V\.'C/V\,"SLéger, v. 29"
205,29,4,cui,cui,29,Qux,Qux,cui,C/V\,"SLéger, v. 29"
206,29,5,el,el,29,Prn,Prn$,elle,/V\,"SLéger, v. 29"
207,29,6,servid,servid,29,Vfin,Vfin,servir,C/V\.'C/V\,"SLéger, v. 29"
208,29,7,",",",",29,Pnc,Pnc,,,"SLéger, v. 29"
209,30,1,de,de,30,Pre,Pre,de,C/(e)\,"SLéger, v. 30"
210,30,2,sanct,sanct,30,Adj,Adj,saint,C/V\,"SLéger, v. 30"
211,30,3,maxenz,maxenz,30,N,N,,C/V\.'C/V\,"SLéger, v. 30"
212,30,4,abbäs,abbäs,30,N,N,,'/V\.C/e\,"SLéger, v. 30"
213,30,5,divint,divint,30,Vfin,Vfin,devenir,C/V\.'C/V\,"SLéger, v. 30"
214,30,6,.,.,30,Pnc,Pnc,,,"SLéger, v. 30"
215,31,1,ne,ne,31,Neg,Neg$$,ne,C/(e)\,"SLéger, v. 31"
216,31,2,fud,fud,31,Vfin,Vfin,être,C/V\,"SLéger, v. 31"
217,31,3,nuls,nuls,31,QIs,QIs,nul,C/V\,"SLéger, v. 31"
218,31,4,om,om,31,N,N,,/V\,"SLéger, v. 31"
219,31,5,del,del,31,Pre+Det,Pre+Det,de.le,C/V\,"SLéger, v. 31"
220,31,6,son,son,31,Det,Det,son4,C/V\,"SLéger, v. 31"
221,31,7,juvent,juvent,31,N,N,,C/V\.'C/V\,"SLéger, v. 31"
222,32,1,qui,qui,32,Qux,Qux,qui,C/V\,"SLéger, v. 32"
223,32,2,mieldre,mieldre,32,Adj,Adj,meilleur,'C/V\.C/(e)\,"SLéger, v. 32"
224,32,3,fust,fust,32,Vfin,Vfin,être,C/V\,"SLéger, v. 32"
225,32,4,donc,donc,32,Adv,Adv,donc,C/V\,"SLéger, v. 32"
226,32,5,a,a,32,Pre,Pre,à,/V\,"SLéger, v. 32"
227,32,6,ciels,ciels,32,Dem,Dem,cil,C/V\,"SLéger, v. 32"
228,32,7,tiemps,tiemps,32,N,N,,C/V\,"SLéger, v. 32"
229,32,8,;,;,32,Pnc,Pnc,,,"SLéger, v. 32"
230,33,1,perfectus,perfectus,33,Adj,Adj,,C/V\.C/V\.'C/V\,"SLéger, v. 33"
231,33,2,fud,fud,33,Vfin,Vfin,être,C/V\,"SLéger, v. 33"
232,33,3,in,in,33,Pre,Pre,en,/V\,"SLéger, v. 33"
233,33,4,caritét,caritét,33,N,N,,C/V\.C/V\.'C/V\,"SLéger, v. 33"
234,33,5,",",",",33,Pnc,Pnc,,,"SLéger, v. 33"
235,34,1,fid,fid,34,N,N,,C/V\,"SLéger, v. 34"
236,34,2,aut,aut,34,Vfin,Vfin,avoir,/V\,"SLéger, v. 34"
237,34,3,il,il,34,Prn,Prn%,il,/V\,"SLéger, v. 34"
238,34,4,grand,grand,34,Adj,Adj,grand,C/V\,"SLéger, v. 34"
239,34,5,et,et,34,Crd,Crd,et,/V\,"SLéger, v. 34"
240,34,6,veritiét,veritiét,34,N,N,,C/V\.C/V\.'C/V\,"SLéger, v. 34"
241,34,7,",",",",34,Pnc,Pnc,,,"SLéger, v. 34"
242,35,1,et,et,35,Crd,Crd,et,/V\,"SLéger, v. 35"
243,35,2,in,in,35,Pre,Pre,en,/V\,"SLéger, v. 35"
244,35,3,raizons,raizons,35,N,N,,C/V\.'C/V\,"SLéger, v. 35"
245,35,4,bels,bels,35,Adj,Adj,beau,C/V\,"SLéger, v. 35"
246,35,5,oth,oth,35,Vfin,Vfin,avoir,/V\,"SLéger, v. 35"
247,35,6,sermons,sermons,35,N,N,,C/V\.'C/V\,"SLéger, v. 35"
248,35,7,;,;,35,Pnc,Pnc,,,"SLéger, v. 35"
249,36,1,humilitiét,humilitiét,36,N,N,,/V\.C/V\.C/V\.'C/V\,"SLéger, v. 36"
250,36,2,oth,oth,36,Vfin,Vfin,avoir,/V\,"SLéger, v. 36"
251,36,3,per,per,36,Pre,Pre,par,C/V\,"SLéger, v. 36"
252,36,4,trestoz,trestoz,36,QIs,QIs,trèstout,C/V\.'C/V\,"SLéger, v. 36"
253,36,5,.,.,36,Pnc,Pnc,,,"SLéger, v. 36"
254,37,1,cio,cio,37,Prn,Prn,ce,C/V\,"SLéger, v. 37"
255,37,2,sempre,sempre,37,Adv,Adv,sempre,'C/V\.C/(e)\,"SLéger, v. 37"
256,37,3,fud,fud,37,Vfin,Vfin,être,C/V\,"SLéger, v. 37"
257,37,4,et,et,37,Crd,Crd,et,/V\,"SLéger, v. 37"
258,37,5,ja,ja,37,Adv,Adv,jà,C/V\,"SLéger, v. 37"
259,37,6,si,si,37,Adv,Adv,si4,C/V\,"SLéger, v. 37"
260,37,7,er,er,37,Vfin,Vfin,être,/V\,"SLéger, v. 37"
261,37,8,:,:,37,Pnc,Pnc,,,"SLéger, v. 37"
262,38,1,qui,qui,38,Qux,Qux,qui,C/V\,"SLéger, v. 38"
263,38,2,fai,fai,38,Vfin,Vfin,faire,C/V\,"SLéger, v. 38"
264,38,3,lo,lo,38,Det,Det,le,C/(e)\,"SLéger, v. 38"
265,38,4,bien,bien,38,N,N,bien,C/V\,"SLéger, v. 38"
266,38,5,",",",",38,Pnc,Pnc,,,"SLéger, v. 38"
267,38,6,laudaz,laudaz,38,Vpp,Vpp,louer,C/V\.'C/V\,"SLéger, v. 38"
268,38,7,en,en,38,Prn,Prn$$,en2,/V\,"SLéger, v. 38"
269,38,8,er,er,38,Vfin,Vfin,être,/V\,"SLéger, v. 38"
270,38,9,;,;,38,Pnc,Pnc,,,"SLéger, v. 38"
271,39,1,et,et,39,Crd,Crd,et,/V\,"SLéger, v. 39"
272,39,2,sanz,sanz,39,Adj,Adj,saint,C/V\,"SLéger, v. 39"
273,39,3,letgiers,letgiers,39,N,N,,C/V\.'C/V\,"SLéger, v. 39"
274,39,4,sempre,sempre,39,Adv,Adv,sempre,'C/V\.C/(e)\,"SLéger, v. 39"
275,39,5,fud,fud,39,Vfin,Vfin,être,C/V\,"SLéger, v. 39"
276,39,6,bons,bons,39,Adj,Adj,bon,C/V\,"SLéger, v. 39"
277,39,7,",",",",39,Pnc,Pnc,,,"SLéger, v. 39"
278,40,1,sempre,sempre,40,Adv,Adv,sempre,'C/V\.C/(e)\,"SLéger, v. 40"
279,40,2,fist,fist,40,Vfin,Vfin,faire,C/V\,"SLéger, v. 40"
280,40,3,bien,bien,40,Adv,Adv,bien,C/V\,"SLéger, v. 40"
281,40,4,o,o,40,Qux,Qux,où,/V\,"SLéger, v. 40"
282,40,5,que,que,40,Sub,Sub,que,C/(e)\,"SLéger, v. 40"
283,40,6,el,el,40,Prn,Prn$,elle,/V\,"SLéger, v. 40"
284,40,7,pod,pod,40,Vfin,Vfin,pouvoir2,C/V\,"SLéger, v. 40"
285,40,8,.,.,40,Pnc,Pnc,,,"SLéger, v. 40"
286,41,1,davant,davant,41,PrA,PrA,devant,C/V\.'C/V\,"SLéger, v. 41"
287,41,2,lo,lo,41,Det,Det,le,C/(e)\,"SLéger, v. 41"
288,41,3,rei,rei,41,N,N,,C/V\,"SLéger, v. 41"
289,41,4,en,en,41,Prn,Prn$$,en2,/V\,"SLéger, v. 41"
290,41,5,fud,fud,41,Vfin,Vfin,être,C/V\,"SLéger, v. 41"
291,41,6,laudiez,laudiez,41,Vpp,Vpp,louer,C/V\.'C/V\,"SLéger, v. 41"
292,41,7,;,;,41,Pnc,Pnc,,,"SLéger, v. 41"
293,42,1,cum,cum,42,Sub,Sub,comme,C/V\,"SLéger, v. 42"
294,42,2,il,il,42,Prn,Prn$,il,/V\,"SLéger, v. 42"
295,42,3,l',l',42,Prn,Prn$$,le,C/\,"SLéger, v. 42"
296,42,4,audit,audit,42,Vfin,Vfin,ouïr,/V\.'C/V\,"SLéger, v. 42"
297,42,5,",",",",42,Pnc,Pnc,,,"SLéger, v. 42"
298,42,6,fu,fu,42,Vfin,Vfin,être,C/V\,"SLéger, v. 42"
299,42,7,li,li,42,Prn,Prn%%,li,C/V\,"SLéger, v. 42"
300,42,8,·n,·n,42,Prn,Prn%%,en2,/\C,"SLéger, v. 42"
301,42,9,amét,amét,42,Vpp,Vpp,aimer,/V\.'C/V\,"SLéger, v. 42"
302,42,10,.,.,42,Pnc,Pnc,,,"SLéger, v. 42"
303,43,1,a,a,43,Pre,Pre,à,/V\,"SLéger, v. 43"
304,43,2,se,sé,43,Prn,Prn,se,C/V\,"SLéger, v. 43"
305,43,3,·l,·l,43,Prn,Prn$$,le,/\C,"SLéger, v. 43"
306,43,4,mandat,mandat,43,Vfin,Vfin,mander,C/V\.'C/V\,"SLéger, v. 43"
307,43,5,et,et,43,Crd,Crd,et,/V\,"SLéger, v. 43"
308,43,6,cio,cio,43,Prn,Prn,ce,C/V\,"SLéger, v. 43"
309,43,7,li,li,43,Prn,Prn$$,li,C/V\,"SLéger, v. 43"
310,43,8,dist,dist,43,Vfin,Vfin,dire,C/V\,"SLéger, v. 43"
311,43,9,:,:,43,Pnc,Pnc,,,"SLéger, v. 43"
312,44,1,a,a,44,Pre,Pre,à,/V\,"SLéger, v. 44"
313,44,2,curt,curt,44,N,N,,C/V\,"SLéger, v. 44"
314,44,3,fust,fust,44,Vfin,Vfin,être,C/V\,"SLéger, v. 44"
315,44,4,",",",",44,Pnc,Pnc,,,"SLéger, v. 44"
316,44,5,sempre,sempre,44,Adv,Adv,sempre,'C/V\.C/(e)\,"SLéger, v. 44"
317,44,6,lui,lui,44,Prn,Prn$$,lui,C/V\,"SLéger, v. 44"
318,44,7,servist,servist,44,Vfin,Vfin,servir,C/V\.'C/V\,"SLéger, v. 44"
319,44,8,.,.,44,Pnc,Pnc,,,"SLéger, v. 44"
320,45,1,il,il,45,Prn,Prn$,il,/V\,"SLéger, v. 45"
321,45,2,l',l',45,Prn,Prn$$,le,C/\,"SLéger, v. 45"
322,45,3,exaltat,exaltat,45,Vfin,Vfin,,/V\.C/V\.'C/V\,"SLéger, v. 45"
323,45,4,e,e,45,Crd,Crd,et,/V\,"SLéger, v. 45"
324,45,5,l',l',45,Prn,Prn$$,le,C/\,"SLéger, v. 45"
325,45,6,onorat,onorat,45,Vfin,Vfin,honorer,/V\.C/V\.'C/V\,"SLéger, v. 45"
326,45,7,",",",",45,Pnc,Pnc,,,"SLéger, v. 45"
327,46,1,sa,sa,46,Det,Det,son4,C/V\,"SLéger, v. 46"
328,46,2,gratia,gratia,46,N,N,,C/V\.'C/e\./e\,"SLéger, v. 46"
329,46,3,li,li,46,Prn,Prn$$,li,C/V\,"SLéger, v. 46"
330,46,4,perdonat,perdonat,46,Vfin,Vfin,pardonner,C/V\.C/V\.'C/V\,"SLéger, v. 46"
331,46,5,",",",",46,Pnc,Pnc,,,"SLéger, v. 46"
332,47,1,et,et,47,Crd,Crd,et,/V\,"SLéger, v. 47"
333,47,2,hunc,hunc,47,Adv,Adv,,C/V\,"SLéger, v. 47"
334,47,3,tam,tam,47,QIs,QIs,tant,C/V\,"SLéger, v. 47"
335,47,4,bien,bien,47,Adv,Adv,bien,C/V\,"SLéger, v. 47"
336,47,5,que,que,47,Sub,Sub,que,C/(e)\,"SLéger, v. 47"
337,47,6,il,il,47,Prn,Prn$,il,/V\,"SLéger, v. 47"
338,47,7,en,en,47,Prn,Prn$$,en2,/V\,"SLéger, v. 47"
339,47,8,fist,fist,47,Vfin,Vfin,faire,C/V\,"SLéger, v. 47"
340,48,1,de,de,48,Pre,Pre,de,C/(e)\,"SLéger, v. 48"
341,48,2,hostedun,hostedun,48,N,N,,C/V\.C/e\.'C/V\,"SLéger, v. 48"
342,48,3,evesque,evesque,48,N,N,,/V\.'C/V\.C/(e)\,"SLéger, v. 48"
343,48,4,en,en,48,Prn,Prn$$,en2,/V\,"SLéger, v. 48"
344,48,5,fist,fist,48,Vfin,Vfin,faire,C/V\,"SLéger, v. 48"
345,48,6,.,.,48,Pnc,Pnc,,,"SLéger, v. 48"
346,49,1,quandius,quandius,49,Sub,Sub,quand,'C/V\./e\,"SLéger, v. 49"
347,49,2,visquet,visquet,49,Vfin,Vfin,vivre,'C/V\.C/e\,"SLéger, v. 49"
348,49,3,ciel,ciel,49,Dem,Dem,cil,C/V\,"SLéger, v. 49"
349,49,4,reis,reis,49,N,N,,C/V\,"SLéger, v. 49"
350,49,5,lothiers,lothiers,49,N,N,,C/V\.'C/V\,"SLéger, v. 49"
351,49,6,",",",",49,Pnc,Pnc,,,"SLéger, v. 49"
352,50,1,bien,bien,50,Adv,Adv,bien,C/V\,"SLéger, v. 50"
353,50,2,honorez,honorez,50,Vpp,Vpp,honorer,/V\.C/V\.'C/V\,"SLéger, v. 50"
354,50,3,fud,fud,50,Vfin,Vfin,être,C/V\,"SLéger, v. 50"
355,50,4,sancz,sancz,50,Adj,Adj,saint,C/V\,"SLéger, v. 50"
356,50,5,lethgiers,lethgiers,50,N,N,,C/V\.'C/V\,"SLéger, v. 50"
357,50,6,.,.,50,Pnc,Pnc,,,"SLéger, v. 50"
358,51,1,il,il,51,Prn,Prn$,il,/V\,"SLéger, v. 51"
359,51,2,se,se,51,Prn,Prn$$,se,C/(e)\,"SLéger, v. 51"
360,51,3,fud,fud,51,Vfin,Vfin,être,C/V\,"SLéger, v. 51"
361,51,4,morz,morz,51,Vpp,Vpp,mourir,C/V\,"SLéger, v. 51"
362,51,5,",",",",51,Pnc,Pnc,,,"SLéger, v. 51"
363,51,6,damz,damz,51,N,N,,C/V\,"SLéger, v. 51"
364,51,7,i,i,51,Prn,Prn$$,y2,/V\,"SLéger, v. 51"
365,51,8,fud,fud,51,Vfin,Vfin,être,C/V\,"SLéger, v. 51"
366,51,9,granz,granz,51,Adj,Adj,grand,C/V\,"SLéger, v. 51"
367,51,10,.,.,51,Pnc,Pnc,,,"SLéger, v. 51"
368,52,1,cio,cio,52,Prn,Prn,ce,C/V\,"SLéger, v. 52"
369,52,2,controverent,controverent,52,Vfin,Vfin,,C/V\.C/V\.'C/V\.C/e\,"SLéger, v. 52"
370,52,3,baron,baron,52,N,N,,C/V\.'C/V\,"SLéger, v. 52"
371,52,4,franc,franc,52,Adj,Adj,franc2,C/V\,"SLéger, v. 52"
372,52,5,",",",",52,Pnc,Pnc,,,"SLéger, v. 52"
373,53,1,por,por,53,Pre,Pre,pour,C/V\,"SLéger, v. 53"
374,53,2,cio,cio,53,Prn,Prn,ce,C/V\,"SLéger, v. 53"
375,53,3,que,que,53,Sub,Sub,que,C/(e)\,"SLéger, v. 53"
376,53,4,fud,fud,53,Vfin,Vfin,être,C/V\,"SLéger, v. 53"
377,53,5,de,de,53,Pre,Pre,de,C/(e)\,"SLéger, v. 53"
378,53,6,bonä,bonä,53,Adj,Adj,bon,'C/V\.C/(e)\,"SLéger, v. 53"
379,53,7,fiét,fiét,53,N,N,,C/V\,"SLéger, v. 53"
380,53,8,",",",",53,Pnc,Pnc,,,"SLéger, v. 53"
381,54,1,de,de,54,Pre,Pre,de,C/(e)\,"SLéger, v. 54"
382,54,2,chielperig,chielperig,54,N,N,,C/V\.C/e\.'C/V\,"SLéger, v. 54"
383,54,3,fesissent,fesissent,54,Vfin,Vfin,faire,C/V\.'C/V\.C/e\,"SLéger, v. 54"
384,54,4,rei,rei,54,N,N,,C/V\,"SLéger, v. 54"
385,54,5,.,.,54,Pnc,Pnc,,,"SLéger, v. 54"
386,55,1,un,un,55,QIs,QIs,un,/V\,"SLéger, v. 55"
387,55,2,compte,compte,55,N,N,,'C/V\.C/(e)\,"SLéger, v. 55"
388,55,3,i,i,55,Prn,Prn$$,y2,/V\,"SLéger, v. 55"
389,55,4,oth,oth,55,Vfin,Vfin,avoir,/V\,"SLéger, v. 55"
390,55,5,",",",",55,Pnc,Pnc,,,"SLéger, v. 55"
391,55,6,pres,pres,55,Vfin,Vfin,prendre,C/V\,"SLéger, v. 55"
392,55,7,en,en,55,Prn,Prn%%,en2,/V\,"SLéger, v. 55"
393,55,8,l',l',55,Det,Det,le,C/\,"SLéger, v. 55"
394,55,9,estrit,estrit,55,N,N,,/V\.'C/V\,"SLéger, v. 55"
395,55,10,;,;,55,Pnc,Pnc,,,"SLéger, v. 55"
396,56,1,ciel,ciel,56,Dem,Dem,cil,C/V\,"SLéger, v. 56"
397,56,2,eps,eps,56,Adj,Adj,eps,/V\,"SLéger, v. 56"
398,56,3,num,num,56,N,N,,C/V\,"SLéger, v. 56"
399,56,4,auret,auret,56,Vfin,Vfin,avoir,'/V\.C/e\,"SLéger, v. 56"
400,56,5,evrui,evrui,56,N,N,,/V\.C/V\.'C/V\,"SLéger, v. 56"
401,56,6,.,.,56,Pnc,Pnc,,,"SLéger, v. 56"
402,57,1,ne,ne,57,Neg,Neg$$,ne,C/(e)\,"SLéger, v. 57"
403,57,2,vol,vol,57,Vfin,Vfin,vouloir,C/V\,"SLéger, v. 57"
404,57,3,reciwre,reciwre,57,Vinf,Vinf,recevoir,C/V\.'C/V\.C/(e)\,"SLéger, v. 57"
405,57,4,chielperin,chielperin,57,N,N,,C/V\.C/V\.'C/V\,"SLéger, v. 57"
406,57,5,",",",",57,Pnc,Pnc,,,"SLéger, v. 57"
407,58,1,mais,mais,58,Crd,Crd,mais,C/V\,"SLéger, v. 58"
408,58,2,lo,lo,58,Det,Det,le,C/(e)\,"SLéger, v. 58"
409,58,3,seu,seu,58,Adj,Adj,son4,C/V\,"SLéger, v. 58"
410,58,4,fredre,fredre,58,N,N,,'C/V\.C/(e)\,"SLéger, v. 58"
411,58,5,theoiri,theoiri,58,N,N,,C/V\.C/V\.'C/V\,"SLéger, v. 58"
412,58,6,.,.,58,Pnc,Pnc,,,"SLéger, v. 58"
413,59,1,ne,ne,59,Neg,Neg$$,ne,C/(e)\,"SLéger, v. 59"
414,59,2,·l,·l,59,Prn,Prn$$,le,/\C,"SLéger, v. 59"
415,59,3,condignet,condignet,59,Vfin,Vfin,,C/V\.'C/V\.C/e\,"SLéger, v. 59"
416,59,4,nuls,nuls,59,QIs,QIs,nul,C/V\,"SLéger, v. 59"
417,59,5,de,de,59,Pre,Pre,de,C/(e)\,"SLéger, v. 59"
418,59,6,sos,sos,59,Det,Det,son4,C/V\,"SLéger, v. 59"
419,59,7,piers,piers,59,N,N,,C/V\,"SLéger, v. 59"
420,59,8,",",",",59,Pnc,Pnc,,,"SLéger, v. 59"
421,60,1,rei,rei,60,N,N,,C/V\,"SLéger, v. 60"
422,60,2,volunt,volunt,60,Vfin,Vfin,vouloir,C/V\.'C/V\,"SLéger, v. 60"
423,60,3,fair',fair',60,Vinf,Vinf,faire,C/V\,"SLéger, v. 60"
424,60,4,estre,estre,60,Vinf,Vinf,être,'/V\.C/(e)\,"SLéger, v. 60"
425,60,5,so,so,60,Det,Det,son4,C/V\,"SLéger, v. 60"
426,60,6,gred,gred,60,N,N,,C/V\,"SLéger, v. 60"
427,60,7,.,.,60,Pnc,Pnc,,,"SLéger, v. 60"
428,61,1,il,il,61,Prn,Prn$,il,/V\,"SLéger, v. 61"
429,61,2,lo,lo,61,Prn,Prn$$,le,C/(e)\,"SLéger, v. 61"
430,61,3,presdrent,presdrent,61,Vfin,Vfin,prendre,'C/V\.C/e\,"SLéger, v. 61"
431,61,4,tuit,tuit,61,QIs,QIs,tout,C/V\,"SLéger, v. 61"
432,61,5,a,a,61,Pre,Pre,à,/V\,"SLéger, v. 61"
433,61,6,conseil,conseil,61,N,N,,C/V\.'C/V\,"SLéger, v. 61"
434,61,7,",",",",61,Pnc,Pnc,,,"SLéger, v. 61"
435,62,1,estre,estre,62,Vinf,Vinf,être,'/V\.C/(e)\,"SLéger, v. 62"
436,62,2,so,so,62,Det,Det,son4,C/V\,"SLéger, v. 62"
437,62,3,grét,grét,62,N,N,,C/V\,"SLéger, v. 62"
438,62,4,en,en,62,Prn,Prn$$,en2,/V\,"SLéger, v. 62"
439,62,5,fisdren,fisdren,62,Vfin,Vfin,faire,C/V\.'C/V\,"SLéger, v. 62"
440,62,6,rei,rei,62,N,N,,C/V\,"SLéger, v. 62"
441,62,7,;,;,62,Pnc,Pnc,,,"SLéger, v. 62"
442,63,1,et,et,63,Crd,Crd,et,/V\,"SLéger, v. 63"
443,63,2,ewruins,ewruins,63,N,N,,/V\.C/V\.'C/V\,"SLéger, v. 63"
444,63,3,ot,ot,63,Vfin,Vfin,avoir,/V\,"SLéger, v. 63"
445,63,4,en,en,63,Prn,Prn%%,en2,/V\,"SLéger, v. 63"
446,63,5,gran,gran,63,Adj,Adj,grand,C/V\,"SLéger, v. 63"
447,63,6,dol,dol,63,N,N,,C/V\,"SLéger, v. 63"
448,63,7,",",",",63,Pnc,Pnc,,,"SLéger, v. 63"
449,64,1,porro,porro,64,Adv,Adv,,C/V\.'C/V\,"SLéger, v. 64"
450,64,2,que,que,64,Sub,Sub,que,C/(e)\,"SLéger, v. 64"
451,64,3,ventre,ventre,64,Vinf,Vinf,,'C/V\.C/(e)\,"SLéger, v. 64"
452,64,4,no,no,64,Neg,Neg$$,ne,C/V\,"SLéger, v. 64"
453,64,5,·ls,·ls,64,Prn,Prn$$,le,/\C,"SLéger, v. 64"
454,64,6,en,en,64,Prn,Prn$$,en2,/V\,"SLéger, v. 64"
455,64,7,poth,poth,64,Vfin,Vfin,pouvoir2,C/V\,"SLéger, v. 64"
456,64,8,.,.,64,Pnc,Pnc,,,"SLéger, v. 64"
457,65,1,por,por,65,Pre,Pre,pour,C/V\,"SLéger, v. 65"
458,65,2,ciel,ciel,65,Dem,Dem,cil,C/V\,"SLéger, v. 65"
459,65,3,tiel,tiel,65,Adj,Adj,tel,C/V\,"SLéger, v. 65"
460,65,4,duol,duol,65,N,N,,C/V\,"SLéger, v. 65"
461,65,5,rova,rova,65,Vfin,Vfin,rover,C/V\.'C/V\,"SLéger, v. 65"
462,65,6,·s,·s,65,Prn,Prn%%,se,/\C,"SLéger, v. 65"
463,65,7,clergier,clergier,65,Vinf,Vinf,,C/V\.'C/V\,"SLéger, v. 65"
464,65,8,",",",",65,Pnc,Pnc,,,"SLéger, v. 65"
465,66,1,si,si,66,Adv,Adv,si4,C/V\,"SLéger, v. 66"
466,66,2,s',s',66,Prn,Prn$$,se,C/\,"SLéger, v. 66"
467,66,3,en,en,66,Prn,Prn$$,en2,/V\,"SLéger, v. 66"
468,66,4,intrat,intrat,66,Vfin,Vfin,entrer,/V\.'C/V\,"SLéger, v. 66"
469,66,5,in,in,66,Pre,Pre,en,/V\,"SLéger, v. 66"
470,66,6,un,un,66,QIs,QIs,un,/V\,"SLéger, v. 66"
471,66,7,monstier,monstier,66,N,N,,C/V\.'C/V\,"SLéger, v. 66"
472,66,8,.,.,66,Pnc,Pnc,,,"SLéger, v. 66"
473,67,1,reis,reis,67,N,N,,C/V\,"SLéger, v. 67"
474,67,2,chielperics,chielperics,67,N,N,,C/V\.C/e\.'C/V\,"SLéger, v. 67"
475,67,3,tam,tam,67,QIs,QIs,tant,C/V\,"SLéger, v. 67"
476,67,4,bien,bien,67,Adv,Adv,bien,C/V\,"SLéger, v. 67"
477,67,5,en,en,67,Prn,Prn$$,en2,/V\,"SLéger, v. 67"
478,67,6,fist,fist,67,Vfin,Vfin,faire,C/V\,"SLéger, v. 67"
479,67,7,",",",",67,Pnc,Pnc,,,"SLéger, v. 67"
480,68,1,de,de,68,Pre,Pre,de,C/(e)\,"SLéger, v. 68"
481,68,2,sanct,sanct,68,Adj,Adj,saint,C/V\,"SLéger, v. 68"
482,68,3,lethgier,lethgier,68,N,N,,C/V\.'C/V\,"SLéger, v. 68"
483,68,4,consilier,consilier,68,N,N,,C/V\.C/V\.'C/V\,"SLéger, v. 68"
484,68,5,fist,fist,68,Vfin,Vfin,faire,C/V\,"SLéger, v. 68"
485,68,6,.,.,68,Pnc,Pnc,,,"SLéger, v. 68"
486,69,1,quandius,quandius,69,Sub,Sub,quand,'C/V\./e\,"SLéger, v. 69"
487,69,2,al,al,69,Pre+Det,Pre+Det,à.le,/V\,"SLéger, v. 69"
488,69,3,suo,suo,69,Adj,Adj,son4,C/V\,"SLéger, v. 69"
489,69,4,consiel,consiel,69,N,N,,C/V\.'C/V\,"SLéger, v. 69"
490,69,5,edrat,edrat,69,Vfin,Vfin,,/V\.'C/V\,"SLéger, v. 69"
491,69,6,",",",",69,Pnc,Pnc,,,"SLéger, v. 69"
492,70,1,inconträ,inconträ,70,PrA,PrA,encontre2,/V\.'C/V\.C/(e)\,"SLéger, v. 70"
493,70,2,deu,deu,70,N,N,,C/V\,"SLéger, v. 70"
494,70,3,ben,ben,70,Adv,Adv,bien,C/V\,"SLéger, v. 70"
495,70,4,si,si,70,Adv,Adv,si4,C/V\,"SLéger, v. 70"
496,70,5,garda,garda,70,Vfin,Vfin,garder,C/V\.'C/V\,"SLéger, v. 70"
497,70,6,",",",",70,Pnc,Pnc,,,"SLéger, v. 70"
498,71,1,lei,lei,71,N,N,,C/V\,"SLéger, v. 71"
499,71,2,consentit,consentit,71,Vfin,Vfin,consentir,C/V\.C/V\.'C/V\,"SLéger, v. 71"
500,71,3,et,et,71,Crd,Crd,et,/V\,"SLéger, v. 71"
501,71,4,observat,observat,71,Vfin,Vfin,,/V\.C/V\.'C/V\,"SLéger, v. 71"
502,71,5,",",",",71,Pnc,Pnc,,,"SLéger, v. 71"
503,72,1,et,et,72,Crd,Crd,et,/V\,"SLéger, v. 72"
504,72,2,son,son,72,Det,Det,son4,C/V\,"SLéger, v. 72"
505,72,3,regnét,regnét,72,N,N,,C/V\.'C/V\,"SLéger, v. 72"
506,72,4,ben,ben,72,Adv,Adv,bien,C/V\,"SLéger, v. 72"
507,72,5,dominat,dominat,72,Vfin,Vfin,,C/V\.C/V\.'C/V\,"SLéger, v. 72"
508,72,6,.,.,72,Pnc,Pnc,,,"SLéger, v. 72"
509,73,1,ja,ja,73,Adv,Adv,jà,C/V\,"SLéger, v. 73"
510,73,2,fud,fud,73,Vfin,Vfin,être,C/V\,"SLéger, v. 73"
511,73,3,tels,tels,73,Adj,Adj,tel,C/V\,"SLéger, v. 73"
512,73,4,om,om,73,N,N,,/V\,"SLéger, v. 73"
513,73,5,",",",",73,Pnc,Pnc,,,"SLéger, v. 73"
514,73,6,deu,deu,73,N,N,,C/V\,"SLéger, v. 73"
515,73,7,inimix,inimix,73,N,N,,/V\.C/V\.'C/V\,"SLéger, v. 73"
516,73,8,",",",",73,Pnc,Pnc,,,"SLéger, v. 73"
517,74,1,qui,qui,74,Qux,Qux,qui,C/V\,"SLéger, v. 74"
518,74,2,l',l',74,Prn,Prn$$,le,C/\,"SLéger, v. 74"
519,74,3,encusat,encusat,74,Vfin,Vfin,,/V\.C/V\.'C/V\,"SLéger, v. 74"
520,74,4,ab,ab,74,Pre,Pre,o,/V\,"SLéger, v. 74"
521,74,5,chielpering,chielpering,74,N,N,,C/V\.C/e\.'C/V\,"SLéger, v. 74"
522,74,6,.,.,74,Pnc,Pnc,,,"SLéger, v. 74"
523,75,1,l',l',75,Det,Det,le,C/\,"SLéger, v. 75"
524,75,2,irä,irä,75,N,N,,'/V\.C/(e)\,"SLéger, v. 75"
525,75,3,fud,fud,75,Vfin,Vfin,être,C/V\,"SLéger, v. 75"
526,75,4,granz,granz,75,Adj,Adj,grand,C/V\,"SLéger, v. 75"
527,75,5,cum,cum,75,Sub,Sub,comme,C/V\,"SLéger, v. 75"
528,75,6,de,de,75,Pre,Pre,de,C/(e)\,"SLéger, v. 75"
529,75,7,seinor,seinor,75,N,N,,C/V\.'C/V\,"SLéger, v. 75"
530,75,8,",",",",75,Pnc,Pnc,,,"SLéger, v. 75"
531,76,1,et,et,76,Crd,Crd,et,/V\,"SLéger, v. 76"
532,76,2,sancz,sancz,76,Adj,Adj,saint,C/V\,"SLéger, v. 76"
533,76,3,lethgiers,lethgiers,76,N,N,,C/V\.'C/V\,"SLéger, v. 76"
534,76,4,oc,oc,76,Vfin,Vfin,avoir,/V\,"SLéger, v. 76"
535,76,5,s',s',76,Prn,Prn%%,se,C/\,"SLéger, v. 76"
536,76,6,ent,ent,76,Prn,Prn%%,en2,/V\,"SLéger, v. 76"
537,76,7,pavor,pavor,76,N,N,,C/V\.'C/V\,"SLéger, v. 76"
538,76,8,;,;,76,Pnc,Pnc,,,"SLéger, v. 76"
539,77,1,ja,ja,77,Adv,Adv,jà,C/V\,"SLéger, v. 77"
540,77,2,lo,lo,77,Prn,Prn$$,le,C/(e)\,"SLéger, v. 77"
541,77,3,sot,sot,77,Vfin,Vfin,savoir,C/V\,"SLéger, v. 77"
542,77,4,bien,bien,77,Adv,Adv,bien,C/V\,"SLéger, v. 77"
543,77,5,",",",",77,Pnc,Pnc,,,"SLéger, v. 77"
544,77,6,il,il,77,Prn,Prn$,il,/V\,"SLéger, v. 77"
545,77,7,lo,lo,77,Prn,Prn$$,le,C/(e)\,"SLéger, v. 77"
546,77,8,celat,celat,77,Vfin,Vfin,celer,C/V\.'C/V\,"SLéger, v. 77"
547,77,9,",",",",77,Pnc,Pnc,,,"SLéger, v. 77"
548,78,1,a,a,78,Pre,Pre,à,/V\,"SLéger, v. 78"
549,78,2,nuil,nuil,78,QIs,QIs,nul,C/V\,"SLéger, v. 78"
550,78,3,omne,omne,78,N,N,,'/V\.C/(e)\,"SLéger, v. 78"
551,78,4,no,no,78,Neg,Neg$$,ne,C/V\,"SLéger, v. 78"
552,78,5,·l,·l,78,Prn,Prn$$,le,/\C,"SLéger, v. 78"
553,78,6,demonstrat,demonstrat,78,Vfin,Vfin,,C/V\.C/V\.'C/V\,"SLéger, v. 78"
554,78,7,.,.,78,Pnc,Pnc,,,"SLéger, v. 78"
555,79,1,quant,quant,79,Sub,Sub,quand,C/V\,"SLéger, v. 79"
556,79,2,ciel',ciel',79,Dem,Dem,cil,C/V\,"SLéger, v. 79"
557,79,3,iræ,iræ,79,N,N,,'/V\.C/(e)\,"SLéger, v. 79"
558,79,4,tels,tels,79,Adj,Adj,tel,C/V\,"SLéger, v. 79"
559,79,5,esdevant,esdevant,79,Vfin,Vfin,,/V\.C/e\.'C/V\,"SLéger, v. 79"
560,79,6,",",",",79,Pnc,Pnc,,,"SLéger, v. 79"
561,80,1,paschas,paschas,80,N,N,,C/V\.'C/V\,"SLéger, v. 80"
562,80,2,furent,furent,80,Vfin,Vfin,être,'C/V\.C/e\,"SLéger, v. 80"
563,80,3,in,in,80,Pre,Pre,en,/V\,"SLéger, v. 80"
564,80,4,eps,eps,80,Adj,Adj,eps,/V\,"SLéger, v. 80"
565,80,5,cel,cel,80,Dem,Dem,cil,C/V\,"SLéger, v. 80"
566,80,6,di,di,80,N,N,,C/V\,"SLéger, v. 80"
567,80,7,;,;,80,Pnc,Pnc,,,"SLéger, v. 80"
568,81,1,et,et,81,Crd,Crd,et,/V\,"SLéger, v. 81"
569,81,2,sancz,sancz,81,Adj,Adj,saint,C/V\,"SLéger, v. 81"
570,81,3,lethgiers,lethgiers,81,N,N,,C/V\.'C/V\,"SLéger, v. 81"
571,81,4,fist,fist,81,Vfin,Vfin,faire,C/V\,"SLéger, v. 81"
572,81,5,son,son,81,Det,Det,son4,C/V\,"SLéger, v. 81"
573,81,6,mistier,mistier,81,N,N,,C/V\.'C/V\,"SLéger, v. 81"
574,81,7,",",",",81,Pnc,Pnc,,,"SLéger, v. 81"
575,82,1,missæ,missæ,82,N,N,,'C/V\.C/e\,"SLéger, v. 82"
576,82,2,cantat,cantat,82,Vfin,Vfin,chanter,C/V\.'C/V\,"SLéger, v. 82"
577,82,3,",",",",82,Pnc,Pnc,,,"SLéger, v. 82"
578,82,4,fist,fist,82,Vfin,Vfin,faire,C/V\,"SLéger, v. 82"
579,82,5,lo,lo,82,Prn,Prn%%,le,C/(e)\,"SLéger, v. 82"
580,82,6,mul,mul,82,QIs,QIs,moult,C/V\,"SLéger, v. 82"
581,82,7,ben,ben,82,Adv,Adv,bien,C/V\,"SLéger, v. 82"
582,82,8,.,.,82,Pnc,Pnc,,,"SLéger, v. 82"
583,83,1,pobl',pobl',83,N,N,,C/V\,"SLéger, v. 83"
584,83,2,et,et,83,Crd,Crd,et,/V\,"SLéger, v. 83"
585,83,3,lo,lo,83,Det,Det,le,C/(e)\,"SLéger, v. 83"
586,83,4,rei,rei,83,N,N,,C/V\,"SLéger, v. 83"
587,83,5,communiét,communiét,83,Vfin,Vfin,,C/V\.C/V\.C/V\.'C/V\,"SLéger, v. 83"
588,83,6,",",",",83,Pnc,Pnc,,,"SLéger, v. 83"
589,84,1,et,et,84,Crd,Crd,et,/V\,"SLéger, v. 84"
590,84,2,sens,sens,84,Pre,Pre,sans,C/V\,"SLéger, v. 84"
591,84,3,cumgiét,cumgiét,84,Vpp,Vpp,,C/V\.'C/V\,"SLéger, v. 84"
592,84,4,si,si,84,Adv,Adv,si4,C/V\,"SLéger, v. 84"
593,84,5,s',s',84,Prn,Prn$$,se,C/\,"SLéger, v. 84"
594,84,6,en,en,84,Prn,Prn$$,en2,/V\,"SLéger, v. 84"
595,84,7,ralét,ralét,84,Vfin,Vfin,raller,C/V\.'C/V\,"SLéger, v. 84"
596,84,8,.,.,84,Pnc,Pnc,,,"SLéger, v. 84"
597,85,1,reis,reis,85,N,N,,C/V\,"SLéger, v. 85"
598,85,2,chielperics,chielperics,85,N,N,,C/V\.C/e\.'C/V\,"SLéger, v. 85"
599,85,3,",",",",85,Pnc,Pnc,,,"SLéger, v. 85"
600,85,4,cum,cum,85,Sub,Sub,comme,C/V\,"SLéger, v. 85"
601,85,5,il,il,85,Prn,Prn$,il,/V\,"SLéger, v. 85"
602,85,6,l',l',85,Prn,Prn$$,le,C/\,"SLéger, v. 85"
603,85,7,audit,audit,85,Vfin,Vfin,ouïr,/V\.'C/V\,"SLéger, v. 85"
604,85,8,",",",",85,Pnc,Pnc,,,"SLéger, v. 85"
605,86,1,presdra,presdra,86,Vfin,Vfin,prendre,C/V\.'C/V\,"SLéger, v. 86"
606,86,2,sos,sos,86,Det,Det,son4,C/V\,"SLéger, v. 86"
607,86,3,meis,meis,86,N,N,,C/V\,"SLéger, v. 86"
608,86,4,",",",",86,Pnc,Pnc,,,"SLéger, v. 86"
609,86,5,a,a,86,Pre,Pre,à,/V\,"SLéger, v. 86"
610,86,6,lui,lui,86,Prn,Prn,lui,C/V\,"SLéger, v. 86"
611,86,7,·s,·s,86,Prn,Prn$$,se,/\C,"SLéger, v. 86"
612,86,8,tramist,tramist,86,Vfin,Vfin,,C/V\.'C/V\,"SLéger, v. 86"
613,86,9,;,;,86,Pnc,Pnc,,,"SLéger, v. 86"
614,87,1,cio,cio,87,Prn,Prn,ce,C/V\,"SLéger, v. 87"
615,87,2,li,li,87,Prn,Prn$$,li,C/V\,"SLéger, v. 87"
616,87,3,mandat,mandat,87,Vfin,Vfin,mander,C/V\.'C/V\,"SLéger, v. 87"
617,87,4,que,que,87,Sub,Sub,que,C/(e)\,"SLéger, v. 87"
618,87,5,revenist,revenist,87,Vfin,Vfin,revenir,C/V\.C/e\.'C/V\,"SLéger, v. 87"
619,87,6,",",",",87,Pnc,Pnc,,,"SLéger, v. 87"
620,88,1,sa,sa,88,Det,Det,son4,C/V\,"SLéger, v. 88"
621,88,2,gratia,gratia,88,N,N,,C/V\.'C/e\./e\,"SLéger, v. 88"
622,88,3,por,por,88,Pre,Pre,pour,C/V\,"SLéger, v. 88"
623,88,4,tot,tot,88,QIs,QIs,tout,C/V\,"SLéger, v. 88"
624,88,5,ouist,ouist,88,Vfin,Vfin,ouïr,/V\.'C/V\,"SLéger, v. 88"
625,88,6,.,.,88,Pnc,Pnc,,,"SLéger, v. 88"
626,89,1,et,et,89,Crd,Crd,et,/V\,"SLéger, v. 89"
627,89,2,sancz,sancz,89,Adj,Adj,saint,C/V\,"SLéger, v. 89"
628,89,3,lethgiers,lethgiers,89,N,N,,C/V\.'C/V\,"SLéger, v. 89"
629,89,4,ne,ne,89,Neg,Neg$$,ne,C/(e)\,"SLéger, v. 89"
630,89,5,·s,·s,89,Prn,Prn$$,se,/\C,"SLéger, v. 89"
631,89,6,soth,soth,89,Vfin,Vfin,savoir,C/V\,"SLéger, v. 89"
632,89,7,mesfait,mesfait,89,N,N,,C/V\.'C/V\,"SLéger, v. 89"
633,89,8,;,;,89,Pnc,Pnc,,,"SLéger, v. 89"
634,90,1,cum,cum,90,Sub,Sub,comme,C/V\,"SLéger, v. 90"
635,90,2,vit,vit,90,Vfin,Vfin,voir,C/V\,"SLéger, v. 90"
636,90,3,les,les,90,Det,Det,le,C/V\,"SLéger, v. 90"
637,90,4,meis,meis,90,N,N,,C/V\,"SLéger, v. 90"
638,90,5,",",",",90,Pnc,Pnc,,,"SLéger, v. 90"
639,90,6,a,a,90,Pre,Pre,à,/V\,"SLéger, v. 90"
640,90,7,lui,lui,90,Prn,Prn,lui,C/V\,"SLéger, v. 90"
641,90,8,ralat,ralat,90,Vfin,Vfin,raller,C/V\.'C/V\,"SLéger, v. 90"
642,90,9,.,.,90,Pnc,Pnc,,,"SLéger, v. 90"
643,91,1,il,il,91,Prn,Prn,il,/V\,"SLéger, v. 91"
644,91,2,cio,cio,91,Prn,Prn,ce,C/V\,"SLéger, v. 91"
645,91,3,li,li,91,Prn,Prn$$,li,C/V\,"SLéger, v. 91"
646,91,4,dist,dist,91,Vfin,Vfin,dire,C/V\,"SLéger, v. 91"
647,91,5,et,et,91,Crd,Crd,et,/V\,"SLéger, v. 91"
648,91,6,adunat,adunat,91,Vfin,Vfin,,/V\.C/V\.'C/V\,"SLéger, v. 91"
649,91,7,:,:,91,Pnc,Pnc,,,"SLéger, v. 91"
650,92,1,"""","""",92,Pnc,Pnc,,,"SLéger, v. 92"
651,92,2,tos,tos,92,Det,Det,ton2,C/V\,"SLéger, v. 92"
652,92,3,consiliers,consiliers,92,N,N,,C/V\.C/V\.'C/V\,"SLéger, v. 92"
653,92,4,ja,ja,92,Adv,Adv,jà,C/V\,"SLéger, v. 92"
654,92,5,non,non,92,Neg,Neg$$,ne,C/V\,"SLéger, v. 92"
655,92,6,estrai,estrai,92,Vfin,Vfin,être,/V\.'C/V\,"SLéger, v. 92"
656,92,7,.,.,92,Pnc,Pnc,,,"SLéger, v. 92"
657,93,1,meu',meu',93,Det,Det,mon,C/V\,"SLéger, v. 93"
658,93,2,evesquét,evesquét,93,N,N,,/V\.C/e\.'C/V\,"SLéger, v. 93"
659,93,3,ne,ne,93,Neg,Neg$$,ne,C/(e)\,"SLéger, v. 93"
660,93,4,·m,·m,93,Prn,Prn$$,je,/\C,"SLéger, v. 93"
661,93,5,lez,lez,93,Vfin,Vfin,laisser,C/V\,"SLéger, v. 93"
662,93,6,tener,tener,93,Vinf,Vinf,tenir,C/V\.'C/V\,"SLéger, v. 93"
663,94,1,por,por,94,Pre,Pre,pour,C/V\,"SLéger, v. 94"
664,94,2,te,té,94,Prn,Prn,te,C/V\,"SLéger, v. 94"
665,94,3,qui,qui,94,Qux,Qux,qui,C/V\,"SLéger, v. 94"
666,94,4,sempre,sempre,94,Adv,Adv,sempre,'C/V\.C/(e)\,"SLéger, v. 94"
667,94,5,·m,·m,94,Prn,Prn$$,je,/\C,"SLéger, v. 94"
668,94,6,vols,vols,94,Vfin,Vfin,vouloir,C/V\,"SLéger, v. 94"
669,94,7,aver,aver,94,Vinf,Vinf,avoir,/V\.'C/V\,"SLéger, v. 94"
670,94,8,.,.,94,Pnc,Pnc,,,"SLéger, v. 94"
671,95,1,en,en,95,Pre,Pre,en,/V\,"SLéger, v. 95"
672,95,2,u,u,95,QIs,QIs,un,/V\,"SLéger, v. 95"
673,95,3,monstier,monstier,95,N,N,,C/V\.'C/V\,"SLéger, v. 95"
674,95,4,me,me,95,Prn,Prn$$,me,C/(e)\,"SLéger, v. 95"
675,95,5,laisse,laisse,95,Vfin,Vfin,laisser,'C/V\.C/(e)\,"SLéger, v. 95"
676,95,6,intrer,intrer,95,Vinf,Vinf,entrer,/V\.'C/V\,"SLéger, v. 95"
677,95,7,.,.,95,Pnc,Pnc,,,"SLéger, v. 95"
678,96,1,pos,pos,96,Adv,Adv,,C/V\,"SLéger, v. 96"
679,96,2,ci,ci,96,Adv,Adv,ci,C/V\,"SLéger, v. 96"
680,96,3,non,non,96,Neg,Neg$$,ne,C/V\,"SLéger, v. 96"
681,96,4,posc,posc,96,Vfin,Vfin,pouvoir2,C/V\,"SLéger, v. 96"
682,96,5,",",",",96,Pnc,Pnc,,,"SLéger, v. 96"
683,96,6,lai,lai,96,Adv,Adv,là,C/V\,"SLéger, v. 96"
684,96,7,vol,vol,96,Vfin,Vfin,vouloir,C/V\,"SLéger, v. 96"
685,96,8,ester,ester,96,Vinf,Vinf,être,/V\.'C/V\,"SLéger, v. 96"
686,96,9,"""","""",96,Pnc,Pnc,,,"SLéger, v. 96"
687,96,10,.,.,96,Pnc,Pnc,,,"SLéger, v. 96"
688,97,1,enviz,enviz,97,Adv,Adv,envis,/V\.'C/V\,"SLéger, v. 97"
689,97,2,lo,lo,97,Prn,Prn$$,le,C/(e)\,"SLéger, v. 97"
690,97,3,fist,fist,97,Vfin,Vfin,faire,C/V\,"SLéger, v. 97"
691,97,4,",",",",97,Pnc,Pnc,,,"SLéger, v. 97"
692,97,5,non,non,97,Neg,Neg,ne,C/V\,"SLéger, v. 97"
693,97,6,voluntiers,voluntiers,97,Adv,Adv,volentiers,C/V\.C/V\.'C/V\,"SLéger, v. 97"
694,97,7,",",",",97,Pnc,Pnc,,,"SLéger, v. 97"
695,98,1,laisse,laisse,98,Vfin,Vfin,laisser,'C/V\.C/(e)\,"SLéger, v. 98"
696,98,2,l',l',98,Prn,Prn%$,le,C/\,"SLéger, v. 98"
697,98,3,intrar,intrar,98,Vinf,Vinf,entrer,/V\.'C/V\,"SLéger, v. 98"
698,98,4,in,in,98,Pre,Pre,en,/V\,"SLéger, v. 98"
699,98,5,u,u,98,QIs,QIs,un,/V\,"SLéger, v. 98"
700,98,6,monstier,monstier,98,N,N,,C/V\.'C/V\,"SLéger, v. 98"
701,98,7,.,.,98,Pnc,Pnc,,,"SLéger, v. 98"
702,99,1,cio,cio,99,Prn,Prn,ce,C/V\,"SLéger, v. 99"
703,99,2,fud,fud,99,Vfin,Vfin,être,C/V\,"SLéger, v. 99"
704,99,3,lusos,lusos,99,N,N,,C/V\.'C/V\,"SLéger, v. 99"
705,99,4,ut,ut,99,Qux,Qux,où,/V\,"SLéger, v. 99"
706,99,5,il,il,99,Prn,Prn$,il,/V\,"SLéger, v. 99"
707,99,6,intrat,intrat,99,Vfin,Vfin,entrer,/V\.'C/V\,"SLéger, v. 99"
708,99,7,;,;,99,Pnc,Pnc,,,"SLéger, v. 99"
709,100,1,clerj',clerj',100,N,N,,C/V\,"SLéger, v. 100"
710,100,2,ewrui,ewrui,100,N,N,,/V\.C/V\.'C/V\,"SLéger, v. 100"
711,100,3,illo,illo,100,Prn,Prn$$,le,/V\.'C/V\,"SLéger, v. 100"
712,100,4,trovat,trovat,100,Vfin,Vfin,trouver,C/V\.'C/V\,"SLéger, v. 100"
713,100,5,.,.,100,Pnc,Pnc,,,"SLéger, v. 100"
714,101,1,cil,cil,101,Dem,Dem,cil,C/V\,"SLéger, v. 101"
715,101,2,ewruins,ewruins,101,N,N,,/V\.C/V\.'C/V\,"SLéger, v. 101"
716,101,3,molt,molt,101,QIs,QIs,moult,C/V\,"SLéger, v. 101"
717,101,4,li,li,101,Prn,Prn$$,li,C/V\,"SLéger, v. 101"
718,101,5,vol,vol,101,Vfin,Vfin,vouloir,C/V\,"SLéger, v. 101"
719,101,6,miel,miel,101,Adv,Adv,mal3,C/V\,"SLéger, v. 101"
720,101,7,",",",",101,Pnc,Pnc,,,"SLéger, v. 101"
721,102,1,toth,toth,102,QIs,QIs,tout,C/V\,"SLéger, v. 102"
722,102,2,per,per,102,Pre,Pre,par,C/V\,"SLéger, v. 102"
723,102,3,enveia,enveia,102,N,N,,/V\.C/V\.'C/V\,"SLéger, v. 102"
724,102,4,",",",",102,Pnc,Pnc,,,"SLéger, v. 102"
725,102,5,non,non,102,Neg,Neg,ne,C/V\,"SLéger, v. 102"
726,102,6,per,per,102,Pre,Pre,par,C/V\,"SLéger, v. 102"
727,102,7,el,el,102,Prn,Prn,el,/V\,"SLéger, v. 102"
728,102,8,.,.,102,Pnc,Pnc,,,"SLéger, v. 102"
729,103,1,et,et,103,Crd,Crd,et,/V\,"SLéger, v. 103"
730,103,2,sancz,sancz,103,Adj,Adj,saint,C/V\,"SLéger, v. 103"
731,103,3,lethgiers,lethgiers,103,N,N,,C/V\.'C/V\,"SLéger, v. 103"
732,103,4,fist,fist,103,Vfin,Vfin,faire,C/V\,"SLéger, v. 103"
733,103,5,so,so,103,Det,Det,son4,C/V\,"SLéger, v. 103"
734,103,6,mistier,mistier,103,N,N,,C/V\.'C/V\,"SLéger, v. 103"
735,103,7,",",",",103,Pnc,Pnc,,,"SLéger, v. 103"
736,104,1,ewrui,ewrui,104,N,N,,/V\.C/V\.'C/V\,"SLéger, v. 104"
737,104,2,prist,prist,104,Vfin,Vfin,prendre,C/V\,"SLéger, v. 104"
738,104,3,a,a,104,Pre,Pre,à,/V\,"SLéger, v. 104"
739,104,4,castier,castier,104,Vinf,Vinf,,C/V\.C/V\.'C/V\,"SLéger, v. 104"
740,104,5,:,:,104,Pnc,Pnc,,,"SLéger, v. 104"
741,105,1,ciel',ciel',105,Dem,Dem,cil,C/V\,"SLéger, v. 105"
742,105,2,irä,irä,105,N,N,,'/V\.C/(e)\,"SLéger, v. 105"
743,105,3,grand,grand,105,Adj,Adj,grand,C/V\,"SLéger, v. 105"
744,105,4,et,et,105,Crd,Crd,et,/V\,"SLéger, v. 105"
745,105,5,ciel,ciel,105,Dem,Dem,cil,C/V\,"SLéger, v. 105"
746,105,6,corropt,corropt,105,N,N,,C/V\.'C/V\,"SLéger, v. 105"
747,105,7,",",",",105,Pnc,Pnc,,,"SLéger, v. 105"
748,106,1,cio,cio,106,Prn,Prn,ce,C/V\,"SLéger, v. 106"
749,106,2,li,li,106,Prn,Prn$$,li,C/V\,"SLéger, v. 106"
750,106,3,preia,preia,106,Vfin,Vfin,prier,C/V\.'C/V\,"SLéger, v. 106"
751,106,4,",",",",106,Pnc,Pnc,,,"SLéger, v. 106"
752,106,5,laissas,laissas,106,Vfin,Vfin,laisser,C/V\.'C/V\,"SLéger, v. 106"
753,106,6,lo,lo,106,Prn,Prn%%,le,C/(e)\,"SLéger, v. 106"
754,106,7,toth,toth,106,QIs,QIs,tout,C/V\,"SLéger, v. 106"
755,106,8,.,.,106,Pnc,Pnc,,,"SLéger, v. 106"
756,107,1,fus,fus,107,Vfin,Vfin,être,C/V\,"SLéger, v. 107"
757,107,2,li,li,107,Prn,Prn%%,li,C/V\,"SLéger, v. 107"
758,107,3,por,por,107,Pre,Pre,pour,C/V\,"SLéger, v. 107"
759,107,4,deu,deu,107,N,N,,C/V\,"SLéger, v. 107"
760,107,5,",",",",107,Pnc,Pnc,,,"SLéger, v. 107"
761,107,6,ne,ne,107,Neg,Neg$$,ne,C/(e)\,"SLéger, v. 107"
762,107,7,·l,·l,107,Prn,Prn$$,le,/\C,"SLéger, v. 107"
763,107,8,fus,fus,107,Vfin,Vfin,être,C/V\,"SLéger, v. 107"
764,107,9,por,por,107,Pre,Pre,pour,C/V\,"SLéger, v. 107"
765,107,10,lui,lui,107,Prn,Prn,lui,C/V\,"SLéger, v. 107"
766,107,11,.,.,107,Pnc,Pnc,,,"SLéger, v. 107"
767,108,1,cio,cio,108,Prn,Prn,ce,C/V\,"SLéger, v. 108"
768,108,2,li,li,108,Prn,Prn$$,li,C/V\,"SLéger, v. 108"
769,108,3,preia,preia,108,Vfin,Vfin,prier,C/V\.'C/V\,"SLéger, v. 108"
770,108,4,",",",",108,Pnc,Pnc,,,"SLéger, v. 108"
771,108,5,paias,paias,108,Vfin,Vfin,,C/V\.'C/V\,"SLéger, v. 108"
772,108,6,s',s',108,Prn,Prn%%,se,C/\,"SLéger, v. 108"
773,108,7,ab,ab,108,Pre,Pre,o,/V\,"SLéger, v. 108"
774,108,8,lui,lui,108,Prn,Prn,lui,C/V\,"SLéger, v. 108"
775,108,9,.,.,108,Pnc,Pnc,,,"SLéger, v. 108"
776,109,1,et,et,109,Crd,Crd,et,/V\,"SLéger, v. 109"
777,109,2,ewruins,ewruins,109,N,N,,/V\.C/V\.'C/V\,"SLéger, v. 109"
778,109,3,fist,fist,109,Vfin,Vfin,faire,C/V\,"SLéger, v. 109"
779,109,4,finctä,finctä,109,Adj,Adj,,'C/V\.C/(e)\,"SLéger, v. 109"
780,109,5,pais,pais,109,N,N,,C/V\,"SLéger, v. 109"
781,109,6,;,;,109,Pnc,Pnc,,,"SLéger, v. 109"
782,110,1,cio,cio,110,Prn,Prn,ce,C/V\,"SLéger, v. 110"
783,110,2,·l,·l,110,Prn,Prn$$,le,/\C,"SLéger, v. 110"
784,110,3,demonstrat,demonstrat,110,Vfin,Vfin,,C/V\.C/V\.'C/V\,"SLéger, v. 110"
785,110,4,",",",",110,Pnc,Pnc,,,"SLéger, v. 110"
786,110,5,que,que,110,Sub,Sub,que,C/(e)\,"SLéger, v. 110"
787,110,6,si,si,110,Adv,Adv,si4,C/V\,"SLéger, v. 110"
788,110,7,paias,paias,110,Vfin,Vfin,,C/V\.'C/V\,"SLéger, v. 110"
789,110,8,.,.,110,Pnc,Pnc,,,"SLéger, v. 110"
790,111,1,quandius,quandius,111,Sub,Sub,quand,'C/V\./e\,"SLéger, v. 111"
791,111,2,in,in,111,Pre,Pre,en,/V\,"SLéger, v. 111"
792,111,3,ciel,ciel,111,Dem,Dem,cil,C/V\,"SLéger, v. 111"
793,111,4,monstier,monstier,111,N,N,,C/V\.'C/V\,"SLéger, v. 111"
794,111,5,instud,instud,111,Vfin,Vfin,,/V\.'C/V\,"SLéger, v. 111"
795,111,6,",",",",111,Pnc,Pnc,,,"SLéger, v. 111"
796,112,1,cio,cio,112,Prn,Prn,ce,C/V\,"SLéger, v. 112"
797,112,2,·l,·l,112,Prn,Prn$$,le,/\C,"SLéger, v. 112"
798,112,3,demonstrat,demonstrat,112,Vfin,Vfin,,C/V\.C/V\.'C/V\,"SLéger, v. 112"
799,112,4,",",",",112,Pnc,Pnc,,,"SLéger, v. 112"
800,112,5,amix,amix,112,N,N,,/V\.'C/V\,"SLéger, v. 112"
801,112,6,li,li,112,Prn,Prn$$,li,C/V\,"SLéger, v. 112"
802,112,7,fust,fust,112,Vfin,Vfin,être,C/V\,"SLéger, v. 112"
803,112,8,.,.,112,Pnc,Pnc,,,"SLéger, v. 112"
804,113,1,mais,mais,113,Crd,Crd,mais,C/V\,"SLéger, v. 113"
805,113,2,en,en,113,Pre,Pre,en,/V\,"SLéger, v. 113"
806,113,3,avant,avant,113,PrA,PrA,avant,/V\.'C/V\,"SLéger, v. 113"
807,113,4,vos,vos,113,Prn,Prn,vous,C/V\,"SLéger, v. 113"
808,113,5,cio,cio,113,Prn,Prn,ce,C/V\,"SLéger, v. 113"
809,113,6,aurez,aurez,113,Vfin,Vfin,avoir,/V\.'C/V\,"SLéger, v. 113"
810,113,7,",",",",113,Pnc,Pnc,,,"SLéger, v. 113"
811,114,1,cum,cum,114,Sub,Sub,comme,C/V\,"SLéger, v. 114"
812,114,2,ill,ill,114,Prn,Prn$,le,/V\,"SLéger, v. 114"
813,114,3,edrat,edrat,114,Vfin,Vfin,,/V\.'C/V\,"SLéger, v. 114"
814,114,4,por,por,114,Pre,Pre,pour,C/V\,"SLéger, v. 114"
815,114,5,mala,mala,114,Adj,Adj,mal2,C/V\.'C/V\,"SLéger, v. 114"
816,114,6,fid,fid,114,N,N,,C/V\,"SLéger, v. 114"
817,114,7,.,.,114,Pnc,Pnc,,,"SLéger, v. 114"
818,115,1,rex,rex,115,N,N,,C/V\,"SLéger, v. 115"
819,115,2,chielperings,chielperings,115,N,N,,C/V\.C/e\.'C/V\,"SLéger, v. 115"
820,115,3,il,il,115,Prn,Prn$,il,/V\,"SLéger, v. 115"
821,115,4,se,se,115,Prn,Prn$$,se,C/(e)\,"SLéger, v. 115"
822,115,5,fud,fud,115,Vfin,Vfin,être,C/V\,"SLéger, v. 115"
823,115,6,morz,morz,115,Vpp,Vpp,mourir,C/V\,"SLéger, v. 115"
824,115,7,;,;,115,Pnc,Pnc,,,"SLéger, v. 115"
825,116,1,por,por,116,Pre,Pre,pour,C/V\,"SLéger, v. 116"
826,116,2,lo,lo,116,Det,Det,le,C/(e)\,"SLéger, v. 116"
827,116,3,regnét,regnét,116,N,N,,C/V\.'C/V\,"SLéger, v. 116"
828,116,4,lo,lo,116,Prn,Prn$$,le,C/(e)\,"SLéger, v. 116"
829,116,5,sowrent,sowrent,116,Vfin,Vfin,savoir,'C/V\.C/e\,"SLéger, v. 116"
830,116,6,tost,tost,116,Adv,Adv,tôt,C/V\,"SLéger, v. 116"
831,116,7,.,.,116,Pnc,Pnc,,,"SLéger, v. 116"
832,117,1,vindrent,vindrent,117,Vfin,Vfin,venir,'C/V\.C/e\,"SLéger, v. 117"
833,117,2,parent,parent,117,N,N,,C/V\.'C/V\,"SLéger, v. 117"
834,117,3,e,e,117,Crd,Crd,et,/V\,"SLéger, v. 117"
835,117,4,lor,lor,117,Det,Det,leur2,C/V\,"SLéger, v. 117"
836,117,5,amic,amic,117,N,N,,/V\.'C/V\,"SLéger, v. 117"
837,117,6,",",",",117,Pnc,Pnc,,,"SLéger, v. 117"
838,118,1,li,li,118,Prn,Prn,li,C/V\,"SLéger, v. 118"
839,118,2,sanct,sanct,118,Adj,Adj,saint,C/V\,"SLéger, v. 118"
840,118,3,lethgier,lethgier,118,N,N,,C/V\.'C/V\,"SLéger, v. 118"
841,118,4,",",",",118,Pnc,Pnc,,,"SLéger, v. 118"
842,118,5,li,li,118,Prn,Prn,li,C/V\,"SLéger, v. 118"
843,118,6,ewrui,ewrui,118,N,N,,/V\.C/V\.'C/V\,"SLéger, v. 118"
844,118,7,.,.,118,Pnc,Pnc,,,"SLéger, v. 118"
845,119,1,cio,cio,119,Prn,Prn,ce,C/V\,"SLéger, v. 119"
846,119,2,confortent,confortent,119,Vfin,Vfin,,C/V\.'C/V\.C/e\,"SLéger, v. 119"
847,119,3,ad,ad,119,Pre,Pre,à,/V\,"SLéger, v. 119"
848,119,4,ambes,ambes,119,QIs,QIs,ambe,'/V\.C/e\,"SLéger, v. 119"
849,119,5,duos,duos,119,QIs,QIs,deux,C/V\,"SLéger, v. 119"
850,119,6,",",",",119,Pnc,Pnc,,,"SLéger, v. 119"
851,120,1,que,que,120,Sub,Sub,que,C/(e)\,"SLéger, v. 120"
852,120,2,s',s',120,Prn,Prn$$,se,C/\,"SLéger, v. 120"
853,120,3,ent,ent,120,Prn,Prn$$,en2,/V\,"SLéger, v. 120"
854,120,4,ralgent,ralgent,120,Vfin,Vfin,raller,'C/V\.C/e\,"SLéger, v. 120"
855,120,5,in,in,120,Pre,Pre,en,/V\,"SLéger, v. 120"
856,120,6,lor,lor,120,Det,Det,leur2,C/V\,"SLéger, v. 120"
857,120,7,honors,honors,120,N,N,,/V\.'C/V\,"SLéger, v. 120"
858,120,8,.,.,120,Pnc,Pnc,,,"SLéger, v. 120"
859,121,1,et,et,121,Crd,Crd,et,/V\,"SLéger, v. 121"
860,121,2,sancz,sancz,121,Adj,Adj,saint,C/V\,"SLéger, v. 121"
861,121,3,lethgiers,lethgiers,121,N,N,,C/V\.'C/V\,"SLéger, v. 121"
862,121,4,den,den,121,Adv,Adv,dent,C/V\,"SLéger, v. 121"
863,121,5,fistdra,fistdra,121,Vfin,Vfin,faire,C/V\.'C/V\,"SLéger, v. 121"
864,121,6,bien,bien,121,Adv,Adv,bien,C/V\,"SLéger, v. 121"
865,121,7,",",",",121,Pnc,Pnc,,,"SLéger, v. 121"
866,122,1,quæ,quæ,122,Crd,Crd,que,C/(e)\,"SLéger, v. 122"
867,122,2,s',s',122,Prn,Prn$$,se,C/\,"SLéger, v. 122"
868,122,3,en,en,122,Prn,Prn$$,en2,/V\,"SLéger, v. 122"
869,122,4,ralat,ralat,122,Vfin,Vfin,raller,C/V\.'C/V\,"SLéger, v. 122"
870,122,5,en,en,122,Pre,Pre,en,/V\,"SLéger, v. 122"
871,122,6,s',s',122,Det,Det,son4,C/\,"SLéger, v. 122"
872,122,7,evesquét,evesquét,122,N,N,,/V\.C/e\.'C/V\,"SLéger, v. 122"
873,122,8,.,.,122,Pnc,Pnc,,,"SLéger, v. 122"
874,123,1,et,et,123,Crd,Crd,et,/V\,"SLéger, v. 123"
875,123,2,ewruins,ewruins,123,N,N,,/V\.C/V\.'C/V\,"SLéger, v. 123"
876,123,3,den,den,123,Adv,Adv,dent,C/V\,"SLéger, v. 123"
877,123,4,fisdra,fisdra,123,Vfin,Vfin,faire,C/V\.'C/V\,"SLéger, v. 123"
878,123,5,miel,miel,123,Adv,Adv,mal3,C/V\,"SLéger, v. 123"
879,123,6,",",",",123,Pnc,Pnc,,,"SLéger, v. 123"
880,124,1,quæ,quæ,124,Crd,Crd,que,C/(e)\,"SLéger, v. 124"
881,124,2,donc,donc,124,Adv,Adv,donc,C/V\,"SLéger, v. 124"
882,124,3,deveng,deveng,124,Vfin,Vfin,devenir,C/V\.'C/V\,"SLéger, v. 124"
883,124,4,anatemaz,anatemaz,124,Vpp,Vpp,,/V\.C/V\.C/e\.'C/V\,"SLéger, v. 124"
884,124,5,.,.,124,Pnc,Pnc,,,"SLéger, v. 124"
885,125,1,son,son,125,Det,Det,son4,C/V\,"SLéger, v. 125"
886,125,2,quev,quev,125,N,N,,C/V\,"SLéger, v. 125"
887,125,3,que,que,125,Qux,Qux,que,C/(e)\,"SLéger, v. 125"
888,125,4,il,il,125,Prn,Prn$,il,/V\,"SLéger, v. 125"
889,125,5,a,a,125,Vfin,Vfin,avoir,/V\,"SLéger, v. 125"
890,125,6,coronat,coronat,125,Vpp,Vpp,,C/V\.C/V\.'C/V\,"SLéger, v. 125"
891,125,7,",",",",125,Pnc,Pnc,,,"SLéger, v. 125"
892,126,1,toth,toth,126,QIs,QIs,tout,C/V\,"SLéger, v. 126"
893,126,2,lo,lo,126,Prn,Prn$$,le,C/(e)\,"SLéger, v. 126"
894,126,3,laisera,laisera,126,Vfin,Vfin,laisser,C/V\.C/V\.'C/V\,"SLéger, v. 126"
895,126,4,recimer,recimer,126,Vinf,Vinf,,C/V\.C/V\.'C/V\,"SLéger, v. 126"
896,126,5,.,.,126,Pnc,Pnc,,,"SLéger, v. 126"
897,127,1,dominé,dominé,127,N,N,,C/V\.C/V\.'C/(e)\,"SLéger, v. 127"
898,127,2,deu,deu,127,N,N,,C/V\,"SLéger, v. 127"
899,127,3,il,il,127,Prn,Prn$,il,/V\,"SLéger, v. 127"
900,127,4,lo,lo,127,Prn,Prn$$,le,C/(e)\,"SLéger, v. 127"
901,127,5,laissat,laissat,127,Vfin,Vfin,laisser,C/V\.'C/V\,"SLéger, v. 127"
902,127,6,",",",",127,Pnc,Pnc,,,"SLéger, v. 127"
903,128,1,et,et,128,Crd,Crd,et,/V\,"SLéger, v. 128"
904,128,2,a,a,128,Pre,Pre,à,/V\,"SLéger, v. 128"
905,128,3,diable,diable,128,N,N,,C/V\.'C/V\.C/(e)\,"SLéger, v. 128"
906,128,4,·s,·s,128,Prn,Prn$$,se,/\C,"SLéger, v. 128"
907,128,5,comandat,comandat,128,Vfin,Vfin,commander,C/V\.C/V\.'C/V\,"SLéger, v. 128"
908,128,6,.,.,128,Pnc,Pnc,,,"SLéger, v. 128"
909,129,1,qui,qui,129,Qux,Qux,qui,C/V\,"SLéger, v. 129"
910,129,2,donc,donc,129,Adv,Adv,donc,C/V\,"SLéger, v. 129"
911,129,3,fud,fud,129,Vfin,Vfin,être,C/V\,"SLéger, v. 129"
912,129,4,miels,miels,129,Adj,Adj,mal2,C/V\,"SLéger, v. 129"
913,129,5,et,et,129,Crd,Crd,et,/V\,"SLéger, v. 129"
914,129,6,a,a,129,Pre,Pre,à,/V\,"SLéger, v. 129"
915,129,7,lui,lui,129,Prn,Prn,lui,C/V\,"SLéger, v. 129"
916,129,8,vint,vint,129,Vfin,Vfin,venir,C/V\,"SLéger, v. 129"
917,129,9,",",",",129,Pnc,Pnc,,,"SLéger, v. 129"
918,130,1,il,il,130,Prn,Prn,il,/V\,"SLéger, v. 130"
919,130,2,voluntiers,voluntiers,130,Adv,Adv,volentiers,C/V\.C/V\.'C/V\,"SLéger, v. 130"
920,130,3,semper,semper,130,Adv,Adv,sempre,'C/V\.C/e\,"SLéger, v. 130"
921,130,4,reciut,reciut,130,Vfin,Vfin,recevoir,C/V\.'C/V\,"SLéger, v. 130"
922,130,5,.,.,130,Pnc,Pnc,,,"SLéger, v. 130"
923,131,1,cum,cum,131,Sub,Sub,comme,C/V\,"SLéger, v. 131"
924,131,2,fulc,fulc,131,N,N,,C/V\,"SLéger, v. 131"
925,131,3,en,en,131,Prn,Prn$$,en2,/V\,"SLéger, v. 131"
926,131,4,aut,aut,131,Vfin,Vfin,avoir,/V\,"SLéger, v. 131"
927,131,5,grand,grand,131,Adj,Adj,grand,C/V\,"SLéger, v. 131"
928,131,6,adunat,adunat,131,Vpp,Vpp,,/V\.C/V\.'C/V\,"SLéger, v. 131"
929,131,7,",",",",131,Pnc,Pnc,,,"SLéger, v. 131"
930,132,1,lo,lo,132,Det,Det,le,C/(e)\,"SLéger, v. 132"
931,132,2,regne,regne,132,N,N,,'C/V\.C/(e)\,"SLéger, v. 132"
932,132,3,prest,prest,132,Vfin,Vfin,prendre,C/V\,"SLéger, v. 132"
933,132,4,a,a,132,Pre,Pre,à,/V\,"SLéger, v. 132"
934,132,5,devastar,devastar,132,Vinf,Vinf,,C/V\.C/V\.'C/V\,"SLéger, v. 132"
935,132,6,.,.,132,Pnc,Pnc,,,"SLéger, v. 132"
936,133,1,a,a,133,Pre,Pre,à,/V\,"SLéger, v. 133"
937,133,2,foc,foc,133,N,N,,C/V\,"SLéger, v. 133"
938,133,3,",",",",133,Pnc,Pnc,,,"SLéger, v. 133"
939,133,4,a,a,133,Pre,Pre,à,/V\,"SLéger, v. 133"
940,133,5,flammä,flammä,133,N,N,,C/V\.'C/V\,"SLéger, v. 133"
941,133,6,vai,vai,133,Vfin,Vfin,aller,C/V\,"SLéger, v. 133"
942,133,7,ardant,ardant,133,Vprs,Vprs,ardre,/V\.'C/V\,"SLéger, v. 133"
943,133,8,",",",",133,Pnc,Pnc,,,"SLéger, v. 133"
944,134,1,et,et,134,Crd,Crd,et,/V\,"SLéger, v. 134"
945,134,2,a,a,134,Pre,Pre,à,/V\,"SLéger, v. 134"
946,134,3,gladies,gladies,134,N,N,,C/V\.'C/V\./e\,"SLéger, v. 134"
947,134,4,percutan,percutan,134,Vprs,Vprs,,C/V\.C/V\.'C/V\,"SLéger, v. 134"
948,134,5,.,.,134,Pnc,Pnc,,,"SLéger, v. 134"
949,135,1,por,por,135,Pre,Pre,pour,C/V\,"SLéger, v. 135"
950,135,2,quant,quant,135,Qux,Qux,quant,C/V\,"SLéger, v. 135"
951,135,3,il,il,135,Prn,Prn$,il,/V\,"SLéger, v. 135"
952,135,4,pot,pot,135,Vfin,Vfin,pouvoir2,C/V\,"SLéger, v. 135"
953,135,5,",",",",135,Pnc,Pnc,,,"SLéger, v. 135"
954,135,6,tan,tan,135,QIs,QIs,tant,C/V\,"SLéger, v. 135"
955,135,7,fai,fai,135,Vfin,Vfin,faire,C/V\,"SLéger, v. 135"
956,135,8,de,de,135,Pre,Pre,de,C/(e)\,"SLéger, v. 135"
957,135,9,miel,miel,135,N,N,mal,C/V\,"SLéger, v. 135"
958,135,10,;,;,135,Pnc,Pnc,,,"SLéger, v. 135"
959,136,1,por,por,136,Pre,Pre,pour,C/V\,"SLéger, v. 136"
960,136,2,deu,deu,136,N,N,,C/V\,"SLéger, v. 136"
961,136,3,ne,ne,136,Neg,Neg$$,ne,C/(e)\,"SLéger, v. 136"
962,136,4,·l,·l,136,Prn,Prn$$,le,/\C,"SLéger, v. 136"
963,136,5,volt,volt,136,Vfin,Vfin,vouloir,C/V\,"SLéger, v. 136"
964,136,6,il,il,136,Prn,Prn%,il,/V\,"SLéger, v. 136"
965,136,7,observer,observer,136,Vinf,Vinf,,/V\.C/V\.'C/V\,"SLéger, v. 136"
966,136,8,.,.,136,Pnc,Pnc,,,"SLéger, v. 136"
967,137,1,ciel,ciel,137,Dem,Dem,cil,C/V\,"SLéger, v. 137"
968,137,2,ne,ne,137,Neg,Neg$$,ne,C/(e)\,"SLéger, v. 137"
969,137,3,fud,fud,137,Vfin,Vfin,être,C/V\,"SLéger, v. 137"
970,137,4,nez,nez,137,Vpp,Vpp,naître,C/V\,"SLéger, v. 137"
971,137,5,de,de,137,Pre,Pre,de,C/(e)\,"SLéger, v. 137"
972,137,6,medre,medre,137,N,N,,'C/V\.C/(e)\,"SLéger, v. 137"
973,137,7,vius,vius,137,Adj,Adj,vif,C/<V>\.'/V\,"SLéger, v. 137"
974,138,1,qui,qui,138,Qux,Qux,qui,C/V\,"SLéger, v. 138"
975,138,2,tal,tal,138,Adj,Adj,tel,C/V\,"SLéger, v. 138"
976,138,3,exercite,exercite,138,N,N,,/V\.C/V\.'C/V\.C/(e)\,"SLéger, v. 138"
977,138,4,vidist,vidist,138,Vfin,Vfin,voir,C/V\.'C/V\,"SLéger, v. 138"
978,138,5,.,.,138,Pnc,Pnc,,,"SLéger, v. 138"
979,139,1,ad,ad,139,Pre,Pre,à,/V\,"SLéger, v. 139"
980,139,2,ostedun,ostedun,139,N,N,,/V\.C/e\.'C/V\,"SLéger, v. 139"
981,139,3,",",",",139,Pnc,Pnc,,,"SLéger, v. 139"
982,139,4,a,a,139,Pre,Pre,à,/V\,"SLéger, v. 139"
983,139,5,cillä,cillä,139,Dem,Dem,cil,'C/V\.C/(e)\,"SLéger, v. 139"
984,139,6,ciu,ciu,139,N,N,,C/V\,"SLéger, v. 139"
985,139,7,",",",",139,Pnc,Pnc,,,"SLéger, v. 139"
986,140,1,dom,dom,140,Qux,Qux,dont,C/V\,"SLéger, v. 140"
987,140,2,sanct,sanct,140,Adj,Adj,saint,C/V\,"SLéger, v. 140"
988,140,3,lethgier,lethgier,140,N,N,,C/V\.'C/V\,"SLéger, v. 140"
989,140,4,vai,vai,140,Vfin,Vfin,aller,C/V\,"SLéger, v. 140"
990,140,5,asalir,asalir,140,Vinf,Vinf,,/V\.C/V\.'C/V\,"SLéger, v. 140"
991,140,6,.,.,140,Pnc,Pnc,,,"SLéger, v. 140"
992,141,1,ne,ne,141,Neg,Neg$$,ne,C/(e)\,"SLéger, v. 141"
993,141,2,pot,pot,141,Vfin,Vfin,pouvoir2,C/V\,"SLéger, v. 141"
994,141,3,intrer,intrer,141,Vinf,Vinf,entrer,/V\.'C/V\,"SLéger, v. 141"
995,141,4,en,en,141,Pre,Pre,en,/V\,"SLéger, v. 141"
996,141,5,la,la,141,Det,Det,le,C/V\,"SLéger, v. 141"
997,141,6,ciutat,ciutat,141,N,N,,C/V\.'C/V\,"SLéger, v. 141"
998,141,7,;,;,141,Pnc,Pnc,,,"SLéger, v. 141"
999,142,1,defors,defors,142,PrA,PrA,dehors,C/V\.'C/V\,"SLéger, v. 142"
1000,142,2,l',l',142,Prn,Prn$$,le,C/\,"SLéger, v. 142"
1001,142,3,asist,asist,142,Vfin,Vfin,asseoir,/V\.'C/V\,"SLéger, v. 142"
1002,142,4,",",",",142,Pnc,Pnc,,,"SLéger, v. 142"
1003,142,5,fist,fist,142,Vfin,Vfin,faire,C/V\,"SLéger, v. 142"
1004,142,6,i,i,142,Prn,Prn%%,y2,/V\,"SLéger, v. 142"
1005,142,7,gran,gran,142,Adj,Adj,grand,C/V\,"SLéger, v. 142"
1006,142,8,miel,miel,142,N,N,mal,C/V\,"SLéger, v. 142"
1007,142,9,.,.,142,Pnc,Pnc,,,"SLéger, v. 142"
1008,143,1,et,et,143,Crd,Crd,et,/V\,"SLéger, v. 143"
1009,143,2,sancz,sancz,143,Adj,Adj,saint,C/V\,"SLéger, v. 143"
1010,143,3,lethgiers,lethgiers,143,N,N,,C/V\.'C/V\,"SLéger, v. 143"
1011,143,4,mul,mul,143,QIs,QIs,moult,C/V\,"SLéger, v. 143"
1012,143,5,en,en,143,Prn,Prn$$,en2,/V\,"SLéger, v. 143"
1013,143,6,fud,fud,143,Vfin,Vfin,être,C/V\,"SLéger, v. 143"
1014,143,7,trists,trists,143,Adj,Adj,triste,C/V\,"SLéger, v. 143"
1015,143,8,",",",",143,Pnc,Pnc,,,"SLéger, v. 143"
1016,144,1,por,por,144,Pre,Pre,pour,C/V\,"SLéger, v. 144"
1017,144,2,ciel,ciel,144,Dem,Dem,cil,C/V\,"SLéger, v. 144"
1018,144,3,tiel,tiel,144,Adj,Adj,tel,C/V\,"SLéger, v. 144"
1019,144,4,miel,miel,144,N,N,mal,C/V\,"SLéger, v. 144"
1020,144,5,quæ,quæ,144,Qux,Qux,que,C/(e)\,"SLéger, v. 144"
1021,144,6,defors,defors,144,PrA,PrA,dehors,C/V\.'C/V\,"SLéger, v. 144"
1022,144,7,vid,vid,144,Vfin,Vfin,voir,C/V\,"SLéger, v. 144"
1023,144,8,.,.,144,Pnc,Pnc,,,"SLéger, v. 144"
1024,145,1,sos,sos,145,Det,Det,son4,C/V\,"SLéger, v. 145"
1025,145,2,clerjés,clerjés,145,N,N,,C/V\.'C/V\,"SLéger, v. 145"
1026,145,3,pres,pres,145,Vfin,Vfin,prendre,C/V\,"SLéger, v. 145"
1027,145,4,il,il,145,Prn,Prn%,il,/V\,"SLéger, v. 145"
1028,145,5,revestiz,revistiz,145,Vpp,Vpp,revêtir,C/V\.C/V\.'C/V\,"SLéger, v. 145"
1029,145,6,",",",",145,Pnc,Pnc,,,"SLéger, v. 145"
1030,146,1,et,et,146,Crd,Crd,et,/V\,"SLéger, v. 146"
1031,146,2,ob,ob,146,Pre,Pre,o,/V\,"SLéger, v. 146"
1032,146,3,ses,ses,146,Det,Det,son4,C/V\,"SLéger, v. 146"
1033,146,4,croix,croix,146,N,N,,C/V\,"SLéger, v. 146"
1034,146,5,fors,fors,146,PrA,PrA,hors,C/V\,"SLéger, v. 146"
1035,146,6,s',s',146,Prn,Prn$$,se,C/\,"SLéger, v. 146"
1036,146,7,en,en,146,Prn,Prn$$,en2,/V\,"SLéger, v. 146"
1037,146,8,exit,exit,146,Vfin,Vfin,issir,/V\.'C/V\,"SLéger, v. 146"
1038,146,9,.,.,146,Pnc,Pnc,,,"SLéger, v. 146"
1039,147,1,porro,porro,147,Adv,Adv,,C/V\.'C/V\,"SLéger, v. 147"
1040,147,2,·n,·n,147,Prn,Prn$$,en2,/\C,"SLéger, v. 147"
1041,147,3,exit,exit,147,Vfin,Vfin,issir,/V\.'C/V\,"SLéger, v. 147"
1042,147,4,",",",",147,Pnc,Pnc,,,"SLéger, v. 147"
1043,147,5,vol,vol,147,Vfin,Vfin,vouloir,C/V\,"SLéger, v. 147"
1044,147,6,li,li,147,Prn,Prn%$,li,C/V\,"SLéger, v. 147"
1045,147,7,preier,preier,147,Vinf,Vinf,prier,C/{V}\./V\.'C/V\,"SLéger, v. 147"
1046,148,1,quæ,quæ,148,Sub,Sub,que,C/(e)\,"SLéger, v. 148"
1047,148,2,tot,tot,148,QIs,QIs,tout,C/V\,"SLéger, v. 148"
1048,148,3,ciel,ciel,148,Dem,Dem,cil,C/V\,"SLéger, v. 148"
1049,148,4,miel,miel,148,N,N,mal,C/V\,"SLéger, v. 148"
1050,148,5,laisses,laisses,148,Vfin,Vfin,laisser,'C/V\.C/e\,"SLéger, v. 148"
1051,148,6,por,por,148,Pre,Pre,pour,C/V\,"SLéger, v. 148"
1052,148,7,deu,deu,148,N,N,,C/V\,"SLéger, v. 148"
1053,148,8,.,.,148,Pnc,Pnc,,,"SLéger, v. 148"
1054,149,1,ciel,ciel,149,Dem,Dem,cil,C/V\,"SLéger, v. 149"
1055,149,2,ewruins,ewruins,149,N,N,,/V\.C/V\.'C/V\,"SLéger, v. 149"
1056,149,3,",",",",149,Pnc,Pnc,,,"SLéger, v. 149"
1057,149,4,qual,qual,149,Qux,Qux,quel,C/V\,"SLéger, v. 149"
1058,149,5,horä,horä,149,N,N,,'/V\.C/e\,"SLéger, v. 149"
1059,149,6,·l,·l,149,Prn,Prn$$,le,/\C,"SLéger, v. 149"
1060,149,7,vid,vid,149,Vfin,Vfin,voir,C/V\,"SLéger, v. 149"
1061,149,8,",",",",149,Pnc,Pnc,,,"SLéger, v. 149"
1062,150,1,penre,penre,150,Vinf,Vinf,prendre,'C/V\.C/(e)\,"SLéger, v. 150"
1063,150,2,·l,·l,150,Prn,Prn$$,le,/\C,"SLéger, v. 150"
1064,150,3,rovat,rovat,150,Vfin,Vfin,rover,C/V\.'C/V\,"SLéger, v. 150"
1065,150,4,",",",",150,Pnc,Pnc,,,"SLéger, v. 150"
1066,150,5,lïer,lïer,150,Vinf,Vinf,lier,C/{V}\.'/V\,"SLéger, v. 150"
1067,150,6,lo,lo,150,Prn,Prn$$,le,C/(e)\,"SLéger, v. 150"
1068,150,7,fist,fist,150,Vfin,Vfin,faire,C/V\,"SLéger, v. 150"
1069,150,8,.,.,150,Pnc,Pnc,,,"SLéger, v. 150"
1070,151,1,hor,hor,151,Adv,Adv,or2,/V\,"SLéger, v. 151"
1071,151,2,en,en,151,Prn,Prn$$,en2,/V\,"SLéger, v. 151"
1072,151,3,aurez,aurez,151,Vfin,Vfin,avoir,/V\.'C/V\,"SLéger, v. 151"
1073,151,4,las,las,151,Det,Det,le,C/V\,"SLéger, v. 151"
1074,151,5,poenäs,poenäs,151,N,N,,'C/V\.C/e\,"SLéger, v. 151"
1075,151,6,granz,granz,151,Adj,Adj,grand,C/V\,"SLéger, v. 151"
1076,151,7,",",",",151,Pnc,Pnc,,,"SLéger, v. 151"
1077,152,1,quæ,quæ,152,Qux,Qux,que,C/(e)\,"SLéger, v. 152"
1078,152,2,il,il,152,Prn,Prn$,il,/V\,"SLéger, v. 152"
1079,152,3,en,en,152,Prn,Prn$$,en2,/V\,"SLéger, v. 152"
1080,152,4,fisdra,fisdra,152,Vfin,Vfin,faire,C/V\.'C/V\,"SLéger, v. 152"
1081,152,5,",",",",152,Pnc,Pnc,,,"SLéger, v. 152"
1082,152,6,li,li,152,Det,Det,le,C/V\,"SLéger, v. 152"
1083,152,7,tiranz,tiranz,152,N,N,,C/V\.'C/V\,"SLéger, v. 152"
1084,152,8,.,.,152,Pnc,Pnc,,,"SLéger, v. 152"
1085,153,1,li,li,153,Det,Det,le,C/V\,"SLéger, v. 153"
1086,153,2,perfides,perfides,153,N,N,,C/V\.'C/V\.C/e\,"SLéger, v. 153"
1087,153,3,tam,tam,153,QIs,QIs,tant,C/V\,"SLéger, v. 153"
1088,153,4,fud,fud,153,Vfin,Vfin,être,C/V\,"SLéger, v. 153"
1089,153,5,cruels,cruels,153,Adj,Adj,,C/V\.'C/V\,"SLéger, v. 153"
1090,153,6,",",",",153,Pnc,Pnc,,,"SLéger, v. 153"
1091,154,1,lis,lis,154,Det,Det,le,C/V\,"SLéger, v. 154"
1092,154,2,ols,ols,154,N,N,,/V\,"SLéger, v. 154"
1093,154,3,del,del,154,Pre+Det,Pre+Det,de.le,C/V\,"SLéger, v. 154"
1094,154,4,cap,cap,154,N,N,,C/V\,"SLéger, v. 154"
1095,154,5,li,li,154,Prn,Prn$$,li,C/V\,"SLéger, v. 154"
1096,154,6,fai,fai,154,Vfin,Vfin,faire,C/V\,"SLéger, v. 154"
1097,154,7,crever,crever,154,Vinf,Vinf,crever,C/V\.'C/V\,"SLéger, v. 154"
1098,154,8,.,.,154,Pnc,Pnc,,,"SLéger, v. 154"
1099,155,1,cum,cum,155,Sub,Sub,comme,C/V\,"SLéger, v. 155"
1100,155,2,si,si,155,Adv,Adv,si4,C/V\,"SLéger, v. 155"
1101,155,3,l',l',155,Prn,Prn$$,le,C/\,"SLéger, v. 155"
1102,155,4,aut,aut,155,Vfin,Vfin,avoir,/V\,"SLéger, v. 155"
1103,155,5,fait,fait,155,Vpp,Vpp,faire,C/V\,"SLéger, v. 155"
1104,155,6,",",",",155,Pnc,Pnc,,,"SLéger, v. 155"
1105,155,7,mis,mis,155,Vfin,Vfin,mettre,C/V\,"SLéger, v. 155"
1106,155,8,l',l',155,Prn,Prn%%,le,C/\,"SLéger, v. 155"
1107,155,9,en,en,155,Pre,Pre,en,/V\,"SLéger, v. 155"
1108,155,10,reclus,reclus,155,N,N,,C/V\.'C/V\,"SLéger, v. 155"
1109,155,11,;,;,155,Pnc,Pnc,,,"SLéger, v. 155"
1110,156,1,ne,ne,156,Neg,Neg$$,ne,C/(e)\,"SLéger, v. 156"
1111,156,2,soth,soth,156,Vfin,Vfin,savoir,C/V\,"SLéger, v. 156"
1112,156,3,nuls,nuls,156,QIs,QIs,nul,C/V\,"SLéger, v. 156"
1113,156,4,om,om,156,N,N,,/V\,"SLéger, v. 156"
1114,156,5,qu',qu',156,Qux,Qux,que,C/\,"SLéger, v. 156"
1115,156,6,es,es,156,Vfin,Vfin,être,/V\,"SLéger, v. 156"
1116,156,7,devenguz,devenguz,156,Vpp,Vpp,devenir,C/V\.C/V\.'C/V\,"SLéger, v. 156"
1117,156,8,.,.,156,Pnc,Pnc,,,"SLéger, v. 156"
1118,157,1,am,am,157,QIs,QIs,ambe,/V\,"SLéger, v. 157"
1119,157,2,las,las,157,Det,Det,le,C/V\,"SLéger, v. 157"
1120,157,3,lawräs,lawräs,157,N,N,,'C/V\.C/e\,"SLéger, v. 157"
1121,157,4,li,li,157,Prn,Prn$$,li,C/V\,"SLéger, v. 157"
1122,157,5,fai,fai,157,Vfin,Vfin,faire,C/V\,"SLéger, v. 157"
1123,157,6,talier,talier,157,Vinf,Vinf,,C/V\.'C/V\,"SLéger, v. 157"
1124,158,1,hanc,hanc,158,Adv,Adv,,C/V\,"SLéger, v. 158"
1125,158,2,la,la,158,Det,Det,le,C/V\,"SLéger, v. 158"
1126,158,3,linguä,linguä,158,N,N,,'C/V\.C/(e)\,"SLéger, v. 158"
1127,158,4,quæ,quæ,158,Qux,Qux,que,C/(e)\,"SLéger, v. 158"
1128,158,5,aut,aut,158,Vfin,Vfin,avoir,/V\,"SLéger, v. 158"
1129,158,6,in,in,158,Pre,Pre,en,/V\,"SLéger, v. 158"
1130,158,7,quev,quev,158,N,N,,C/V\,"SLéger, v. 158"
1131,158,8,.,.,158,Pnc,Pnc,,,"SLéger, v. 158"
1132,159,1,cum,cum,159,Sub,Sub,comme,C/V\,"SLéger, v. 159"
1133,159,2,si,si,159,Adv,Adv,si4,C/V\,"SLéger, v. 159"
1134,159,3,l',l',159,Prn,Prn$$,le,C/\,"SLéger, v. 159"
1135,159,4,aut,aut,159,Vfin,Vfin,avoir,/V\,"SLéger, v. 159"
1136,159,5,toth,toth,159,QIs,QIs,tout,C/V\,"SLéger, v. 159"
1137,159,6,vituperét,vituperét,159,Vpp,Vpp,,C/V\.C/V\.C/e\.'C/V\,"SLéger, v. 159"
1138,159,7,",",",",159,Pnc,Pnc,,,"SLéger, v. 159"
1139,160,1,dist,dist,160,Vfin,Vfin,dire,C/V\,"SLéger, v. 160"
1140,160,2,ewruins,ewruins,160,N,N,,/V\.C/V\.'C/V\,"SLéger, v. 160"
1141,160,3,",",",",160,Pnc,Pnc,,,"SLéger, v. 160"
1142,160,4,qui,qui,160,Qux,Qux,qui,C/V\,"SLéger, v. 160"
1143,160,5,tan,tan,160,QIs,QIs,tant,C/V\,"SLéger, v. 160"
1144,160,6,fud,fud,160,Vfin,Vfin,être,C/V\,"SLéger, v. 160"
1145,160,7,miels,miels,160,Adj,Adj,mal2,C/V\,"SLéger, v. 160"
1146,160,8,:,:,160,Pnc,Pnc,,,"SLéger, v. 160"
1147,161,1,"""","""",161,Pnc,Pnc,,,"SLéger, v. 161"
1148,161,2,hor,hor,161,Adv,Adv,or2,/V\,"SLéger, v. 161"
1149,161,3,a,a,161,Vfin,Vfin,avoir,/V\,"SLéger, v. 161"
1150,161,4,perdud,perdud,161,Vpp,Vpp,perdre,C/V\.'C/V\,"SLéger, v. 161"
1151,161,5,don,don,161,Qux,Qux,dont,C/V\,"SLéger, v. 161"
1152,161,6,deu,deu,161,N,N,,C/V\,"SLéger, v. 161"
1153,161,7,parlier,parlier,161,Vinf,Vinf,parler,C/V\.'C/V\,"SLéger, v. 161"
1154,161,8,;,;,161,Pnc,Pnc,,,"SLéger, v. 161"
1155,162,1,ja,ja,162,Adv,Adv,jà,C/V\,"SLéger, v. 162"
1156,162,2,non,non,162,Neg,Neg$$,ne,C/V\,"SLéger, v. 162"
1157,162,3,podra,podra,162,Vfin,Vfin,pouvoir2,C/V\.'C/V\,"SLéger, v. 162"
1158,162,4,mais,mais,162,Adv,Adv,mais,C/V\,"SLéger, v. 162"
1159,162,5,deu,deu,162,N,N,,C/V\,"SLéger, v. 162"
1160,162,6,laudier,laudier,162,Vinf,Vinf,louer,C/V\.'C/V\,"SLéger, v. 162"
1161,162,7,"""","""",162,Pnc,Pnc,,,"SLéger, v. 162"
1162,162,8,.,.,162,Pnc,Pnc,,,"SLéger, v. 162"
1163,163,1,a,a,163,Pre,Pre,à,/V\,"SLéger, v. 163"
1164,163,2,terrä,terrä,163,N,N,,'C/V\.C/(e)\,"SLéger, v. 163"
1165,163,3,joth,joth,163,Vfin,Vfin,gésir,C/V\,"SLéger, v. 163"
1166,163,4,",",",",163,Pnc,Pnc,,,"SLéger, v. 163"
1167,163,5,mult,mult,163,QIs,QIs,moult,C/V\,"SLéger, v. 163"
1168,163,6,fo,fo,163,Vfin,Vfin,être,C/V\,"SLéger, v. 163"
1169,163,7,afflicz,afflicz,163,Vpp,Vpp,,/V\.'C/V\,"SLéger, v. 163"
1170,163,8,;,;,163,Pnc,Pnc,,,"SLéger, v. 163"
1171,164,1,non,non,164,Neg,Neg$$,ne,C/V\,"SLéger, v. 164"
1172,164,2,oct,oct,164,Vfin,Vfin,avoir,/V\,"SLéger, v. 164"
1173,164,3,ob,ob,164,Pre,Pre,o,/V\,"SLéger, v. 164"
1174,164,4,se,sé,164,Prn,Prn,se,C/V\,"SLéger, v. 164"
1175,164,5,cui,cui,164,Qux,Qux,cui,C/V\,"SLéger, v. 164"
1176,164,6,en,en,164,Prn,Prn$$,en2,/V\,"SLéger, v. 164"
1177,164,7,calsist,calsist,164,Vfin,Vfin,chaloir,C/V\.'C/V\,"SLéger, v. 164"
1178,164,8,.,.,164,Pnc,Pnc,,,"SLéger, v. 164"
1179,165,1,super,super,165,PrA,PrA,sur,C/V\.'C/V\,"SLéger, v. 165"
1180,165,2,lis,lis,165,Det,Det,le,C/V\,"SLéger, v. 165"
1181,165,3,piez,piez,165,N,N,,C/V\,"SLéger, v. 165"
1182,165,4,ne,ne,165,Neg,Neg$$,ne,C/(e)\,"SLéger, v. 165"
1183,165,5,pod,pod,165,Vfin,Vfin,pouvoir2,C/V\,"SLéger, v. 165"
1184,165,6,ester,ester,165,Vinf,Vinf,être,/V\.'C/V\,"SLéger, v. 165"
1185,165,7,",",",",165,Pnc,Pnc,,,"SLéger, v. 165"
1186,166,1,que,que,166,Crd,Crd,que,C/(e)\,"SLéger, v. 166"
1187,166,2,toz,toz,166,QIs,QIs,tout,C/V\,"SLéger, v. 166"
1188,166,3,los,los,166,Prn,Prn$$,le,C/V\,"SLéger, v. 166"
1189,166,4,at,at,166,Vfin,Vfin,avoir,/V\,"SLéger, v. 166"
1190,166,5,il,il,166,Prn,Prn%,il,/V\,"SLéger, v. 166"
1191,166,6,condemnets,condemnets,166,Vpp,Vpp,,C/V\.C/V\.'C/V\,"SLéger, v. 166"
1192,166,7,.,.,166,Pnc,Pnc,,,"SLéger, v. 166"
1193,167,1,or,or,167,Adv,Adv,or2,/V\,"SLéger, v. 167"
1194,167,2,a,a,167,Vfin,Vfin,avoir,/V\,"SLéger, v. 167"
1195,167,3,perdud,perdud,167,Vpp,Vpp,perdre,C/V\.'C/V\,"SLéger, v. 167"
1196,167,4,don,don,167,Qux,Qux,dont,C/V\,"SLéger, v. 167"
1197,167,5,deu,deu,167,N,N,,C/V\,"SLéger, v. 167"
1198,167,6,parlier,parlier,167,Vinf,Vinf,parler,C/V\.'C/V\,"SLéger, v. 167"
1199,167,7,;,;,167,Pnc,Pnc,,,"SLéger, v. 167"
1200,168,1,ja,ja,168,Adv,Adv,jà,C/V\,"SLéger, v. 168"
1201,168,2,non,non,168,Neg,Neg$$,ne,C/V\,"SLéger, v. 168"
1202,168,3,podra,podra,168,Vfin,Vfin,pouvoir2,C/V\.'C/V\,"SLéger, v. 168"
1203,168,4,mais,mais,168,Adv,Adv,mais,C/V\,"SLéger, v. 168"
1204,168,5,deu,deu,168,N,N,,C/V\,"SLéger, v. 168"
1205,168,6,laudier,laudier,168,Vinf,Vinf,louer,C/V\.'C/V\,"SLéger, v. 168"
1206,168,7,.,.,168,Pnc,Pnc,,,"SLéger, v. 168"
1207,169,1,sed,sed,169,Sub,Sub,si3,C/V\,"SLéger, v. 169"
1208,169,2,il,il,169,Prn,Prn$,il,/V\,"SLéger, v. 169"
1209,169,3,non,non,169,Neg,Neg$$,ne,C/V\,"SLéger, v. 169"
1210,169,4,ad,ad,169,Vfin,Vfin,avoir,/V\,"SLéger, v. 169"
1211,169,5,lingu',lingu',169,N,N,,C/V\,"SLéger, v. 169"
1212,169,6,a,a,169,Pre,Pre,à,/V\,"SLéger, v. 169"
1213,169,7,parlier,parlier,169,Vinf,Vinf,parler,C/V\.'C/V\,"SLéger, v. 169"
1214,169,8,",",",",169,Pnc,Pnc,,,"SLéger, v. 169"
1215,170,1,deus,deus,170,N,N,,C/V\,"SLéger, v. 170"
1216,170,2,exaudis,exaudis,170,Vfin,Vfin,,/V\.C/V\.'C/V\,"SLéger, v. 170"
1217,170,3,lis,lis,170,Det,Det,le,C/V\,"SLéger, v. 170"
1218,170,4,sos,sos,170,Adj,Adj,son4,C/V\,"SLéger, v. 170"
1219,170,5,pensaez,pensaëz,170,N,N,,C/V\.'C/V\./e\,"SLéger, v. 170"
1220,170,6,;,;,170,Pnc,Pnc,,,"SLéger, v. 170"
1221,171,1,et,et,171,Crd,Crd,et,/V\,"SLéger, v. 171"
1222,171,2,si,si,171,Sub,Sub,si3,C/V\,"SLéger, v. 171"
1223,171,3,el,el,171,Prn,Prn$,elle,/V\,"SLéger, v. 171"
1224,171,4,non,non,171,Neg,Neg$$,ne,C/V\,"SLéger, v. 171"
1225,171,5,ad,ad,171,Vfin,Vfin,avoir,/V\,"SLéger, v. 171"
1226,171,6,ols,ols,171,N,N,,/V\,"SLéger, v. 171"
1227,171,7,carnels,carnels,171,Adj,Adj,,C/V\.'C/V\,"SLéger, v. 171"
1228,171,8,",",",",171,Pnc,Pnc,,,"SLéger, v. 171"
1229,172,1,en,en,172,Pre,Pre,en,/V\,"SLéger, v. 172"
1230,172,2,cor,cor,172,N,N,,C/V\,"SLéger, v. 172"
1231,172,3,los,los,172,Prn,Prn$$,le,C/V\,"SLéger, v. 172"
1232,172,4,ad,ad,172,Vfin,Vfin,avoir,/V\,"SLéger, v. 172"
1233,172,5,espiritiels,espiritiels,172,Adj,Adj,,/V\.C/V\.C/V\.'C/V\,"SLéger, v. 172"
1234,172,6,;,;,172,Pnc,Pnc,,,"SLéger, v. 172"
1235,173,1,et,et,173,Crd,Crd,et,/V\,"SLéger, v. 173"
1236,173,2,si,si,173,Sub,Sub,si3,C/V\,"SLéger, v. 173"
1237,173,3,en,en,173,Pre,Pre,en,/V\,"SLéger, v. 173"
1238,173,4,corps,corps,173,N,N,,C/V\,"SLéger, v. 173"
1239,173,5,a,a,173,Vfin,Vfin,avoir,/V\,"SLéger, v. 173"
1240,173,6,grand,grand,173,Adj,Adj,grand,C/V\,"SLéger, v. 173"
1241,173,7,torment,torment,173,N,N,,C/V\.'C/V\,"SLéger, v. 173"
1242,173,8,",",",",173,Pnc,Pnc,,,"SLéger, v. 173"
1243,174,1,l',l',174,Det,Det,le,C/\,"SLéger, v. 174"
1244,174,2,anima,anima,174,N,N,,'/V\.C/e\,"SLéger, v. 174"
1245,174,3,·n,·n,174,Prn,Prn$$,en2,/\C,"SLéger, v. 174"
1246,174,4,awra,awra,174,Vfin,Vfin,avoir,/V\.'C/V\,"SLéger, v. 174"
1247,174,5,consolament,consolament,174,N,N,,C/V\.C/V\.C/e\.'C/V\,"SLéger, v. 174"
1248,174,6,.,.,174,Pnc,Pnc,,,"SLéger, v. 174"
1249,175,1,guenes,guenes,175,N,N,,'C/V\.C/e\,"SLéger, v. 175"
1250,175,2,oth,oth,175,Vfin,Vfin,avoir,/V\,"SLéger, v. 175"
1251,175,3,num,num,175,N,N,,C/V\,"SLéger, v. 175"
1252,175,4,cui,cui,175,Qux,Qux,cui,C/V\,"SLéger, v. 175"
1253,175,5,·l,·l,175,Prn,Prn$$,le,/\C,"SLéger, v. 175"
1254,175,6,comandat,comandat,175,Vfin,Vfin,commander,C/V\.C/V\.'C/V\,"SLéger, v. 175"
1255,175,7,;,;,175,Pnc,Pnc,,,"SLéger, v. 175"
1256,176,1,la,la,176,Adv,Adv,là,C/V\,"SLéger, v. 176"
1257,176,2,jus,jus,176,Adv,Adv,jus,C/V\,"SLéger, v. 176"
1258,176,3,en,en,176,Pre,Pre,en,/V\,"SLéger, v. 176"
1259,176,4,cartres,cartres,176,N,N,,'C/V\.C/e\,"SLéger, v. 176"
1260,176,5,l',l',176,Prn,Prn$$,le,C/\,"SLéger, v. 176"
1261,176,6,en,en,176,Prn,Prn$$,en2,/V\,"SLéger, v. 176"
1262,176,7,menat,menat,176,Vfin,Vfin,mener,C/V\.'C/V\,"SLéger, v. 176"
1263,176,8,;,;,176,Pnc,Pnc,,,"SLéger, v. 176"
1264,177,1,et,et,177,Crd,Crd,et,/V\,"SLéger, v. 177"
1265,177,2,en,en,177,Pre,Pre,en,/V\,"SLéger, v. 177"
1266,177,3,fescant,fescant,177,N,N,,C/V\.'C/V\,"SLéger, v. 177"
1267,177,4,",",",",177,Pnc,Pnc,,,"SLéger, v. 177"
1268,177,5,in,in,177,Pre,Pre,en,/V\,"SLéger, v. 177"
1269,177,6,ciel,ciel,177,Dem,Dem,cil,C/V\,"SLéger, v. 177"
1270,177,7,monstier,monstier,177,N,N,,C/V\.'C/V\,"SLéger, v. 177"
1271,177,8,",",",",177,Pnc,Pnc,,,"SLéger, v. 177"
1272,178,1,illo,illo,178,Adv,Adv,,/V\.'C/V\,"SLéger, v. 178"
1273,178,2,reclusdrent,reclusdrent,178,Vfin,Vfin,reclore,C/V\.'C/V\.C/e\,"SLéger, v. 178"
1274,178,3,sanct,sanct,178,Adj,Adj,saint,C/V\,"SLéger, v. 178"
1275,178,4,lethgier,lethgier,178,N,N,,C/V\.'C/V\,"SLéger, v. 178"
1276,178,5,.,.,178,Pnc,Pnc,,,"SLéger, v. 178"
1277,179,1,dominé,dominé,179,N,N,,C/V\.C/V\.'C/(e)\,"SLéger, v. 179"
1278,179,2,deus,deus,179,N,N,,C/V\,"SLéger, v. 179"
1279,179,3,in,in,179,Pre,Pre,en,/V\,"SLéger, v. 179"
1280,179,4,ciel,ciel,179,Dem,Dem,cil,C/V\,"SLéger, v. 179"
1281,179,5,flaiel,flaiel,179,N,N,,C/V\.'C/V\,"SLéger, v. 179"
1282,180,1,i,i,180,Prn,Prn$$,y2,/V\,"SLéger, v. 180"
1283,180,2,visitét,visitét,180,Vfin,Vfin,,C/V\.C/V\.'C/V\,"SLéger, v. 180"
1284,180,3,lethgier,lethgier,180,N,N,,C/V\.'C/V\,"SLéger, v. 180"
1285,180,4,son,son,180,Det,Det,son4,C/V\,"SLéger, v. 180"
1286,180,5,serw,serw,180,N,N,,C/V\,"SLéger, v. 180"
1287,180,6,.,.,180,Pnc,Pnc,,,"SLéger, v. 180"
1288,181,1,la,la,181,Det,Det,le,C/V\,"SLéger, v. 181"
1289,181,2,labiä,labiä,181,N,N,,'C/V\./(e)\,"SLéger, v. 181"
1290,181,3,li,li,181,Prn,Prn$$,li,C/V\,"SLéger, v. 181"
1291,181,4,ad,ad,181,Vfin,Vfin,avoir,/V\,"SLéger, v. 181"
1292,181,5,restaurat,restaurat,181,Vpp,Vpp,,C/V\.C/V\.'C/V\,"SLéger, v. 181"
1293,181,6,",",",",181,Pnc,Pnc,,,"SLéger, v. 181"
1294,182,1,si,si,182,Adv,Adv,si4,C/V\,"SLéger, v. 182"
1295,182,2,cum,cum,182,Sub,Sub,comme,C/V\,"SLéger, v. 182"
1296,182,3,desanz,desanz,182,Adv,Adv,desanz,C/V\.'C/V\,"SLéger, v. 182"
1297,182,4,deu,deu,182,N,N,,C/V\,"SLéger, v. 182"
1298,182,5,pres,pres,182,Vfin,Vfin,prendre,C/V\,"SLéger, v. 182"
1299,182,6,laudier,laudier,182,Vinf,Vinf,louer,C/V\.'C/V\,"SLéger, v. 182"
1300,182,7,;,;,182,Pnc,Pnc,,,"SLéger, v. 182"
1301,183,1,et,et,183,Crd,Crd,et,/V\,"SLéger, v. 183"
1302,183,2,hanc,hanc,183,Adv,Adv,,C/V\,"SLéger, v. 183"
1303,183,3,en,en,183,Prn,Prn$$,en2,/V\,"SLéger, v. 183"
1304,183,4,aut,aut,183,Vfin,Vfin,avoir,/V\,"SLéger, v. 183"
1305,183,5,merci,merci,183,N,N,,C/V\.'C/V\,"SLéger, v. 183"
1306,183,6,si,si,183,Adv,Adv,si4,C/V\,"SLéger, v. 183"
1307,183,7,grand,grand,183,Adj,Adj,grand,C/V\,"SLéger, v. 183"
1308,183,8,",",",",183,Pnc,Pnc,,,"SLéger, v. 183"
1309,184,1,parlier,parlier,184,Vinf,Vinf,parler,C/V\.'C/V\,"SLéger, v. 184"
1310,184,2,lo,lo,184,Prn,Prn$$,le,C/(e)\,"SLéger, v. 184"
1311,184,3,fist,fist,184,Vfin,Vfin,faire,C/V\,"SLéger, v. 184"
1312,184,4,si,si,184,Adv,Adv,si4,C/V\,"SLéger, v. 184"
1313,184,5,cum,cum,184,Sub,Sub,comme,C/V\,"SLéger, v. 184"
1314,184,6,desanz,desanz,184,Adv,Adv,desanz,C/V\.'C/V\,"SLéger, v. 184"
1315,184,7,.,.,184,Pnc,Pnc,,,"SLéger, v. 184"
1316,185,1,donc,donc,185,Adv,Adv,donc,C/V\,"SLéger, v. 185"
1317,185,2,pres,pres,185,Vfin,Vfin,prendre,C/V\,"SLéger, v. 185"
1318,185,3,lethgiers,lethgiers,185,N,N,,C/V\.'C/V\,"SLéger, v. 185"
1319,185,4,a,a,185,Pre,Pre,à,/V\,"SLéger, v. 185"
1320,185,5,preier,preier,185,Vinf,Vinf,prier,C/{V}\./V\.'C/V\,"SLéger, v. 185"
1321,185,6,",",",",185,Pnc,Pnc,,,"SLéger, v. 185"
1322,186,1,poble,poble,186,N,N,,'C/V\.C/(e)\,"SLéger, v. 186"
1323,186,2,ben,ben,186,Adv,Adv,bien,C/V\,"SLéger, v. 186"
1324,186,3,fist,fist,186,Vfin,Vfin,faire,C/V\,"SLéger, v. 186"
1325,186,4,credre,credre,186,Vinf,Vinf,croire,'C/V\.C/(e)\,"SLéger, v. 186"
1326,186,5,in,in,186,Pre,Pre,en,/V\,"SLéger, v. 186"
1327,186,6,deu,deu,186,N,N,,C/V\,"SLéger, v. 186"
1328,186,7,.,.,186,Pnc,Pnc,,,"SLéger, v. 186"
1329,187,1,et,et,187,Crd,Crd,et,/V\,"SLéger, v. 187"
1330,187,2,ewruis,ewruis,187,N,N,,/V\.C/V\.'C/V\,"SLéger, v. 187"
1331,187,3,",",",",187,Pnc,Pnc,,,"SLéger, v. 187"
1332,187,4,cum,cum,187,Sub,Sub,comme,C/V\,"SLéger, v. 187"
1333,187,5,il,il,187,Prn,Prn$,il,/V\,"SLéger, v. 187"
1334,187,6,l',l',187,Prn,Prn$$,le,C/\,"SLéger, v. 187"
1335,187,7,audit,audit,187,Vfin,Vfin,ouïr,/V\.'C/V\,"SLéger, v. 187"
1336,187,8,",",",",187,Pnc,Pnc,,,"SLéger, v. 187"
1337,188,1,credre,credre,188,Vinf,Vinf,croire,'C/V\.C/(e)\,"SLéger, v. 188"
1338,188,2,ne,ne,188,Neg,Neg$$,ne,C/(e)\,"SLéger, v. 188"
1339,188,3,·l,·l,188,Prn,Prn$$,le,/\C,"SLéger, v. 188"
1340,188,4,pot,pot,188,Vfin,Vfin,pouvoir2,C/V\,"SLéger, v. 188"
1341,188,5,antro,antro,188,PrA,PrA,entre,'/V\.C/e\,"SLéger, v. 188"
1342,188,6,que,que,188,Sub,Sub,que,C/(e)\,"SLéger, v. 188"
1343,188,7,·l,·l,188,Prn,Prn$$,le,/\C,"SLéger, v. 188"
1344,188,8,vid,vid,188,Vfin,Vfin,voir,C/V\,"SLéger, v. 188"
1345,189,1,cum,cum,189,Sub,Sub,comme,C/V\,"SLéger, v. 189"
1346,189,2,il,il,189,Prn,Prn$,il,/V\,"SLéger, v. 189"
1347,189,3,lo,lo,189,Prn,Prn$$,le,C/(e)\,"SLéger, v. 189"
1348,189,4,vid,vid,189,Vfin,Vfin,voir,C/V\,"SLéger, v. 189"
1349,189,5,",",",",189,Pnc,Pnc,,,"SLéger, v. 189"
1350,189,6,fud,fud,189,Vfin,Vfin,être,C/V\,"SLéger, v. 189"
1351,189,7,corroptios,corroptios,189,Adj,Adj,,C/V\.C/V\.'C/V\,"SLéger, v. 189"
1352,189,8,;,;,189,Pnc,Pnc,,,"SLéger, v. 189"
1353,190,1,donc,donc,190,Adv,Adv,donc,C/V\,"SLéger, v. 190"
1354,190,2,oct,oct,190,Vfin,Vfin,avoir,/V\,"SLéger, v. 190"
1355,190,3,ab,ab,190,Pre,Pre,o,/V\,"SLéger, v. 190"
1356,190,4,lui,lui,190,Prn,Prn,lui,C/V\,"SLéger, v. 190"
1357,190,5,dures,dures,190,Adj,Adj,dur,'C/V\.C/e\,"SLéger, v. 190"
1358,190,6,raizons,raizons,190,N,N,,C/V\.'C/V\,"SLéger, v. 190"
1359,190,7,.,.,190,Pnc,Pnc,,,"SLéger, v. 190"
1360,191,1,e,e,191,Crd,Crd,et,/V\,"SLéger, v. 191"
1361,191,2,·l,·l,191,Det,Det,le,/\C,"SLéger, v. 191"
1362,191,3,cors,cors,191,N,N,,C/V\,"SLéger, v. 191"
1363,191,4,exastra,exastra,191,Vfin,Vfin,,/V\.C/V\.'C/V\,"SLéger, v. 191"
1364,191,5,al,al,191,Pre+Det,Pre+Det,à.le,/V\,"SLéger, v. 191"
1365,191,6,tirant,tirant,191,N,N,,C/V\.'C/V\,"SLéger, v. 191"
1366,191,7,",",",",191,Pnc,Pnc,,,"SLéger, v. 191"
1367,192,1,peis,peis,192,Adv,Adv,pis2,C/V\,"SLéger, v. 192"
1368,192,2,li,li,192,Prn,Prn$$,li,C/V\,"SLéger, v. 192"
1369,192,3,promest,promest,192,Vfin,Vfin,promettre,C/V\.'C/V\,"SLéger, v. 192"
1370,192,4,ad,ad,192,Pre,Pre,à,/V\,"SLéger, v. 192"
1371,192,5,en,en,192,Pre,Pre,en,/V\,"SLéger, v. 192"
1372,192,6,avant,avant,192,PrA,PrA,avant,/V\.'C/V\,"SLéger, v. 192"
1373,192,7,.,.,192,Pnc,Pnc,,,"SLéger, v. 192"
1374,193,1,a,a,193,Pre,Pre,à,/V\,"SLéger, v. 193"
1375,193,2,grand,grand,193,Adj,Adj,grand,C/V\,"SLéger, v. 193"
1376,193,3,furor,furor,193,N,N,,C/V\.'C/V\,"SLéger, v. 193"
1377,193,4,",",",",193,Pnc,Pnc,,,"SLéger, v. 193"
1378,193,5,a,a,193,Pre,Pre,à,/V\,"SLéger, v. 193"
1379,193,6,gran,gran,193,Adj,Adj,grand,C/V\,"SLéger, v. 193"
1380,193,7,flaiel,flaiel,193,N,N,,C/V\.'C/V\,"SLéger, v. 193"
1381,193,8,",",",",193,Pnc,Pnc,,,"SLéger, v. 193"
1382,194,1,si,si,194,Adv,Adv,si4,C/V\,"SLéger, v. 194"
1383,194,2,·l,·l,194,Prn,Prn$$,le,/\C,"SLéger, v. 194"
1384,194,3,recomanda,recomanda,194,Vfin,Vfin,recommander,C/V\.C/V\.C/V\.'C/V\,"SLéger, v. 194"
1385,194,4,laudebert,laudebert,194,N,N,,C/V\.C/e\.'C/V\,"SLéger, v. 194"
1386,194,5,.,.,194,Pnc,Pnc,,,"SLéger, v. 194"
1387,195,1,cio,cio,195,Prn,Prn,ce,C/V\,"SLéger, v. 195"
1388,195,2,li,li,195,Prn,Prn$$,li,C/V\,"SLéger, v. 195"
1389,195,3,rova,rova,195,Vfin,Vfin,rover,C/V\.'C/V\,"SLéger, v. 195"
1390,195,4,",",",",195,Pnc,Pnc,,,"SLéger, v. 195"
1391,195,5,et,et,195,Crd,Crd,et,/V\,"SLéger, v. 195"
1392,195,6,noit,noit,195,N,N,,C/V\,"SLéger, v. 195"
1393,195,7,et,et,195,Crd,Crd,et,/V\,"SLéger, v. 195"
1394,195,8,di,di,195,N,N,,C/V\,"SLéger, v. 195"
1395,196,1,miel,miel,196,Adv,Adv,mal3,C/V\,"SLéger, v. 196"
1396,196,2,li,li,196,Prn,Prn$$,li,C/V\,"SLéger, v. 196"
1397,196,3,fesist,fesist,196,Vfin,Vfin,faire,C/V\.'C/V\,"SLéger, v. 196"
1398,196,4,dontre,dontre,196,Adv,Adv,,'C/V\.C/(e)\,"SLéger, v. 196"
1399,196,5,qu',qu',196,Sub,Sub,que,C/\,"SLéger, v. 196"
1400,196,6,el,el,196,Prn,Prn$,elle,/V\,"SLéger, v. 196"
1401,196,7,viu,viu,196,Vfin,Vfin,vivre,C/V\,"SLéger, v. 196"
1402,196,8,.,.,196,Pnc,Pnc,,,"SLéger, v. 196"
1403,197,1,ciel,ciel,197,Dem,Dem,cil,C/V\,"SLéger, v. 197"
1404,197,2,laudeberz,laudeberz,197,N,N,,C/V\.C/e\.'C/V\,"SLéger, v. 197"
1405,197,3,fura,fura,197,Vfin,Vfin,être,C/V\.'C/V\,"SLéger, v. 197"
1406,197,4,buons,buons,197,Adj,Adj,bon,C/V\,"SLéger, v. 197"
1407,197,5,om,om,197,N,N,,/V\,"SLéger, v. 197"
1408,197,6,",",",",197,Pnc,Pnc,,,"SLéger, v. 197"
1409,198,1,et,et,198,Crd,Crd,et,/V\,"SLéger, v. 198"
1410,198,2,sanct,sanct,198,Adj,Adj,saint,C/V\,"SLéger, v. 198"
1411,198,3,lethgier,lethgier,198,N,N,,C/V\.'C/V\,"SLéger, v. 198"
1412,198,4,duis,duis,198,Vfin,Vfin,duire,C/V\,"SLéger, v. 198"
1413,198,5,a,a,198,Pre,Pre,à,/V\,"SLéger, v. 198"
1414,198,6,son,son,198,Det,Det,son4,C/V\,"SLéger, v. 198"
1415,198,7,dom,dom,198,N,N,,C/V\,"SLéger, v. 198"
1416,198,8,.,.,198,Pnc,Pnc,,,"SLéger, v. 198"
1417,199,1,il,il,199,Prn,Prn$,il,/V\,"SLéger, v. 199"
1418,199,2,li,li,199,Prn,Prn$$,li,C/V\,"SLéger, v. 199"
1419,199,3,vol,vol,199,Vfin,Vfin,vouloir,C/V\,"SLéger, v. 199"
1420,199,4,faire,faire,199,Vinf,Vinf,faire,'C/V\.C/(e)\,"SLéger, v. 199"
1421,199,5,mult,mult,199,QIs,QIs,moult,C/V\,"SLéger, v. 199"
1422,199,6,amét,amét,199,Vpp,Vpp,aimer,/V\.'C/V\,"SLéger, v. 199"
1423,199,7,;,;,199,Pnc,Pnc,,,"SLéger, v. 199"
1424,200,1,bewre,bewre,200,Vinf,Vinf,boire,'C/V\.C/(e)\,"SLéger, v. 200"
1425,200,2,li,li,200,Prn,Prn$$,li,C/V\,"SLéger, v. 200"
1426,200,3,rova,rova,200,Vfin,Vfin,rover,C/V\.'C/V\,"SLéger, v. 200"
1427,200,4,aporter,aporter,200,Vinf,Vinf,apporter,/V\.C/V\.'C/V\,"SLéger, v. 200"
1428,200,5,.,.,200,Pnc,Pnc,,,"SLéger, v. 200"
1429,201,1,garda,garda,201,Vfin,Vfin,garder,C/V\.'C/V\,"SLéger, v. 201"
1430,201,2,",",",",201,Pnc,Pnc,,,"SLéger, v. 201"
1431,201,3,si,si,201,Adv,Adv,si4,C/V\,"SLéger, v. 201"
1432,201,4,vid,vid,201,Vfin,Vfin,voir,C/V\,"SLéger, v. 201"
1433,201,5,grand,grand,201,Adj,Adj,grand,C/V\,"SLéger, v. 201"
1434,201,6,claritét,claritét,201,N,N,,C/V\.C/V\.'C/V\,"SLéger, v. 201"
1435,201,7,;,;,201,Pnc,Pnc,,,"SLéger, v. 201"
1436,202,1,de,de,202,Pre,Pre,de,C/(e)\,"SLéger, v. 202"
1437,202,2,cel,cel,202,N,N,,C/V\,"SLéger, v. 202"
1438,202,3,vindre,vindre,202,Vfin,Vfin,venir,'C/V\.C/(e)\,"SLéger, v. 202"
1439,202,4,",",",",202,Pnc,Pnc,,,"SLéger, v. 202"
1440,202,5,fud,fud,202,Vfin,Vfin,être,C/V\,"SLéger, v. 202"
1441,202,6,de,de,202,Pre,Pre,de,C/(e)\,"SLéger, v. 202"
1442,202,7,par,par,202,Pre,Pre,par,C/V\,"SLéger, v. 202"
1443,202,8,deu,deu,202,N,N,,C/V\,"SLéger, v. 202"
1444,202,9,.,.,202,Pnc,Pnc,,,"SLéger, v. 202"
1445,203,1,si,si,203,Adv,Adv,si4,C/V\,"SLéger, v. 203"
1446,203,2,cum,cum,203,Sub,Sub,comme,C/V\,"SLéger, v. 203"
1447,203,3,roors,roors,203,N,N,,C/V\.'C/V\,"SLéger, v. 203"
1448,203,4,in,in,203,Pre,Pre,en,/V\,"SLéger, v. 203"
1449,203,5,cel,cel,203,N,N,,C/V\,"SLéger, v. 203"
1450,203,6,es,es,203,Vfin,Vfin,être,/V\,"SLéger, v. 203"
1451,203,7,granz,granz,203,Adj,Adj,grand,C/V\,"SLéger, v. 203"
1452,203,8,",",",",203,Pnc,Pnc,,,"SLéger, v. 203"
1453,204,1,et,et,204,Crd,Crd,et,/V\,"SLéger, v. 204"
1454,204,2,si,si,204,Adv,Adv,si4,C/V\,"SLéger, v. 204"
1455,204,3,cum,cum,204,Sub,Sub,comme,C/V\,"SLéger, v. 204"
1456,204,4,flammes,flammes,204,N,N,,'C/V\.C/e\,"SLéger, v. 204"
1457,204,5,clar,clar,204,Adv,Adv,clair,C/V\,"SLéger, v. 204"
1458,204,6,ardanz,ardanz,204,Vprs,Vprs,ardre,/V\.'C/V\,"SLéger, v. 204"
1459,204,7,.,.,204,Pnc,Pnc,,,"SLéger, v. 204"
1460,205,1,cil,cil,205,Dem,Dem,cil,C/V\,"SLéger, v. 205"
1461,205,2,laudeberz,laudeberz,205,N,N,,C/V\.C/e\.'C/V\,"SLéger, v. 205"
1462,205,3,",",",",205,Pnc,Pnc,,,"SLéger, v. 205"
1463,205,4,qual,qual,205,Qux,Qux,quel,C/V\,"SLéger, v. 205"
1464,205,5,horä,horä,205,N,N,,'/V\.C/e\,"SLéger, v. 205"
1465,205,6,·l,·l,205,Prn,Prn$$,le,/\C,"SLéger, v. 205"
1466,205,7,vid,vid,205,Vfin,Vfin,voir,C/V\,"SLéger, v. 205"
1467,205,8,",",",",205,Pnc,Pnc,,,"SLéger, v. 205"
1468,206,1,torne,torne,206,Vfin,Vfin,tourner,'C/V\.C/(e)\,"SLéger, v. 206"
1469,206,2,s',s',206,Prn,Prn%%,se,C/\,"SLéger, v. 206"
1470,206,3,als,als,206,Pre+Det,Pre+Det,à.le,/V\,"SLéger, v. 206"
1471,206,4,altres,altres,206,Adj,Adj,autre,'/V\.C/e\,"SLéger, v. 206"
1472,206,5,",",",",206,Pnc,Pnc,,,"SLéger, v. 206"
1473,206,6,si,si,206,Adv,Adv,si4,C/V\,"SLéger, v. 206"
1474,206,7,lor,lor,206,Prn,Prn$$,leur,C/V\,"SLéger, v. 206"
1475,206,8,dist,dist,206,Vfin,Vfin,dire,C/V\,"SLéger, v. 206"
1476,206,9,:,:,206,Pnc,Pnc,,,"SLéger, v. 206"
1477,207,1,"""","""",207,Pnc,Pnc,,,"SLéger, v. 207"
1478,207,2,ciest,ciest,207,Dem,Dem,cist,C/V\,"SLéger, v. 207"
1479,207,3,omne,omne,207,N,N,,'/V\.C/(e)\,"SLéger, v. 207"
1480,207,4,tiel,tiel,207,Adj,Adj,tel,C/V\,"SLéger, v. 207"
1481,207,5,mult,mult,207,QIs,QIs,moult,C/V\,"SLéger, v. 207"
1482,207,6,aima,aima,207,Vfin,Vfin,aimer,/V\.'C/V\,"SLéger, v. 207"
1483,207,7,deus,deus,207,N,N,,C/V\,"SLéger, v. 207"
1484,207,8,",",",",207,Pnc,Pnc,,,"SLéger, v. 207"
1485,208,1,por,por,208,Pre,Pre,pour,C/V\,"SLéger, v. 208"
1486,208,2,cui,cui,208,Qux,Qux,cui,C/V\,"SLéger, v. 208"
1487,208,3,tels,tels,208,Adj,Adj,tel,C/V\,"SLéger, v. 208"
1488,208,4,causä,causä,208,N,N,,'C/V\.C/e\,"SLéger, v. 208"
1489,208,5,vin,vin,208,Vfin,Vfin,venir,C/V\,"SLéger, v. 208"
1490,208,6,de,de,208,Pre,Pre,de,C/(e)\,"SLéger, v. 208"
1491,208,7,ciel,ciel,208,N,N,,C/V\,"SLéger, v. 208"
1492,208,8,"""","""",208,Pnc,Pnc,,,"SLéger, v. 208"
1493,208,9,.,.,208,Pnc,Pnc,,,"SLéger, v. 208"
1494,209,1,por,por,209,Pre,Pre,pour,C/V\,"SLéger, v. 209"
1495,209,2,ciels,ciels,209,Dem,Dem,cil,C/V\,"SLéger, v. 209"
1496,209,3,signes,signes,209,N,N,,'C/V\.C/e\,"SLéger, v. 209"
1497,209,4,que,que,209,Qux,Qux,que,C/(e)\,"SLéger, v. 209"
1498,209,5,vidrent,vidrent,209,Vfin,Vfin,voir,'C/V\.C/e\,"SLéger, v. 209"
1499,209,6,tels,tels,209,Adj,Adj,tel,C/V\,"SLéger, v. 209"
1500,209,7,",",",",209,Pnc,Pnc,,,"SLéger, v. 209"
1501,210,1,deu,deu,210,N,N,,C/V\,"SLéger, v. 210"
1502,210,2,presdrent,presdrent,210,Vfin,Vfin,prendre,'C/V\.C/e\,"SLéger, v. 210"
1503,210,3,mult,mult,210,QIs,QIs,moult,C/V\,"SLéger, v. 210"
1504,210,4,a,a,210,Pre,Pre,à,/V\,"SLéger, v. 210"
1505,210,5,conlauder,conlauder,210,Vinf,Vinf,,C/V\.C/V\.'C/V\,"SLéger, v. 210"
1506,210,6,.,.,210,Pnc,Pnc,,,"SLéger, v. 210"
1507,211,1,tuit,tuit,211,QIs,QIs,tout,C/V\,"SLéger, v. 211"
1508,211,2,li,li,211,Det,Det,le,C/V\,"SLéger, v. 211"
1509,211,3,omne,omne,211,N,N,,'/V\.C/(e)\,"SLéger, v. 211"
1510,211,4,de,de,211,Pre,Pre,de,C/(e)\,"SLéger, v. 211"
1511,211,5,ciel,ciel,211,Dem,Dem,cil,C/V\,"SLéger, v. 211"
1512,211,6,païs,païs,211,N,N,,C/V\.'C/V\,"SLéger, v. 211"
1513,211,7,",",",",211,Pnc,Pnc,,,"SLéger, v. 211"
1514,212,1,trestuit,trestuit,212,QIs,QIs,trèstout,C/V\.'C/V\,"SLéger, v. 212"
1515,212,2,apresdrent,apresdrent,212,Vfin,Vfin,apprendre,/V\.'C/V\.C/e\,"SLéger, v. 212"
1516,212,3,a,a,212,Pre,Pre,à,/V\,"SLéger, v. 212"
1517,212,4,venir,venir,212,Vinf,Vinf,venir,C/V\.'C/V\,"SLéger, v. 212"
1518,212,5,;,;,212,Pnc,Pnc,,,"SLéger, v. 212"
1519,213,1,et,et,213,Crd,Crd,et,/V\,"SLéger, v. 213"
1520,213,2,sancz,sancz,213,Adj,Adj,saint,C/V\,"SLéger, v. 213"
1521,213,3,lethgiers,lethgiers,213,N,N,,C/V\.'C/V\,"SLéger, v. 213"
1522,213,4,lis,lis,213,Prn,Prn$$,le,C/V\,"SLéger, v. 213"
1523,213,5,prediat,prediat,213,Vfin,Vfin,,C/V\.C/V\.'C/V\,"SLéger, v. 213"
1524,213,6,",",",",213,Pnc,Pnc,,,"SLéger, v. 213"
1525,214,1,dominé,dominé,214,N,N,,C/V\.C/V\.'C/(e)\,"SLéger, v. 214"
1526,214,2,deu,deu,214,N,N,,C/V\,"SLéger, v. 214"
1527,214,3,il,il,214,Prn,Prn$,il,/V\,"SLéger, v. 214"
1528,214,4,les,les,214,Prn,Prn$$,le,C/V\,"SLéger, v. 214"
1529,214,5,lucrat,lucrat,214,Vfin,Vfin,,C/V\.'C/V\,"SLéger, v. 214"
1530,214,6,.,.,214,Pnc,Pnc,,,"SLéger, v. 214"
1531,215,1,rendet,rendet,215,Vfin,Vfin,rendre,'C/V\.C/e\,"SLéger, v. 215"
1532,215,2,ciel,ciel,215,Dem,Dem,cil,C/V\,"SLéger, v. 215"
1533,215,3,fruit,fruit,215,N,N,,C/V\,"SLéger, v. 215"
1534,215,4,espiritiel,espiritiel,215,Adj,Adj,,/V\.C/V\.C/V\.'C/V\,"SLéger, v. 215"
1535,216,1,quæ,quæ,216,Qux,Qux,que,C/(e)\,"SLéger, v. 216"
1536,216,2,deus,deus,216,N,N,,C/V\,"SLéger, v. 216"
1537,216,3,li,li,216,Prn,Prn$$,li,C/V\,"SLéger, v. 216"
1538,216,4,auret,auret,216,Vfin,Vfin,avoir,'/V\.C/e\,"SLéger, v. 216"
1539,216,5,perdonat,perdonat,216,Vpp,Vpp,pardonner,C/V\.C/V\.'C/V\,"SLéger, v. 216"
1540,216,6,.,.,216,Pnc,Pnc,,,"SLéger, v. 216"
1541,217,1,et,et,217,Crd,Crd,et,/V\,"SLéger, v. 217"
1542,217,2,ewruins,ewruins,217,N,N,,/V\.C/V\.'C/V\,"SLéger, v. 217"
1543,217,3,",",",",217,Pnc,Pnc,,,"SLéger, v. 217"
1544,217,4,cum,cum,217,Sub,Sub,comme,C/V\,"SLéger, v. 217"
1545,217,5,il,il,217,Prn,Prn$,il,/V\,"SLéger, v. 217"
1546,217,6,l',l',217,Prn,Prn$$,le,C/\,"SLéger, v. 217"
1547,217,7,audit,audit,217,Vfin,Vfin,ouïr,/V\.'C/V\,"SLéger, v. 217"
1548,217,8,",",",",217,Pnc,Pnc,,,"SLéger, v. 217"
1549,218,1,credre,credre,218,Vinf,Vinf,croire,'C/V\.C/(e)\,"SLéger, v. 218"
1550,218,2,ne,ne,218,Neg,Neg$$,ne,C/(e)\,"SLéger, v. 218"
1551,218,3,·l,·l,218,Prn,Prn$$,le,/\C,"SLéger, v. 218"
1552,218,4,pot,pot,218,Vfin,Vfin,pouvoir2,C/V\,"SLéger, v. 218"
1553,218,5,antro,antro,218,PrA,PrA,entre,'/V\.C/e\,"SLéger, v. 218"
1554,218,6,que,que,218,Sub,Sub,que,C/(e)\,"SLéger, v. 218"
1555,218,7,·l,·l,218,Prn,Prn$$,le,/\C,"SLéger, v. 218"
1556,218,8,vid,vid,218,Vfin,Vfin,voir,C/V\,"SLéger, v. 218"
1557,218,9,.,.,218,Pnc,Pnc,,,"SLéger, v. 218"
1558,219,1,cil,cil,219,Dem,Dem,cil,C/V\,"SLéger, v. 219"
1559,219,2,biens,biens,219,N,N,bien,C/V\,"SLéger, v. 219"
1560,219,3,qu',qu',219,Qux,Qux,que,C/\,"SLéger, v. 219"
1561,219,4,el,el,219,Prn,Prn$,elle,/V\,"SLéger, v. 219"
1562,219,5,fist,fist,219,Vfin,Vfin,faire,C/V\,"SLéger, v. 219"
1563,219,6,",",",",219,Pnc,Pnc,,,"SLéger, v. 219"
1564,219,7,cil,cil,219,Dem,Dem,cil,C/V\,"SLéger, v. 219"
1565,219,8,li,li,219,Prn,Prn$$,li,C/V\,"SLéger, v. 219"
1566,219,9,pesat,pesat,219,Vfin,Vfin,peser,C/V\.'C/V\,"SLéger, v. 219"
1567,219,10,;,;,219,Pnc,Pnc,,,"SLéger, v. 219"
1568,220,1,occidere,occidere,220,Vinf,Vinf,occire,/V\.C/V\.'C/e\.C/(e)\,"SLéger, v. 220"
1569,220,2,lo,lo,220,Prn,Prn$$,le,C/(e)\,"SLéger, v. 220"
1570,220,3,commandat,commandat,220,Vfin,Vfin,commander,C/V\.C/V\.'C/V\,"SLéger, v. 220"
1571,220,4,.,.,220,Pnc,Pnc,,,"SLéger, v. 220"
1572,221,1,quatr',quatr',221,QIs,QIs,quatre,C/V\,"SLéger, v. 221"
1573,221,2,omnes,omnes,221,N,N,,'/V\.C/e\,"SLéger, v. 221"
1574,221,3,i,i,221,Prn,Prn$$,y2,/V\,"SLéger, v. 221"
1575,221,4,tramist,tramist,221,Vfin,Vfin,,C/V\.'C/V\,"SLéger, v. 221"
1576,221,5,armez,armez,221,Vpp,Vpp,armer,/V\.'C/V\,"SLéger, v. 221"
1577,222,1,que,que,222,Sub,Sub,que,C/(e)\,"SLéger, v. 222"
1578,222,2,lui,lui,222,Prn,Prn$$,lui,C/V\,"SLéger, v. 222"
1579,222,3,alessunt,alessunt,222,Vfin,Vfin,aller,/V\.C/e\.'C/V\,"SLéger, v. 222"
1580,222,4,decoller,decoller,222,Vinf,Vinf,,C/V\.C/V\.'C/V\,"SLéger, v. 222"
1581,222,5,.,.,222,Pnc,Pnc,,,"SLéger, v. 222"
1582,223,1,li,li,223,Det,Det,le,C/V\,"SLéger, v. 223"
1583,223,2,tres,tres,223,QIs,QIs,trois,C/V\,"SLéger, v. 223"
1584,223,3,vindrent,vindrent,223,Vfin,Vfin,venir,'C/V\.C/e\,"SLéger, v. 223"
1585,223,4,a,a,223,Pre,Pre,à,/V\,"SLéger, v. 223"
1586,223,5,sanct,sanct,223,Adj,Adj,saint,C/V\,"SLéger, v. 223"
1587,223,6,lethgier,lethgier,223,N,N,,C/V\.'C/V\,"SLéger, v. 223"
1588,223,7,",",",",223,Pnc,Pnc,,,"SLéger, v. 223"
1589,224,1,jus,jus,224,Adv,Adv,jus,C/V\,"SLéger, v. 224"
1590,224,2,se,se,224,Prn,Prn$$,se,C/(e)\,"SLéger, v. 224"
1591,224,3,giterent,giterent,224,Vfin,Vfin,jeter,C/V\.'C/V\.C/e\,"SLéger, v. 224"
1592,224,4,a,a,224,Pre,Pre,à,/V\,"SLéger, v. 224"
1593,224,5,sos,sos,224,Det,Det,son4,C/V\,"SLéger, v. 224"
1594,224,6,pez,pez,224,N,N,,C/V\,"SLéger, v. 224"
1595,224,7,.,.,224,Pnc,Pnc,,,"SLéger, v. 224"
1596,225,1,de,de,225,Pre,Pre,de,C/(e)\,"SLéger, v. 225"
1597,225,2,lor,lor,225,Det,Det,leur2,C/V\,"SLéger, v. 225"
1598,225,3,pechietz,pechietz,225,N,N,,C/V\.'C/V\,"SLéger, v. 225"
1599,225,4,que,que,225,Qux,Qux,que,C/(e)\,"SLéger, v. 225"
1600,225,5,aurent,aurent,225,Vfin,Vfin,avoir,'/V\.C/e\,"SLéger, v. 225"
1601,225,6,faiz,faiz,225,Vpp,Vpp,faire,C/V\,"SLéger, v. 225"
1602,226,1,il,il,226,Prn,Prn$,il,/V\,"SLéger, v. 226"
1603,226,2,los,los,226,Prn,Prn$$,le,C/V\,"SLéger, v. 226"
1604,226,3,absols,absols,226,Vfin,Vfin,absoudre,/V\.'C/V\,"SLéger, v. 226"
1605,226,4,et,et,226,Crd,Crd,et,/V\,"SLéger, v. 226"
1606,226,5,perdonét,perdonét,226,Vfin,Vfin,pardonner,C/V\.C/V\.'C/V\,"SLéger, v. 226"
1607,226,6,.,.,226,Pnc,Pnc,,,"SLéger, v. 226"
1608,227,1,lo,lo,227,Det,Det,le,C/(e)\,"SLéger, v. 227"
1609,227,2,quarz,quarz,227,Adj,Adj,quart,C/V\,"SLéger, v. 227"
1610,227,3,",",",",227,Pnc,Pnc,,,"SLéger, v. 227"
1611,227,4,uns,uns,227,QIs,QIs,un,/V\,"SLéger, v. 227"
1612,227,5,fel,fel,227,Adj,Adj,félon,C/V\,"SLéger, v. 227"
1613,227,6,",",",",227,Pnc,Pnc,,,"SLéger, v. 227"
1614,227,7,nom,nom,227,N,N,,C/V\,"SLéger, v. 227"
1615,227,8,a,a,227,Vfin,Vfin,avoir,/V\,"SLéger, v. 227"
1616,227,9,vadart,vadart,227,N,N,,C/V\.'C/V\,"SLéger, v. 227"
1617,227,10,",",",",227,Pnc,Pnc,,,"SLéger, v. 227"
1618,228,1,ab,ab,228,Pre,Pre,o,/V\,"SLéger, v. 228"
1619,228,2,un,un,228,QIs,QIs,un,/V\,"SLéger, v. 228"
1620,228,3,inspieth,inspieth,228,N,N,,/V\.'C/V\,"SLéger, v. 228"
1621,228,4,lo,lo,228,Prn,Prn$$,le,C/(e)\,"SLéger, v. 228"
1622,228,5,decollat,decollat,228,Vfin,Vfin,,C/V\.C/V\.'C/V\,"SLéger, v. 228"
1623,228,6,.,.,228,Pnc,Pnc,,,"SLéger, v. 228"
1624,229,1,et,et,229,Crd,Crd,et,/V\,"SLéger, v. 229"
1625,229,2,cum,cum,229,Sub,Sub,comme,C/V\,"SLéger, v. 229"
1626,229,3,il,il,229,Prn,Prn$,il,/V\,"SLéger, v. 229"
1627,229,4,l',l',229,Prn,Prn$$,le,C/\,"SLéger, v. 229"
1628,229,5,aud,aud,229,Vfin,Vfin,avoir,/V\,"SLéger, v. 229"
1629,229,6,tollut,tollut,229,Vpp,Vpp,tolir,C/V\.'C/V\,"SLéger, v. 229"
1630,229,7,lo,lo,229,Det,Det,le,C/(e)\,"SLéger, v. 229"
1631,229,8,quev,quev,229,N,N,,C/V\,"SLéger, v. 229"
1632,229,9,",",",",229,Pnc,Pnc,,,"SLéger, v. 229"
1633,230,1,lo,lo,230,Det,Det,le,C/(e)\,"SLéger, v. 230"
1634,230,2,corps,corps,230,N,N,,C/V\,"SLéger, v. 230"
1635,230,3,estera,estera,230,Vfin,Vfin,être,/V\.C/e\.'C/V\,"SLéger, v. 230"
1636,230,4,sobre,sobre,230,PrA,PrA,sur,'C/V\.C/(e)\,"SLéger, v. 230"
1637,230,5,·ls,·ls,230,Det,Det,le,/\C,"SLéger, v. 230"
1638,230,6,piez,piez,230,N,N,,C/V\,"SLéger, v. 230"
1639,230,7,.,.,230,Pnc,Pnc,,,"SLéger, v. 230"
1640,231,1,cio,cio,231,Prn,Prn,ce,C/V\,"SLéger, v. 231"
1641,231,2,fud,fud,231,Vfin,Vfin,être,C/V\,"SLéger, v. 231"
1642,231,3,lonx,lonx,231,Adj,Adj,long,C/V\,"SLéger, v. 231"
1643,231,4,dis,dis,231,N,N,,C/V\,"SLéger, v. 231"
1644,231,5,que,que,231,Sub,Sub,que,C/(e)\,"SLéger, v. 231"
1645,231,6,non,non,231,Neg,Neg$$,ne,C/V\,"SLéger, v. 231"
1646,231,7,cadit,cadit,231,Vfin,Vfin,choir,C/V\.'C/V\,"SLéger, v. 231"
1647,231,8,;,;,231,Pnc,Pnc,,,"SLéger, v. 231"
1648,232,1,lai,lai,232,Adv,Adv,là,C/V\,"SLéger, v. 232"
1649,232,2,s',s',232,Prn,Prn$$,se,C/\,"SLéger, v. 232"
1650,232,3,aprosmat,aprosmat,232,Vfin,Vfin,,/V\.C/V\.'C/V\,"SLéger, v. 232"
1651,232,4,que,que,232,Qux,Qux,que,C/(e)\,"SLéger, v. 232"
1652,232,5,lui,lui,232,Prn,Prn$$,lui,C/V\,"SLéger, v. 232"
1653,232,6,firid,firid,232,Vfin,Vfin,férir,C/V\.'C/V\,"SLéger, v. 232"
1654,232,7,.,.,232,Pnc,Pnc,,,"SLéger, v. 232"
1655,233,1,entro,entro,233,PrA,PrA,entre,'/V\.C/e\,"SLéger, v. 233"
1656,233,2,·l,·l,233,Prn,Prn$$,le,/\C,"SLéger, v. 233"
1657,233,3,talia,talia,233,Vfin,Vfin,,C/V\.'C/V\,"SLéger, v. 233"
1658,233,4,los,los,233,Det,Det,le,C/V\,"SLéger, v. 233"
1659,233,5,pez,pez,233,N,N,,C/V\,"SLéger, v. 233"
1660,233,6,dejus,dejus,233,PrA,PrA,dejus,C/V\.'C/V\,"SLéger, v. 233"
1661,233,7,",",",",233,Pnc,Pnc,,,"SLéger, v. 233"
1662,234,1,lo,lo,234,Det,Det,le,C/(e)\,"SLéger, v. 234"
1663,234,2,corps,corps,234,N,N,,C/V\,"SLéger, v. 234"
1664,234,3,estera,estera,234,Vfin,Vfin,être,/V\.C/e\.'C/V\,"SLéger, v. 234"
1665,234,4,sempre,sempre,234,Adv,Adv,sempre,'C/V\.C/(e)\,"SLéger, v. 234"
1666,234,5,sus,sus,234,PrA,PrA,sus,C/V\,"SLéger, v. 234"
1667,234,6,.,.,234,Pnc,Pnc,,,"SLéger, v. 234"
1668,235,1,del,del,235,Pre+Det,Pre+Det,de.le,C/V\,"SLéger, v. 235"
1669,235,2,corps,corps,235,N,N,,C/V\,"SLéger, v. 235"
1670,235,3,asaz,asaz,235,Adv,Adv,assez,/V\.'C/V\,"SLéger, v. 235"
1671,235,4,l',l',235,Prn,Prn$$,le,C/\,"SLéger, v. 235"
1672,235,5,avez,avez,235,Vfin,Vfin,avoir,/V\.'C/V\,"SLéger, v. 235"
1673,235,6,audit,audit,235,Vpp,Vpp,ouïr,/V\.'C/V\,"SLéger, v. 235"
1674,235,7,",",",",235,Pnc,Pnc,,,"SLéger, v. 235"
1675,236,1,et,et,236,Crd,Crd,et,/V\,"SLéger, v. 236"
1676,236,2,dels,dels,236,Pre+Det,Pre+Det,de.le,C/V\,"SLéger, v. 236"
1677,236,3,flaiels,flaiels,236,N,N,,C/V\.'C/V\,"SLéger, v. 236"
1678,236,4,que,que,236,Qux,Qux,que,C/(e)\,"SLéger, v. 236"
1679,236,5,granz,granz,236,Adj,Adj,grand,C/V\,"SLéger, v. 236"
1680,236,6,sustint,sustint,236,Vfin,Vfin,sustenir,C/V\.'C/V\,"SLéger, v. 236"
1681,236,7,.,.,236,Pnc,Pnc,,,"SLéger, v. 236"
1682,237,1,l',l',237,Det,Det,le,C/\,"SLéger, v. 237"
1683,237,2,anima,anima,237,N,N,,'/V\.C/e\,"SLéger, v. 237"
1684,237,3,reciut,reciut,237,Vfin,Vfin,recevoir,C/V\.'C/V\,"SLéger, v. 237"
1685,237,4,dominé,dominé,237,N,N,,C/V\.C/V\.'C/(e)\,"SLéger, v. 237"
1686,237,5,deus,deus,237,N,N,,C/V\,"SLéger, v. 237"
1687,237,6,;,;,237,Pnc,Pnc,,,"SLéger, v. 237"
1688,238,1,als,als,238,Pre+Det,Pre+Det,à.le,/V\,"SLéger, v. 238"
1689,238,2,altres,altres,238,Adj,Adj,autre,'/V\.C/e\,"SLéger, v. 238"
1690,238,3,sanz,sanz,238,Adj,Adj,saint,C/V\,"SLéger, v. 238"
1691,238,4,en,en,238,Prn,Prn$$,en2,/V\,"SLéger, v. 238"
1692,238,5,vai,vai,238,Vfin,Vfin,aller,C/V\,"SLéger, v. 238"
1693,238,6,en,en,238,Pre,Pre,en,/V\,"SLéger, v. 238"
1694,238,7,cel,cel,238,N,N,,C/V\,"SLéger, v. 238"
1695,238,8,.,.,238,Pnc,Pnc,,,"SLéger, v. 238"
1696,239,1,il,il,239,Prn,Prn$,il,/V\,"SLéger, v. 239"
1697,239,2,nos,nos,239,Prn,Prn$$,nous,C/V\,"SLéger, v. 239"
1698,239,3,aiud,aiud,239,Vfin,Vfin,aider,/V\.'C/V\,"SLéger, v. 239"
1699,239,4,ob,ob,239,Pre,Pre,o,/V\,"SLéger, v. 239"
1700,239,5,ciel,ciel,239,Dem,Dem,cil,C/V\,"SLéger, v. 239"
1701,239,6,senior,senior,239,N,N,,C/V\.'C/V\,"SLéger, v. 239"
1702,240,1,por,por,240,Pre,Pre,pour,C/V\,"SLéger, v. 240"
1703,240,2,cui,cui,240,Qux,Qux,cui,C/V\,"SLéger, v. 240"
1704,240,3,sustinc,sustinc,240,Vfin,Vfin,sustenir,C/V\.'C/V\,"SLéger, v. 240"
1705,240,4,tels,tels,240,Adj,Adj,tel,C/V\,"SLéger, v. 240"
1706,240,5,passions,passions,240,N,N,,C/V\.C/V\.'C/V\,"SLéger, v. 240"
1707,240,6,!,!,240,Pnc,Pnc,,,"SLéger, v. 240"
