wd_id,line_id,linewd,word,lex_id,textlineid,syntag,syntag2,lemma,versetype,subtype
1,1,1,contre,contre,2401,PrA,PrA,contre3,7s,---
2,1,2,le,le,2401,Det,Det,le,7s,---
3,1,3,tens,tens,2401,N,N,,7s,---
4,1,4,qui,qui,2401,Qux,Qux,qui,7s,---
5,1,5,devise,devise,2401,Vfin,Vfin,deviser,7s,---
6,2,1,yver,yver,2402,N,N,,7s,---
7,2,2,et,et,2402,Crd,Crd,et,7s,---
8,2,3,pluie,pluie,2402,N,N,,7s,---
9,2,4,d',d',2402,Pre,Pre,de,7s,---
10,2,5,esté,esté,2402,N,N,,7s,---
11,2,6,",",",",2402,Pnc,Pnc,,7s,---
12,3,1,et,et,2403,Crd,Crd,et,7s,---
13,3,2,la,la,2403,Det,Det,le,7s,---
14,3,3,mauvis,mauvis,2403,N,N,,7s,---
15,3,4,se,se,2403,Prn,Prn$$,soi,7s,---
16,3,5,debrise,debrise,2403,Vfin,Vfin,débriser,7s,---
17,3,6,",",",",2403,Pnc,Pnc,,7s,---
18,4,1,qui,qui,2404,Qux,Qux,qui,7s,---
19,4,2,de,de,2404,Pre,Pre,de,7s,---
20,4,3,lonc,lonc,2404,Adj,Adj,long,7s,---
21,4,4,tens,tens,2404,N,N,,7s,---
22,4,5,n',n',2404,Neg,Neg,ne1,7s,---
23,4,6,a,a,2404,Vfin,Vfin,avoir1,7s,---
24,4,7,chanté,chanté,2404,Vpp,Vpp,chanter,7s,---
25,4,8,",",",",2404,Pnc,Pnc,,7s,---
26,5,1,ferai,ferai,2405,Vfin,Vfin,faire,7s,---
27,5,2,chançon,chançon,2405,N,N,,7s,---
28,5,3,",",",",2405,Pnc,Pnc,,7s,---
29,5,4,car,car,2405,Crd,Crd,car,7s,---
30,5,5,a,a,2405,Pre,Pre,à,7s,---
31,5,6,gré,gré,2405,N,N,,7s,---
32,6,1,me,me,2406,Prn,Prn$$,1ps,7s,---
33,6,2,vient,vient,2406,Vfin,Vfin,venir,7s,---
34,6,3,que,que,2406,Qux,Qux,que,7s,---
35,6,4,j',j',2406,Prn,Prn$,1ps,7s,---
36,6,5,ai,ai,2406,Vfin,Vfin,avoir1,7s,---
37,6,6,enpensé,enpensé,2406,Vpp,Vpp,empenser,7s,---
38,6,7,.,.,2406,Pnc,Pnc,,7s,---
39,7,1,amors,amors,2407,N,N,,7s,---
40,7,2,",",",",2407,Pnc,Pnc,,7s,---
41,7,3,qui,qui,2407,Qux,Qux,qui,7s,---
42,7,4,en,en,2407,Pre,Pre,en1,7s,---
43,7,5,moi,moi,2407,Prn,Prn,1ps,7s,---
44,7,6,s',s',2407,Prn,Prn$$,soi,7s,---
45,7,7,est,est,2407,Vfin,Vfin,être1|ester,7s,---
46,7,8,mise,mise,2407,Vpp,Vpp,mettre,7s,---
47,7,9,",",",",2407,Pnc,Pnc,,7s,---
48,8,1,bien,bien,2408,Adv,Adv,bien,7s,---
49,8,2,m',m',2408,Prn,Prn$$,1ps,7s,---
50,8,3,a,a,2408,Vfin,Vfin,avoir1,7s,---
51,8,4,droit,droit,2408,Adv,Adv,droit2,7s,---
52,8,5,son,son,2408,Det,Det,son4,7s,---
53,8,6,dart,dart,2408,N,N,,7s,---
54,8,7,geté,geté,2408,Vpp,Vpp,jeter,7s,---
55,8,8,.,.,2408,Pnc,Pnc,,7s,---
56,9,1,douce,douce,2409,Adj,Adj,doux,7s,---
57,9,2,dame,dame,2409,N,N,,7s,---
58,9,3,",",",",2409,Pnc,Pnc,,7s,---
59,9,4,de,de,2409,Pre,Pre,de,7s,---
60,9,5,franchise,franchise,2409,N,N,,7s,---
61,10,1,n',n',2410,Neg,Neg,ne1,7s,---
62,10,2,ai,ai,2410,Vfin,Vfin,avoir1,7s,---
63,10,3,je,je,2410,Prn,Prn%,1ps,7s,---
64,10,4,point,point,2410,Neg,Neg,point2,7s,---
65,10,5,en,en,2410,Pre,Pre,en1,7s,---
66,10,6,vous,vous,2410,Prn,Prn,2pp,7s,---
67,10,7,trouvé,trouvé,2410,Vpp,Vpp,trouver,7s,---
68,10,8,",",",",2410,Pnc,Pnc,,7s,---
69,11,1,s',s',2411,Sub,Sub,si3,7s,---
70,11,2,ele,ele,2411,Prn,Prn$,3p,7s,---
71,11,3,ne,ne,2411,Neg,Neg,ne1,7s,---
72,11,4,s',s',2411,Prn,Prn$$,soi,7s,---
73,11,5,i,i,2411,Prn,Prn$$,y,7s,---
74,11,6,est,est,2411,Vfin,Vfin,être1|ester,7s,---
75,11,7,puis,puis,2411,PrA,PrA,puis,7s,---
76,11,8,mise,mise,2411,Vpp,Vpp,mettre,7s,---
77,12,1,que,que,2412,Sub,Sub,que,7s,---
78,12,2,je,je,2412,Prn,Prn$,1ps,7s,---
79,12,3,ne,ne,2412,Neg,Neg,ne1,7s,---
80,12,4,vous,vous,2412,Prn,Prn$$,2pp,7s,---
81,12,5,esgardé,esgardé,2412,Vfin,Vfin,égarder,7s,---
82,12,6,.,.,2412,Pnc,Pnc,,7s,---
83,13,1,trop,trop,2413,Adv,Adv,trop,7s,---
84,13,2,avez,avez,2413,Vfin,Vfin,avoir1,7s,---
85,13,3,vers,vers,2413,Pre,Pre,vers2,7s,---
86,13,4,moi,moi,2413,Prn,Prn,1ps,7s,---
87,13,5,fierté,fierté,2413,N,N,,7s,---
88,13,6,",",",",2413,Pnc,Pnc,,7s,---
89,14,1,més,més,2414,Crd,Crd,mais1,7s,---
90,14,2,ce,ce,2414,Prn,Prn,ce1,7s,---
91,14,3,fet,fet,2414,Vfin,Vfin,faire,7s,---
92,14,4,vostre,vostre,2414,Det,Det,votre,7s,---
93,14,5,biauté,biauté,2414,N,N,,7s,---
94,14,6,",",",",2414,Pnc,Pnc,,7s,---
95,15,1,ou,ou,2415,Qux,Qux,où,7s,---
96,15,2,il,il,2415,Prn,Prn$,3p,7s,---
97,15,3,n',n',2415,Neg,Neg,ne1,7s,---
98,15,4,a,a,2415,Vfin,Vfin,avoir1,7s,---
99,15,5,point,point,2415,Neg,Neg,point2,7s,---
100,15,6,de,de,2415,Pre,Pre,de,7s,---
101,15,7,devise,devise,2415,N,N,,7s,---
102,15,8,;,;,2415,Pnc,Pnc,,7s,---
103,16,1,tant,tant,2416,QIs,QIs,tant,7s,---
104,16,2,en,en,2416,Prn,Prn$$,en2,7s,---
105,16,3,i,i,2416,Prn,Prn$$,y,7s,---
106,16,4,a,a,2416,Vfin,Vfin,avoir1,7s,---
107,16,5,grant,grant,2416,Adj,Adj,grand,7s,---
108,16,6,plenté,plenté,2416,N,N,,7s,---
109,16,7,.,.,2416,Pnc,Pnc,,7s,---
110,17,1,en,en,2417,Pre,Pre,en1,7s,---
111,17,2,moi,moi,2417,Prn,Prn,1ps,7s,---
112,17,3,n',n',2417,Neg,Neg,ne1,7s,---
113,17,4,a,a,2417,Vfin,Vfin,avoir1,7s,---
114,17,5,pas,pas,2417,Neg,Neg,pas,7s,---
115,17,6,abstinence,abstinence,2417,N,N,,7s,---
116,18,1,que,que,2418,Sub,Sub,que,7s,---
117,18,2,je,je,2418,Prn,Prn$,1ps,7s,---
118,18,3,puisse,puisse,2418,Vfin,Vfin,pouvoir,7s,---
119,18,4,ailleurs,ailleurs,2418,Adv,Adv,ailleurs,7s,---
120,18,5,penser,penser,2418,Vinf,Vinf,penser,7s,---
121,19,1,fors,fors,2419,PrA,PrA,hors,7s,---
122,19,2,qu',qu',2419,Sub,Sub,que,7s,---
123,19,3,a,a,2419,Pre,Pre,à,7s,---
124,19,4,li,li,2419,Prn,Prn,3p,7s,---
125,19,5,",",",",2419,Pnc,Pnc,,7s,---
126,19,6,ou,ou,2419,Crd,Crd,ou1,7s,---
127,19,7,conoissance,conoissance,2419,N,N,,7s,---
128,20,1,ne,ne,2420,Crd,Crd,ne2,7s,---
129,20,2,merci,merci,2420,N,N,,7s,---
130,20,3,ne,ne,2420,Neg,Neg,ne1,7s,---
131,20,4,puis,puis,2420,Vfin,Vfin,pouvoir,7s,---
132,20,5,trouver,trouver,2420,Vinf,Vinf,trouver,7s,---
133,20,6,.,.,2420,Pnc,Pnc,,7s,---
134,21,1,bien,bien,2421,Adv,Adv,bien,7s,---
135,21,2,fui,fui,2421,Vfin,Vfin,être1|ester,7s,---
136,21,3,fez,fez,2421,Vpp,Vpp,faire,7s,---
137,21,4,pour,pour,2421,Pre,Pre,pour,7s,---
138,21,5,li,li,2421,Prn,Prn,3p,7s,---
139,21,6,amer,amer,2421,Vinf,Vinf,aimer,7s,---
140,21,7,",",",",2421,Pnc,Pnc,,7s,---
141,22,1,car,car,2422,Crd,Crd,car,7s,---
142,22,2,ne,ne,2422,Neg,Neg,ne1,7s,---
143,22,3,m',m',2422,Prn,Prn$$,1ps,7s,---
144,22,4,en,en,2422,Prn,Prn$$,en2,7s,---
145,22,5,puis,puis,2422,Vfin,Vfin,pouvoir,7s,---
146,22,6,saouler,saouler,2422,Vinf,Vinf,soûler,7s,---
147,22,7,",",",",2422,Pnc,Pnc,,7s,---
148,23,1,et,et,2423,Crd,Crd,et,7s,---
149,23,2,qant,qant,2423,Qux,Qux,quant,7s,---
150,23,3,plus,plus,2423,Adv,Adv,plus,7s,---
151,23,4,avrai,avrai,2423,Vfin,Vfin,avoir1,7s,---
152,23,5,cheance,cheance,2423,N,N,,7s,---
153,23,6,",",",",2423,Pnc,Pnc,,7s,---
154,24,1,plus,plus,2424,Adv,Adv,plus,7s,---
155,24,2,la,la,2424,Prn,Prn$$,3p,7s,---
156,24,3,me,me,2424,Prn,Prn$$,1ps,7s,---
157,24,4,couvient,couvient,2424,Vfin,Vfin,convenir,7s,---
158,24,5,douter,douter,2424,Vinf,Vinf,douter,7s,---
159,24,6,.,.,2424,Pnc,Pnc,,7s,---
160,25,1,d',d',2425,Pre,Pre,de,7s,---
161,25,2,une,une,2425,QIs,QIs,un,7s,---
162,25,3,riens,riens,2425,N,N,rien,7s,---
163,25,4,sui,sui,2425,Vfin,Vfin,être1|ester,7s,---
164,25,5,en,en,2425,Pre,Pre,en1,7s,---
165,25,6,dotance,dotance,2425,N,N,,7s,---
166,26,1,que,que,2426,Qux,Qux,que,7s,---
167,26,2,je,je,2426,Prn,Prn$,1ps,7s,---
168,26,3,ne,ne,2426,Neg,Neg,ne1,7s,---
169,26,4,puis,puis,2426,Vfin,Vfin,pouvoir,7s,---
170,26,5,plus,plus,2426,Adv,Adv,plus,7s,---
171,26,6,celer,celer,2426,Vinf,Vinf,celer,7s,---
172,26,7,:,:,2426,Pnc,Pnc,,7s,---
173,27,1,qu',qu',2427,Sub,Sub,que,7s,---
174,27,2,en,en,2427,Pre,Pre,en1,7s,---
175,27,3,li,li,2427,Prn,Prn,3p,7s,---
176,27,4,n',n',2427,Neg,Neg,ne1,7s,---
177,27,5,ait,ait,2427,Vfin,Vfin,avoir1,7s,---
178,27,6,un,un,2427,QIs,QIs,un,7s,---
179,27,7,pou,pou,2427,N,N,peu,7s,---
180,27,8,d',d',2427,Pre,Pre,de,7s,---
181,27,9,enfance,enfance,2427,N,N,,7s,---
182,27,10,.,.,2427,Pnc,Pnc,,7s,---
183,28,1,ce,ce,2428,Prn,Prn$,ce1,7s,---
184,28,2,me,me,2428,Prn,Prn$$,1ps,7s,---
185,28,3,fet,fet,2428,Vfin,Vfin,faire,7s,---
186,28,4,desconforter,desconforter,2428,Vinf,Vinf,déconforter,7s,---
187,29,1,que,que,2429,Sub,Sub,que,7s,---
188,29,2,",",",",2429,Pnc,Pnc,,7s,---
189,29,3,s',s',2429,Sub,Sub,si3,7s,---
190,29,4,a,a,2429,Pre,Pre,à,7s,---
191,29,5,moi,moi,2429,Prn,Prn,1ps,7s,---
192,29,6,a,a,2429,Vfin,Vfin,avoir,7s,---
193,29,7,bon,bon,2429,Adj,Adj,bon,7s,---
194,29,8,penser,penser,2429,Vinf,Vinf,penser,7s,---
195,29,9,",",",",2429,Pnc,Pnc,,7s,---
196,30,1,ne,ne,2430,Neg,Neg,ne1,7s,---
197,30,2,l',l',2430,Prn,Prn$$,3p,7s,---
198,30,3,ose,ose,2430,Vfin,Vfin,oser,7s,---
199,30,4,ele,ele,2430,Prn,Prn%,3p,7s,---
200,30,5,demoustrer,demoustrer,2430,Vinf,Vinf,démontrer,7s,---
201,30,6,.,.,2430,Pnc,Pnc,,7s,---
202,31,1,si,si,2431,Adv,Adv,si4,7s,---
203,31,2,feist,feist,2431,Vfin,Vfin,faire,7s,---
204,31,3,qu',qu',2431,Sub,Sub,que,7s,---
205,31,4,a,a,2431,Pre,Pre,à,7s,---
206,31,5,sa,sa,2431,Det,Det,son4,7s,---
207,31,6,senblance,senblance,2431,N,N,,7s,---
208,32,1,le,le,2432,Prn,Prn$$,3p,7s,---
209,32,2,peusse,peusse,2432,Vfin,Vfin,pouvoir,7s,---
210,32,3,deviner,deviner,2432,Vinf,Vinf,deviner,7s,---
211,32,4,!,!,2432,Pnc,Pnc,,7s,---
212,33,1,des,des,2433,Pre,Pre,dès,7s,---
213,33,2,que,que,2433,Sub,Sub,que,7s,---
214,33,3,je,je,2433,Prn,Prn$,1ps,7s,---
215,33,4,li,li,2433,Prn,Prn$$,3p,7s,---
216,33,5,fis,fis,2433,Vfin,Vfin,faire,7s,---
217,33,6,priere,priere,2433,N,N,,7s,---
218,34,1,et,et,2434,Crd,Crd,et,7s,---
219,34,2,la,la,2434,Prn,Prn$$,3p,7s,---
220,34,3,pris,pris,2434,Vfin,Vfin,prendre,7s,---
221,34,4,a,a,2434,Pre,Pre,à,7s,---
222,34,5,esgarder,esgarder,2434,Vinf,Vinf,égarder,7s,---
223,34,6,",",",",2434,Pnc,Pnc,,7s,---
224,35,1,me,me,2435,Prn,Prn$$,1ps,7s,---
225,35,2,fist,fist,2435,Vfin,Vfin,faire,7s,---
226,35,3,amors,amors,2435,N,N,,7s,---
227,35,4,la,la,2435,Det,Det,le,7s,---
228,35,5,lumiere,lumiere,2435,N,N,,7s,---
229,36,1,des,des,2436,Pre+Det,Pre+Det,de+le,7s,---
230,36,2,euz,euz,2436,N,N,,7s,---
231,36,3,par,par,2436,Pre,Pre,par1,7s,---
232,36,4,le,le,2436,Det,Det,le,7s,---
233,36,5,cuer,cuer,2436,N,N,,7s,---
234,36,6,passer,passer,2436,Vinf,Vinf,passer,7s,---
235,36,7,.,.,2436,Pnc,Pnc,,7s,---
236,37,1,cist,cist,2437,Dem,Dem,cist,7s,---
237,37,2,conduiz,conduiz,2437,N,N,,7s,---
238,37,3,me,me,2437,Prn,Prn$$,1ps,7s,---
239,37,4,fet,fet,2437,Vfin,Vfin,faire,7s,---
240,37,5,grever,grever,2437,Vinf,Vinf,grever,7s,---
241,37,6,",",",",2437,Pnc,Pnc,,7s,---
242,38,1,dont,dont,2438,Qux,Qux,dont,7s,---
243,38,2,je,je,2438,Prn,Prn$,1ps,7s,---
244,38,3,ne,ne,2438,Neg,Neg,ne1,7s,---
245,38,4,me,me,2438,Prn,Prn$$,1ps,7s,---
246,38,5,sai,sai,2438,Vfin,Vfin,savoir,7s,---
247,38,6,garder,garder,2438,Vinf,Vinf,garder,7s,---
248,38,7,",",",",2438,Pnc,Pnc,,7s,---
249,39,1,n',n',2439,Crd,Crd,ne2,7s,---
250,39,2,il,il,2439,Prn,Prn$,3p,7s,---
251,39,3,ne,ne,2439,Neg,Neg,ne1,7s,---
252,39,4,puet,puet,2439,Vfin,Vfin,pouvoir,7s,---
253,39,5,torner,torner,2439,Vinf,Vinf,tourner,7s,---
254,39,6,arriere,arriere,2439,PrA,PrA,arrière,7s,---
255,39,7,;,;,2439,Pnc,Pnc,,7s,---
256,40,1,li,li,2440,Det,Det,le,7s,---
257,40,2,cuers,cuers,2440,N,N,,7s,---
258,40,3,melz,melz,2440,Adv,Adv,mieux,7s,---
259,40,4,voudroit,voudroit,2440,Vfin,Vfin,vouloir,7s,---
260,40,5,crever,crever,2440,Vinf,Vinf,crever,7s,---
261,40,6,.,.,2440,Pnc,Pnc,,7s,---
262,41,1,dame,dame,2441,N,N,,7s,---
263,41,2,",",",",2441,Pnc,Pnc,,7s,---
264,41,3,a,a,2441,Pre,Pre,à,7s,---
265,41,4,vos,vos,2441,Prn,Prn,2pp,7s,---
266,41,5,m',m',2441,Prn,Prn$$,1ps,7s,---
267,41,6,estuet,estuet,2441,Vfin,Vfin,estovoir,7s,---
268,41,7,clamer,clamer,2441,Vinf,Vinf,clamer,7s,---
269,42,1,et,et,2442,Crd,Crd,et,7s,---
270,42,2,que,que,2442,Sub,Sub,que,7s,---
271,42,3,merci,merci,2442,N,N,,7s,---
272,42,4,vos,vos,2442,Prn,Prn$$,2pp,7s,---
273,42,5,reqiere,reqiere,2442,Vfin,Vfin,requérir,7s,---
274,42,6,.,.,2442,Pnc,Pnc,,7s,---
275,43,1,deus,deus,2443,N,N,,7s,---
276,43,2,m',m',2443,Prn,Prn$$,1ps,7s,---
277,43,3,i,i,2443,Prn,Prn$$,y,7s,---
278,43,4,dont,dont,2443,Vfin,Vfin,donner,7s,---
279,43,5,merci,merci,2443,N,N,,7s,---
280,43,6,trouver,trouver,2443,Vinf,Vinf,trouver,7s,---
281,43,7,!,!,2443,Pnc,Pnc,,7s,---
282,44,1,phelipe,phelipe,3901,N,N,,7s,---
283,44,2,",",",",3901,Pnc,Pnc,,7s,---
284,44,3,je,je,3901,Prn,Prn$,1ps,7s,---
285,44,4,vous,vous,3901,Prn,Prn$$,2pp,7s,---
286,44,5,demant,demant,3901,Vfin,Vfin,demander,7s,---
287,44,6,:,:,3901,Pnc,Pnc,,7s,---
288,45,1,dui,dui,3902,QIs,QIs,2,7s,---
289,45,2,ami,ami,3902,N,N,,7s,---
290,45,3,de,de,3902,Pre,Pre,de,7s,---
291,45,4,cuer,cuer,3902,N,N,,7s,---
292,45,5,verai,verai,3902,Adj,Adj,vrai,7s,---
293,46,1,sont,sont,3903,Vfin,Vfin,être1|ester,7s,---
294,46,2,qui,qui,3903,Qux,Qux,qui,7s,---
295,46,3,aiment,aiment,3903,Vfin,Vfin,aimer,7s,---
296,46,4,loiaument,loiaument,3903,Adv,Adv,,7s,---
297,46,5,",",",",3903,Pnc,Pnc,,7s,---
298,47,1,bacheler,bacheler,3904,N,N,,7s,---
299,47,2,novel,novel,3904,Adj,Adj,nouveau,7s,---
300,47,3,et,et,3904,Crd,Crd,et,7s,---
301,47,4,gai,gai,3904,Adj,Adj,,7s,---
302,47,5,.,.,3904,Pnc,Pnc,,7s,---
303,48,1,li,li,3905,Det,Det,le,7s,---
304,48,2,uns,uns,3905,QIs,QIs,un,7s,---
305,48,3,a,a,3905,Vfin,Vfin,avoir,7s,---
306,48,4,tout,tout,3905,QIs,QIs,tout,7s,---
307,48,5,son,son,3905,Det,Det,son4,7s,---
308,48,6,talent,talent,3905,N,N,,7s,---
309,48,7,",",",",3905,Pnc,Pnc,,7s,---
310,49,1,li,li,3906,Det,Det,le,7s,---
311,49,2,autres,autres,3906,Adj,Adj,autre,7s,---
312,49,3,est,est,3906,Vfin,Vfin,être1|ester,7s,---
313,49,4,a,a,3906,Pre,Pre,à,7s,---
314,49,5,l',l',3906,Det,Det,le,7s,---
315,49,6,essai,essai,3906,N,N,,7s,---
316,49,7,.,.,3906,Pnc,Pnc,,7s,---
317,50,1,qui,qui,3907,Qux,Qux,qui,7s,---
318,50,2,doit,doit,3907,Vfin,Vfin,devoir2,7s,---
319,50,3,plus,plus,3907,Adv,Adv,plus,7s,---
320,50,4,venir,venir,3907,Vinf,Vinf,venir,7s,---
321,50,5,avant,avant,3907,PrA,PrA,avant,7s,---
322,50,6,",",",",3907,Pnc,Pnc,,7s,---
323,51,1,li,li,3908,Det,Det,le,7s,---
324,51,2,amez,amez,3908,Vpp,Vpp,aimer,7s,---
325,51,3,ou,ou,3908,Crd,Crd,ou1,7s,---
326,51,4,cil,cil,3908,Dem,Dem,cil,7s,---
327,51,5,qui,qui,3908,Qux,Qux,qui,7s,---
328,51,6,prie,prie,3908,Vfin,Vfin,prier,7s,---
329,51,7,?,?,3908,Pnc,Pnc,,7s,---
330,52,1,—,—,3909,Pnc,Pnc,,7s,---
331,52,2,cuens,cuens,3909,N,N,,7s,---
332,52,3,",",",",3909,Pnc,Pnc,,7s,---
333,52,4,sachiez,sachiez,3909,Vfin,Vfin,savoir,7s,---
334,52,5,certainement,certainement,3909,Adv,Adv,,7s,---
335,52,6,:,:,3909,Pnc,Pnc,,7s,---
336,53,1,li,li,3910,Det,Det,le,7s,---
337,53,2,amez,amez,3910,Vpp,Vpp,aimer,7s,---
338,53,3,est,est,3910,Vfin,Vfin,être1|ester,7s,---
339,53,4,fors,fors,3910,PrA,PrA,hors,7s,---
340,53,5,d',d',3910,Pre,Pre,de,7s,---
341,53,6,esmai,esmai,3910,N,N,,7s,---
342,54,1,et,et,3911,Crd,Crd,et,7s,---
343,54,2,pour,pour,3911,Pre,Pre,pour,7s,---
344,54,3,c',c',3911,Prn,Prn,ce1,7s,---
345,54,4,est,est,3911,Vfin,Vfin,être1|ester,7s,---
346,54,5,il,il,3911,Prn,Prn%,3p,7s,---
347,54,6,plus,plus,3911,Adv,Adv,plus,7s,---
348,54,7,en,en,3911,Pre,Pre,en1,7s,---
349,54,8,grant,grant,3911,Adj,Adj,grand,7s,---
350,55,1,de,de,3912,Pre,Pre,de,7s,---
351,55,2,melz,melz,3912,Adv,Adv,mieux,7s,---
352,55,3,valoir,valoir,3912,Vinf,Vinf,valoir,7s,---
353,55,4,",",",",3912,Pnc,Pnc,,7s,---
354,55,5,bien,bien,3912,Adv,Adv,bien,7s,---
355,55,6,le,le,3912,Prn,Prn$$,3p,7s,---
356,55,7,sai,sai,3912,Vfin,Vfin,savoir,7s,---
357,55,8,;,;,3912,Pnc,Pnc,,7s,---
358,56,1,quant,quant,3913,Sub,Sub,quand,7s,---
359,56,2,plus,plus,3913,Adv,Adv,plus,7s,---
360,56,3,a,a,3913,Vfin,Vfin,avoir1,7s,---
361,56,4,",",",",3913,Pnc,Pnc,,7s,---
362,56,5,et,et,3913,Crd,Crd,et,7s,---
363,56,6,plus,plus,3913,Adv,Adv,plus,7s,---
364,56,7,enprent,enprent,3913,Vfin,Vfin,emprendre,7s,---
365,57,1,et,et,3914,Crd,Crd,et,7s,---
366,57,2,plus,plus,3914,Adv,Adv,plus,7s,---
367,57,3,fet,fet,3914,Vfin,Vfin,faire,7s,---
368,57,4,bien,bien,3914,Adv,Adv,bien,7s,---
369,57,5,sanz,sanz,3914,Pre,Pre,sans,7s,---
370,57,6,delai,delai,3914,N,N,,7s,---
371,57,7,;,;,3914,Pnc,Pnc,,7s,---
372,58,1,ne,ne,3915,Crd,Crd,ne2,7s,---
373,58,2,cil,cil,3915,Dem,Dem,cil,7s,---
374,58,3,ne,ne,3915,Neg,Neg,ne1,7s,---
375,58,4,puet,puet,3915,Vfin,Vfin,pouvoir,7s,---
376,58,5,valoir,valoir,3915,Vinf,Vinf,valoir,7s,---
377,58,6,tant,tant,3915,QIs,QIs,tant,7s,---
378,59,1,qui,qui,3916,Qux,Qux,qui,7s,---
379,59,2,qiert,qiert,3916,Vfin,Vfin,quérir,7s,---
380,59,3,merci,merci,3916,N,N,,7s,---
381,59,4,et,et,3916,Crd,Crd,et,7s,---
382,59,5,aïe,aïe,3916,N,N,,7s,---
383,59,6,.,.,3916,Pnc,Pnc,,7s,---
384,60,1,—,—,3917,Pnc,Pnc,,7s,---
385,60,2,phelipe,phelipe,3917,N,N,,7s,---
386,60,3,",",",",3917,Pnc,Pnc,,7s,---
387,60,4,cil,cil,3917,Dem,Dem,cil,7s,---
388,60,5,qui,qui,3917,Qux,Qux,qui,7s,---
389,60,6,reqiert,reqiert,3917,Vfin,Vfin,requérir,7s,---
390,61,1,doit,doit,3918,Vfin,Vfin,devoir2,7s,---
391,61,2,melz,melz,3918,Adv,Adv,mieux,7s,---
392,61,3,valoir,valoir,3918,Vinf,Vinf,valoir,7s,---
393,61,4,par,par,3918,Pre,Pre,par1,7s,---
394,61,5,raison,raison,3918,N,N,,7s,---
395,61,6,",",",",3918,Pnc,Pnc,,7s,---
396,62,1,que,que,3919,Sub,Sub,que,7s,---
397,62,2,toute,toute,3919,QIs,QIs,tout,7s,---
398,62,3,bontez,bontez,3919,N,N,,7s,---
399,62,4,affiert,affiert,3919,Vfin,Vfin,afférir,7s,---
400,63,1,a,a,3920,Pre,Pre,à,7s,---
401,63,2,atendre,atendre,3920,Vinf,Vinf,attendre,7s,---
402,63,3,a,a,3920,Pre,Pre,à,7s,---
403,63,4,si,si,3920,Adv,Adv,si4,7s,---
404,63,5,haut,haut,3920,Adj,Adj,haut,7s,---
405,63,6,don,don,3920,N,N,,7s,---
406,63,7,.,.,3920,Pnc,Pnc,,7s,---
407,64,1,cil,cil,3921,Dem,Dem,cil,7s,---
408,64,2,s',s',3921,Prn,Prn$$,soi,7s,---
409,64,3,esforce,esforce,3921,Vfin,Vfin,efforcer,7s,---
410,64,4,qui,qui,3921,Qux,Qux,qui,7s,---
411,64,5,conqiert,conqiert,3921,Vfin,Vfin,conquérir,7s,---
412,64,6,",",",",3921,Pnc,Pnc,,7s,---
413,65,1,més,més,3922,Crd,Crd,mais1,7s,---
414,65,2,cil,cil,3922,Dem,Dem,cil,7s,---
415,65,3,qui,qui,3922,Qux,Qux,qui,7s,---
416,65,4,en,en,3922,Prn,Prn$$,en2,7s,---
417,65,5,est,est,3922,Vfin,Vfin,être1|ester,7s,---
418,65,6,a,a,3922,Pre,Pre,à,7s,---
419,65,7,son,son,3922,Det,Det,son4,7s,---
420,66,1,jamés,jamés,3923,Adv,Adv,jamais,7s,---
421,66,2,partir,partir,3923,Vinf,Vinf,partir,7s,---
422,66,3,ne,ne,3923,Neg,Neg,ne1,7s,---
423,66,4,se,se,3923,Prn,Prn$$,soi,7s,---
424,66,5,qiert,qiert,3923,Vfin,Vfin,quérir,7s,---
425,67,1,por,por,3924,Pre,Pre,pour,7s,---
426,67,2,nul,nul,3924,QIs,QIs,nul,7s,---
427,67,3,pris,pris,3924,N,N,,7s,---
428,67,4,d',d',3924,Pre,Pre,de,7s,---
429,67,5,avec,avec,3924,Pre,Pre,avec,7s,---
430,67,6,s',s',3924,Det,Det,son4,7s,---
431,67,7,amie,amie,3924,N,N,,7s,---
432,67,8,.,.,3924,Pnc,Pnc,,7s,---
433,68,1,—,—,3925,Pnc,Pnc,,7s,---
434,68,2,cuens,cuens,3925,N,N,,7s,---
435,68,3,",",",",3925,Pnc,Pnc,,7s,---
436,68,4,ja,ja,3925,Adv,Adv,jà,7s,---
437,68,5,li,li,3925,Det,Det,le,7s,---
438,68,6,prierres,prierres,3925,N,N,,7s,---
439,68,7,n',n',3925,Neg,Neg,ne1,7s,---
440,68,8,iert,iert,3925,Vfin,Vfin,être1|ester,7s,---
441,69,1,qui,qui,3926,Qux,Qux,qui,7s,---
442,69,2,n',n',3926,Neg,Neg,ne1,7s,---
443,69,3,ait,ait,3926,Vfin,Vfin,avoir1,7s,---
444,69,4,duel,duel,3926,N,N,,7s,---
445,69,5,et,et,3926,Crd,Crd,et,7s,---
446,69,6,soupeçon,soupeçon,3926,N,N,,7s,---
447,69,7,",",",",3926,Pnc,Pnc,,7s,---
448,70,1,et,et,3927,Crd,Crd,et,7s,---
449,70,2,pensee,pensee,3927,N,N,,7s,---
450,70,3,au,au,3927,Pre+Det,Pre+Det,à+le,7s,---
451,70,4,cuer,cuer,3927,N,N,,7s,---
452,70,5,le,le,3927,Prn,Prn$$,3p,7s,---
453,70,6,fiert,fiert,3927,Vfin,Vfin,férir,7s,---
454,71,1,conment,conment,3928,Qux,Qux,comment,7s,---
455,71,2,il,il,3928,Prn,Prn$,3p,7s,---
456,71,3,avra,avra,3928,Vfin,Vfin,avoir1,7s,---
457,71,4,pardon,pardon,3928,N,N,,7s,---
458,71,5,;,;,3928,Pnc,Pnc,,7s,---
459,72,1,més,més,3929,Crd,Crd,mais1,7s,---
460,72,2,cil,cil,3929,Dem,Dem,cil,7s,---
461,72,3,qui,qui,3929,Qux,Qux,qui,7s,---
462,72,4,a,a,3929,Vfin,Vfin,avoir1,7s,---
463,72,5,ce,ce,3929,Prn,Prn,ce1,7s,---
464,72,6,q',q',3929,Qux,Qux,que,7s,---
465,72,7,il,il,3929,Prn,Prn$,3p,7s,---
466,72,8,qiert,qiert,3929,Vfin,Vfin,quérir,7s,---
467,73,1,ne,ne,3930,Neg,Neg,ne1,7s,---
468,73,2,pense,pense,3930,Vfin,Vfin,penser,7s,---
469,73,3,s',s',3930,Sub,Sub,si3,7s,---
470,73,4,a,a,3930,Pre,Pre,à,7s,---
471,73,5,valoir,valoir,3930,Vinf,Vinf,valoir,7s,---
472,73,6,non,non,3930,NVP,NVP,non,7s,---
473,73,7,:,:,3930,Pnc,Pnc,,7s,---
474,74,1,joie,joie,3931,N,N,,7s,---
475,74,2,son,son,3931,Det,Det,son4,7s,---
476,74,3,pris,pris,3931,N,N,,7s,---
477,74,4,li,li,3931,Prn,Prn$$,3p,7s,---
478,74,5,porqiert,porqiert,3931,Vfin,Vfin,pourquérir,7s,---
479,75,1,et,et,3932,Crd,Crd,et,7s,---
480,75,2,sa,sa,3932,Det,Det,son4,7s,---
481,75,3,dame,dame,3932,N,N,,7s,---
482,75,4,",",",",3932,Pnc,Pnc,,7s,---
483,75,5,qui,qui,3932,Qux,Qux,qui,7s,---
484,75,6,l',l',3932,Prn,Prn$$,3p,7s,---
485,75,7,en,en,3932,Prn,Prn$$,en2,7s,---
486,75,8,prie,prie,3932,Vfin,Vfin,prier,7s,---
487,75,9,.,.,3932,Pnc,Pnc,,7s,---
488,76,1,—,—,3933,Pnc,Pnc,,7s,---
489,76,2,phelipe,phelipe,3933,N,N,,7s,---
490,76,3,",",",",3933,Pnc,Pnc,,7s,---
491,76,4,plus,plus,3933,Adv,Adv,plus,7s,---
492,76,5,doit,doit,3933,Vfin,Vfin,devoir2,7s,---
493,76,6,valoir,valoir,3933,Vinf,Vinf,valoir,7s,---
494,77,1,cil,cil,3934,Dem,Dem,cil,7s,---
495,77,2,qui,qui,3934,Qux,Qux,qui,7s,---
496,77,3,veut,veut,3934,Vfin,Vfin,vouloir,7s,---
497,77,4,entendre,entendre,3934,Vinf,Vinf,entendre,7s,---
498,77,5,a,a,3934,Pre,Pre,à,7s,---
499,77,6,li,li,3934,Prn,Prn,3p,7s,---
500,78,1,et,et,3935,Crd,Crd,et,7s,---
501,78,2,qui,qui,3935,Qux,Qux,qui,7s,---
502,78,3,atent,atent,3935,Vfin,Vfin,attendre,7s,---
503,78,4,main,main,3935,N,N,,7s,---
504,78,5,et,et,3935,Crd,Crd,et,7s,---
505,78,6,soir,soir,3935,N,N,,7s,---
506,79,1,de,de,3936,Pre,Pre,de,7s,---
507,79,2,sa,sa,3936,Det,Det,son4,7s,---
508,79,3,dame,dame,3936,N,N,,7s,---
509,79,4,avoir,avoir,3936,Vinf,Vinf,avoir1,7s,---
510,79,5,merci,merci,3936,N,N,,7s,---
511,79,6,.,.,3936,Pnc,Pnc,,7s,---
512,80,1,cist,cist,3937,Dem,Dem,cist,7s,---
513,80,2,pensers,pensers,3937,Vinf,Vinf,penser,7s,---
514,80,3,li,li,3937,Prn,Prn$$,3p,7s,---
515,80,4,fet,fet,3937,Vfin,Vfin,faire,7s,---
516,80,5,avoir,avoir,3937,Vinf,Vinf,avoir1,7s,---
517,81,1,le,le,3938,Det,Det,le,7s,---
518,81,2,cuer,cuer,3938,N,N,,7s,---
519,81,3,vaillant,vaillant,3938,Vprs,Vprs,valoir,7s,---
520,81,4,et,et,3938,Crd,Crd,et,7s,---
521,81,5,hardi,hardi,3938,Vpp,Vpp,hardir,7s,---
522,81,6,.,.,3938,Pnc,Pnc,,7s,---
523,82,1,trop,trop,3939,Adv,Adv,trop,7s,---
524,82,2,fet,fet,3939,Vfin,Vfin,faire,7s,---
525,82,3,cil,cil,3939,Dem,Dem,cil,7s,---
526,82,4,mains,mains,3939,Adv,Adv,moins,7s,---
527,82,5,son,son,3939,Det,Det,son4,7s,---
528,82,6,pouoir,pouoir,3939,N,N,pouvoir2,7s,---
529,83,1,qui,qui,3940,Qux,Qux,qui,7s,---
530,83,2,a,a,3940,Vfin,Vfin,avoir1,7s,---
531,83,3,sa,sa,3940,Det,Det,son4,7s,---
532,83,4,joie,joie,3940,N,N,,7s,---
533,83,5,aconplie,aconplie,3940,Vpp,Vpp,accomplir,7s,---
534,83,6,.,.,3940,Pnc,Pnc,,7s,---
535,84,1,—,—,3941,Pnc,Pnc,,7s,---
536,84,2,cuens,cuens,3941,N,N,,7s,---
537,84,3,",",",",3941,Pnc,Pnc,,7s,---
538,84,4,sachiez,sachiez,3941,Vfin,Vfin,savoir,7s,---
539,84,5,vos,vos,3941,Prn,Prn%%,2pp,7s,---
540,84,6,bien,bien,3941,Adv,Adv,bien,7s,---
541,84,7,de,de,3941,Pre,Pre,de,7s,---
542,84,8,voir,voir,3941,Adj,Adj,voir2,7s,---
543,85,1,que,que,3942,Sub,Sub,que,7s,---
544,85,2,ci,ci,3942,Adv,Adv,ci,7s,---
545,85,3,avez,avez,3942,Vfin,Vfin,avoir1,7s,---
546,85,4,vos,vos,3942,Prn,Prn%,2pp,7s,---
547,85,5,failli,failli,3942,Vpp,Vpp,faillir,7s,---
548,85,6,:,:,3942,Pnc,Pnc,,7s,---
549,86,1,s',s',3943,Sub,Sub,si3,7s,---
550,86,2,on,on,3943,Prn,Prn$,on,7s,---
551,86,3,vaut,vaut,3943,Vfin,Vfin,valoir,7s,---
552,86,4,mains,mains,3943,Adv,Adv,moins,7s,---
553,86,5,por,por,3943,Pre,Pre,pour,7s,---
554,86,6,joie,joie,3943,N,N,,7s,---
555,86,7,avoir,avoir,3943,Vinf,Vinf,avoir1,7s,---
556,86,8,",",",",3943,Pnc,Pnc,,7s,---
557,87,1,dont,dont,3944,Qux,Qux,dont,7s,---
558,87,2,sunt,sunt,3944,Vfin,Vfin,être1|ester,7s,---
559,87,3,tout,tout,3944,QIs,QIs,tout,7s,---
560,87,4,amant,amant,3944,Vprs,Vprs,aimer,7s,---
561,87,5,honi,honi,3944,Vpp,Vpp,honnir,7s,---
562,87,6,.,.,3944,Pnc,Pnc,,7s,---
563,88,1,se,se,3945,Sub,Sub,si3,7s,---
564,88,2,cil,cil,3945,Dem,Dem,cil,7s,---
565,88,3,qui,qui,3945,Qux,Qux,qui,7s,---
566,88,4,se,se,3945,Prn,Prn$$,soi,7s,---
567,88,5,doit,doit,3945,Vfin,Vfin,devoir2,7s,---
568,88,6,doloir,doloir,3945,Vinf,Vinf,douloir,7s,---
569,89,1,vaut,vaut,3946,Vfin,Vfin,valoir,7s,---
570,89,2,melz,melz,3946,Adv,Adv,mieux,7s,---
571,89,3,de,de,3946,Pre,Pre,de,7s,---
572,89,4,joieus,joieus,3946,Adj,Adj,,7s,---
573,89,5,ami,ami,3946,N,N,,7s,---
574,89,6,",",",",3946,Pnc,Pnc,,7s,---
575,90,1,dont,dont,3947,Qux,Qux,dont,7s,---
576,90,2,fesons,fesons,3947,Vfin,Vfin,faire,7s,---
577,90,3,dames,dames,3947,N,N,,7s,---
578,90,4,savoir,savoir,3947,Vinf,Vinf,savoir,7s,---
579,91,1,par,par,3948,Pre,Pre,par1,7s,---
580,91,2,tot,tot,3948,QIs,QIs,tout,7s,---
581,91,3,c',c',3948,Sub,Sub,que,7s,---
582,91,4,on,on,3948,Prn,Prn$,on,7s,---
583,91,5,nes,nes,3948,Neg+Prn,Neg+Prn$$,ne1+3p,7s,---
584,91,6,ainme,ainme,3948,Vfin,Vfin,aimer,7s,---
585,91,7,mie,mie,3948,Neg,Neg,mie3,7s,---
586,91,8,.,.,3948,Pnc,Pnc,,7s,---
587,92,1,—,—,3949,Pnc,Pnc,,7s,---
588,92,2,phelipe,phelipe,3949,N,N,,7s,---
589,92,3,",",",",3949,Pnc,Pnc,,7s,---
590,92,4,je,je,3949,Prn,Prn$,1ps,7s,---
591,92,5,faz,faz,3949,Vfin,Vfin,faire,7s,---
592,92,6,savoir,savoir,3949,Vinf,Vinf,savoir,7s,---
593,93,1,a,a,3950,Pre,Pre,à,7s,---
594,93,2,auberon,auberon,3950,N,N,,7s,---
595,93,3,",",",",3950,Pnc,Pnc,,7s,---
596,93,4,mon,mon,3950,Det,Det,mon1,7s,---
597,93,5,ami,ami,3950,N,N,,7s,---
598,93,6,",",",",3950,Pnc,Pnc,,7s,---
599,94,1,q',q',3951,Sub,Sub,que,7s,---
600,94,2,il,il,3951,Prn,Prn$,3p,7s,---
601,94,3,nos,nos,3951,Prn,Prn$$,1pp,7s,---
602,94,4,en,en,3951,Prn,Prn$$,en2,7s,---
603,94,5,die,die,3951,Vfin,Vfin,dire,7s,---
604,94,6,le,le,3951,Det,Det,le,7s,---
605,94,7,voir,voir,3951,Adj,Adj,voir2,7s,---
606,94,8,",",",",3951,Pnc,Pnc,,7s,---
607,95,1,u,u,3952,Crd,Crd,ou,7s,---
608,95,2,sa,sa,3952,Det,Det,son4,7s,---
609,95,3,langue,langue,3952,N,N,,7s,---
610,95,4,soit,soit,3952,Vfin,Vfin,être1|ester,7s,---
611,95,5,honie,honie,3952,Vpp,Vpp,honnir,7s,---
612,95,6,!,!,3952,Pnc,Pnc,,7s,---
613,96,1,—,—,3953,Pnc,Pnc,,7s,---
614,96,2,cuens,cuens,3953,N,N,,7s,---
615,96,3,",",",",3953,Pnc,Pnc,,7s,---
616,96,4,a,a,3953,Pre,Pre,à,7s,---
617,96,5,rodrigue,rodrigue,3953,N,N,,7s,---
618,96,6,le,le,3953,Det,Det,le,7s,---
619,96,7,noir,noir,3953,Adj,Adj,,7s,---
620,97,1,mant,mant,3954,Vfin,Vfin,mentir,7s,---
621,97,2,de,de,3954,Pre,Pre,de,7s,---
622,97,3,par,par,3954,Pre,Pre,par1,7s,---
623,97,4,vos,vos,3954,Prn,Prn,2pp,7s,---
624,97,5,et,et,3954,Crd,Crd,et,7s,---
625,97,6,li,li,3954,Prn,Prn$$,3p,7s,---
626,97,7,pri,pri,3954,Vfin,Vfin,prier,7s,---
627,98,1,q',q',3955,Sub,Sub,que,7s,---
628,98,2,il,il,3955,Prn,Prn$,3p,7s,---
629,98,3,nos,nos,3955,Prn,Prn$$,1pp,7s,---
630,98,4,en,en,3955,Prn,Prn$$,en2,7s,---
631,98,5,mant,mant,3955,Vfin,Vfin,mentir,7s,---
632,98,6,son,son,3955,Det,Det,son4,7s,---
633,98,7,voloir,voloir,3955,Vinf,Vinf,vouloir,7s,---
634,99,1,qui,qui,3956,Qux,Qux,qui,7s,---
635,99,2,a,a,3956,Vfin,Vfin,avoir1,7s,---
636,99,3,droit,droit,3956,N,N,droit1,7s,---
637,99,4,de,de,3956,Pre,Pre,de,7s,---
638,99,5,la,la,3956,Det,Det,le,7s,---
639,99,6,partie,partie,3956,N,N,,7s,---
640,99,7,.,.,3956,Pnc,Pnc,,7s,---
641,100,1,ausi,ausi,3401,Adv,Adv,aussi,8s,---
642,100,2,conme,conme,3401,Sub,Sub,comme,8s,---
643,100,3,unicorne,unicorne,3401,N,N,,8s,---
644,100,4,sui,sui,3401,Vfin,Vfin,être1|ester,8s,---
645,101,1,qui,qui,3402,Qux,Qux,qui,8s,---
646,101,2,s',s',3402,Prn,Prn$$,soi,8s,---
647,101,3,esbahist,esbahist,3402,Vfin,Vfin,ébahir,8s,---
648,101,4,en,en,3402,Pre,Pre,en1,8s,---
649,101,5,regardant,regardant,3402,Vprs,Vprs,regarder,8s,---
650,101,6,",",",",3402,Pnc,Pnc,,8s,---
651,102,1,quant,quant,3403,Sub,Sub,quand,8s,---
652,102,2,la,la,3403,Det,Det,le,8s,---
653,102,3,pucele,pucele,3403,N,N,,8s,---
654,102,4,va,va,3403,Vfin,Vfin,aller,8s,---
655,102,5,mirant,mirant,3403,Vprs,Vprs,mirer,8s,---
656,102,6,.,.,3403,Pnc,Pnc,,8s,---
657,103,1,tant,tant,3404,QIs,QIs,tant,8s,---
658,103,2,est,est,3404,Vfin,Vfin,être1|ester,8s,---
659,103,3,liee,liee,3404,Adj,Adj,lié,8s,---
660,103,4,de,de,3404,Pre,Pre,de,8s,---
661,103,5,son,son,3404,Det,Det,son4,8s,---
662,103,6,ennui,ennui,3404,N,N,,8s,---
663,103,7,",",",",3404,Pnc,Pnc,,8s,---
664,104,1,pasmee,pasmee,3405,Vpp,Vpp,pâmer,8s,---
665,104,2,chiét,chiét,3405,Vfin,Vfin,choir,8s,---
666,104,3,en,en,3405,Pre,Pre,en1,8s,---
667,104,4,son,son,3405,Det,Det,son4,8s,---
668,104,5,giron,giron,3405,N,N,,8s,---
669,104,6,;,;,3405,Pnc,Pnc,,8s,---
670,105,1,lors,lors,3406,Adv,Adv,lors,8s,---
671,105,2,l',l',3406,Prn,Prn$$,3p,8s,---
672,105,3,ocit,ocit,3406,Vfin,Vfin,occire,8s,---
673,105,4,on,on,3406,Prn,Prn%,on,8s,---
674,105,5,en,en,3406,Pre,Pre,en1,8s,---
675,105,6,traison,traison,3406,N,N,,8s,---
676,105,7,.,.,3406,Pnc,Pnc,,8s,---
677,106,1,et,et,3407,Crd,Crd,et,8s,---
678,106,2,moi,moi,3407,Prn,Prn,1ps,8s,---
679,106,3,ont,ont,3407,Vfin,Vfin,avoir1,8s,---
680,106,4,mort,mort,3407,Vpp,Vpp,mourir,8s,---
681,106,5,d',d',3407,Pre,Pre,de,8s,---
682,106,6,autel,autel,3407,Adj,Adj,,8s,---
683,106,7,senblant,senblant,3407,N,N,,8s,---
684,107,1,amors,amors,3408,N,N,,8s,---
685,107,2,et,et,3408,Crd,Crd,et,8s,---
686,107,3,ma,ma,3408,Det,Det,mon1,8s,---
687,107,4,dame,dame,3408,N,N,,8s,---
688,107,5,",",",",3408,Pnc,Pnc,,8s,---
689,107,6,por,por,3408,Pre,Pre,pour,8s,---
690,107,7,voir,voir,3408,Adj,Adj,voir2,8s,---
691,107,8,:,:,3408,Pnc,Pnc,,8s,---
692,108,1,mon,mon,3409,Det,Det,mon1,8s,---
693,108,2,cuer,cuer,3409,N,N,,8s,---
694,108,3,ont,ont,3409,Vfin,Vfin,avoir1,8s,---
695,108,4,",",",",3409,Pnc,Pnc,,8s,---
696,108,5,n',n',3409,Neg,Neg,ne1,8s,---
697,108,6,en,en,3409,Prn,Prn$$,en2,8s,---
698,108,7,puis,puis,3409,Vfin,Vfin,pouvoir,8s,---
699,108,8,point,point,3409,Neg,Neg,point2,8s,---
700,108,9,ravoir,ravoir,3409,Vinf,Vinf,ravoir,8s,---
701,108,10,.,.,3409,Pnc,Pnc,,8s,---
702,109,1,dame,dame,3410,N,N,,8s,---
703,109,2,",",",",3410,Pnc,Pnc,,8s,---
704,109,3,quant,quant,3410,Sub,Sub,quand,8s,---
705,109,4,je,je,3410,Prn,Prn,1ps,8s,---
706,109,5,devant,devant,3410,PrA,PrA,devant,8s,---
707,109,6,vous,vous,3410,Prn,Prn,2pp,8s,---
708,109,7,fui,fui,3410,Vfin,Vfin,être1|ester,8s,---
709,110,1,et,et,3411,Crd,Crd,et,8s,---
710,110,2,je,je,3411,Prn,Prn$,1ps,8s,---
711,110,3,vous,vous,3411,Prn,Prn$$,2pp,8s,---
712,110,4,vi,vi,3411,Vfin,Vfin,voir,8s,---
713,110,5,premierement,premierement,3411,Adv,Adv,,8s,---
714,110,6,",",",",3411,Pnc,Pnc,,8s,---
715,111,1,mes,mes,3412,Det,Det,mon1,8s,---
716,111,2,cuers,cuers,3412,N,N,,8s,---
717,111,3,aloit,aloit,3412,Vfin,Vfin,aller,8s,---
718,111,4,si,si,3412,Adv,Adv,si4,8s,---
719,111,5,tressaillant,tressaillant,3412,Vprs,Vprs,tressaillir,8s,---
720,112,1,qu',qu',3413,Sub,Sub,que,8s,---
721,112,2,il,il,3413,Prn,Prn$,3p,8s,---
722,112,3,vous,vous,3413,Prn,Prn$$,2pp,8s,---
723,112,4,remest,remest,3413,Vfin,Vfin,remanoir,8s,---
724,112,5,",",",",3413,Pnc,Pnc,,8s,---
725,112,6,quant,quant,3413,Sub,Sub,quand,8s,---
726,112,7,je,je,3413,Prn,Prn$,1ps,8s,---
727,112,8,m',m',3413,Prn,Prn$$,1ps,8s,---
728,112,9,en,en,3413,Prn,Prn$$,en2,8s,---
729,112,10,mui,mui,3413,Vfin,Vfin,mouvoir,8s,---
730,112,11,.,.,3413,Pnc,Pnc,,8s,---
731,113,1,lors,lors,3414,Adv,Adv,lors,8s,---
732,113,2,fu,fu,3414,Vfin,Vfin,être1|ester,8s,---
733,113,3,menez,menez,3414,Vpp,Vpp,mener,8s,---
734,113,4,sanz,sanz,3414,Pre,Pre,sans,8s,---
735,113,5,raençon,raençon,3414,N,N,,8s,---
736,114,1,en,en,3415,Pre,Pre,en1,8s,---
737,114,2,la,la,3415,Det,Det,le,8s,---
738,114,3,douce,douce,3415,Adj,Adj,doux,8s,---
739,114,4,chartre,chartre,3415,N,N,,8s,---
740,114,5,en,en,3415,Pre,Pre,en1,8s,---
741,114,6,prison,prison,3415,N,N,,8s,---
742,115,1,dont,dont,3416,Qux,Qux,dont,8s,---
743,115,2,li,li,3416,Det,Det,le,8s,---
744,115,3,piler,piler,3416,N,N,,8s,---
745,115,4,sont,sont,3416,Vfin,Vfin,être1|ester,8s,---
746,115,5,de,de,3416,Pre,Pre,de,8s,---
747,115,6,talent,talent,3416,N,N,,8s,---
748,116,1,et,et,3417,Crd,Crd,et,8s,---
749,116,2,li,li,3417,Det,Det,le,8s,---
750,116,3,huis,huis,3417,N,N,,8s,---
751,116,4,sont,sont,3417,Vfin,Vfin,être1|ester,8s,---
752,116,5,de,de,3417,Pre,Pre,de,8s,---
753,116,6,biau,biau,3417,Adj,Adj,beau,8s,---
754,116,7,veoir,veoir,3417,Vinf,Vinf,voir,8s,---
755,117,1,et,et,3418,Crd,Crd,et,8s,---
756,117,2,li,li,3418,Det,Det,le,8s,---
757,117,3,anel,anel,3418,N,N,,8s,---
758,117,4,de,de,3418,Pre,Pre,de,8s,---
759,117,5,bon,bon,3418,Adj,Adj,bon,8s,---
760,117,6,espoir,espoir,3418,N,N,,8s,---
761,117,7,.,.,3418,Pnc,Pnc,,8s,---
762,118,1,de,de,3419,Pre,Pre,de,8s,---
763,118,2,la,la,3419,Det,Det,le,8s,---
764,118,3,chartre,chartre,3419,N,N,,8s,---
765,118,4,a,a,3419,Vfin,Vfin,avoir,8s,---
766,118,5,la,la,3419,Det,Det,le,8s,---
767,118,6,clef,clef,3419,N,N,,8s,---
768,118,7,amors,amors,3419,N,N,,8s,---
769,119,1,et,et,3420,Crd,Crd,et,8s,---
770,119,2,si,si,3420,Adv,Adv,si4,8s,---
771,119,3,i,i,3420,Prn,Prn$$,y,8s,---
772,119,4,a,a,3420,Vfin,Vfin,avoir1,8s,---
773,119,5,mis,mis,3420,Vpp,Vpp,mettre,8s,---
774,119,6,trois,trois,3420,QIs,QIs,3,8s,---
775,119,7,portiers,portiers,3420,N,N,,8s,---
776,119,8,:,:,3420,Pnc,Pnc,,8s,---
777,120,1,biau,biau,3421,Adj,Adj,beau,8s,---
778,120,2,senblant,senblant,3421,N,N,,8s,---
779,120,3,a,a,3421,Vfin,Vfin,avoir1,8s,---
780,120,4,non,non,3421,N,N,,8s,---
781,120,5,li,li,3421,Det,Det,le,8s,---
782,120,6,premiers,premiers,3421,Adj,Adj,premier1,8s,---
783,120,7,",",",",3421,Pnc,Pnc,,8s,---
784,121,1,et,et,3422,Crd,Crd,et,8s,---
785,121,2,biautez,biautez,3422,N,N,,8s,---
786,121,3,cele,cele,3422,Dem,Dem,cil,8s,---
787,121,4,en,en,3422,Prn,Prn$$,en2,8s,---
788,121,5,fet,fet,3422,Vfin,Vfin,faire,8s,---
789,121,6,seignors,seignors,3422,N,N,,8s,---
790,121,7,;,;,3422,Pnc,Pnc,,8s,---
791,122,1,dangier,dangier,3423,N,N,,8s,---
792,122,2,a,a,3423,Vfin,Vfin,avoir1,8s,---
793,122,3,mis,mis,3423,Vpp,Vpp,mettre,8s,---
794,122,4,a,a,3423,Pre,Pre,à,8s,---
795,122,5,l',l',3423,Det,Det,le,8s,---
796,122,6,uis,uis,3423,N,N,,8s,---
797,122,7,devant,devant,3423,PrA,PrA,devant,8s,---
798,122,8,",",",",3423,Pnc,Pnc,,8s,---
799,123,1,un,un,3424,QIs,QIs,un,8s,---
800,123,2,ort,ort,3424,Adj,Adj,,8s,---
801,123,3,",",",",3424,Pnc,Pnc,,8s,---
802,123,4,felon,felon,3424,Adj,Adj,félon,8s,---
803,123,5,",",",",3424,Pnc,Pnc,,8s,---
804,123,6,vilain,vilain,3424,Adj,Adj,vilain,8s,---
805,123,7,",",",",3424,Pnc,Pnc,,8s,---
806,123,8,puant,puant,3424,Vprs,Vprs,puir,8s,---
807,123,9,",",",",3424,Pnc,Pnc,,8s,---
808,124,1,qui,qui,3425,Qux,Qux,qui,8s,---
809,124,2,mult,mult,3425,QIs,QIs,moult,8s,---
810,124,3,est,est,3425,Vfin,Vfin,être1|ester,8s,---
811,124,4,maus,maus,3425,Adj,Adj,mal2,8s,---
812,124,5,et,et,3425,Crd,Crd,et,8s,---
813,124,6,pautoniers,pautoniers,3425,N,N,,8s,---
814,124,7,.,.,3425,Pnc,Pnc,,8s,---
815,125,1,cil,cil,3426,Dem,Dem,cil,8s,---
816,125,2,troi,troi,3426,QIs,QIs,3,8s,---
817,125,3,sont,sont,3426,Vfin,Vfin,être1|ester,8s,---
818,125,4,et,et,3426,Crd,Crd,et,8s,---
819,125,5,viste,viste,3426,Adj,Adj,,8s,---
820,125,6,et,et,3426,Crd,Crd,et,8s,---
821,125,7,hardi,hardi,3426,Vpp,Vpp,hardir,8s,---
822,125,8,:,:,3426,Pnc,Pnc,,8s,---
823,126,1,mult,mult,3427,QIs,QIs,moult,8s,---
824,126,2,ont,ont,3427,Vfin,Vfin,avoir1,8s,---
825,126,3,tost,tost,3427,Adv,Adv,tôt,8s,---
826,126,4,un,un,3427,QIs,QIs,un,8s,---
827,126,5,honme,honme,3427,N,N,,8s,---
828,126,6,saisi,saisi,3427,Vpp,Vpp,saisir,8s,---
829,126,7,.,.,3427,Pnc,Pnc,,8s,---
830,127,1,qui,qui,3428,Qux,Qux,qui,8s,---
831,127,2,porroit,porroit,3428,Vfin,Vfin,pouvoir,8s,---
832,127,3,sousfrir,sousfrir,3428,Vinf,Vinf,souffrir,8s,---
833,127,4,les,les,3428,Det,Det,le,8s,---
834,127,5,tristors,tristors,3428,N,N,,8s,---
835,128,1,et,et,3429,Crd,Crd,et,8s,---
836,128,2,les,les,3429,Det,Det,le,8s,---
837,128,3,assauz,assauz,3429,N,N,,8s,---
838,128,4,de,de,3429,Pre,Pre,de,8s,---
839,128,5,ces,ces,3429,Dem,Dem,cist,8s,---
840,128,6,huissiers,huissiers,3429,N,N,,8s,---
841,128,7,?,?,3429,Pnc,Pnc,,8s,---
842,129,1,onques,onques,3430,Adv,Adv,onques,8s,---
843,129,2,rollanz,rollanz,3430,N,N,,8s,---
844,129,3,ne,ne,3430,Crd,Crd,ne2,8s,---
845,129,4,oliviers,oliviers,3430,N,N,,8s,---
846,130,1,ne,ne,3431,Neg,Neg,ne1,8s,---
847,130,2,vainquirent,vainquirent,3431,Vfin,Vfin,vaincre,8s,---
848,130,3,si,si,3431,Adv,Adv,si4,8s,---
849,130,4,granz,granz,3431,Adj,Adj,grand,8s,---
850,130,5,estors,estors,3431,N,N,,8s,---
851,130,6,;,;,3431,Pnc,Pnc,,8s,---
852,131,1,il,il,3432,Prn,Prn$,3p,8s,---
853,131,2,vainquirent,vainquirent,3432,Vfin,Vfin,vaincre,8s,---
854,131,3,en,en,3432,Pre,Pre,en1,8s,---
855,131,4,conbatant,conbatant,3432,Vprs,Vprs,combattre,8s,---
856,131,5,",",",",3432,Pnc,Pnc,,8s,---
857,132,1,mes,mes,3433,Crd,Crd,mais1,8s,---
858,132,2,ceus,ceus,3433,Dem,Dem,cil,8s,---
859,132,3,vaint,vaint,3433,Vfin,Vfin,vaincre,8s,---
860,132,4,on,on,3433,Prn,Prn%,on,8s,---
861,132,5,humiliant,humiliant,3433,Vprs,Vprs,humilier,8s,---
862,132,6,.,.,3433,Pnc,Pnc,,8s,---
863,133,1,sousfrirs,sousfrirs,3434,Vinf,Vinf,souffrir,8s,---
864,133,2,en,en,3434,Prn,Prn$$,en2,8s,---
865,133,3,est,est,3434,Vfin,Vfin,être1|ester,8s,---
866,133,4,gonfanoniers,gonfanoniers,3434,N,N,,8s,---
867,133,5,;,;,3434,Pnc,Pnc,,8s,---
868,134,1,en,en,3435,Pre,Pre,en1,8s,---
869,134,2,cest,cest,3435,Dem,Dem,cist,8s,---
870,134,3,estor,estor,3435,N,N,,8s,---
871,134,4,dont,dont,3435,Qux,Qux,dont,8s,---
872,134,5,je,je,3435,Prn,Prn$,1ps,8s,---
873,134,6,vous,vous,3435,Prn,Prn$$,2pp,8s,---
874,134,7,di,di,3435,Vfin,Vfin,dire,8s,---
875,135,1,n',n',3436,Neg,Neg,ne1,8s,---
876,135,2,a,a,3436,Vfin,Vfin,avoir1,8s,---
877,135,3,nul,nul,3436,QIs,QIs,nul,8s,---
878,135,4,secors,secors,3436,N,N,,8s,---
879,135,5,fors,fors,3436,PrA,PrA,hors,8s,---
880,135,6,de,de,3436,Pre,Pre,de,8s,---
881,135,7,merci,merci,3436,N,N,,8s,---
882,135,8,.,.,3436,Pnc,Pnc,,8s,---
883,136,1,dame,dame,3437,N,N,,8s,---
884,136,2,",",",",3437,Pnc,Pnc,,8s,---
885,136,3,je,je,3437,Prn,Prn$,1ps,8s,---
886,136,4,ne,ne,3437,Neg,Neg,ne1,8s,---
887,136,5,dout,dout,3437,Vfin,Vfin,douter,8s,---
888,136,6,més,més,3437,Adv,Adv,mais,8s,---
889,136,7,riens,riens,3437,N,N,rien,8s,---
890,136,8,plus,plus,3437,Adv,Adv,plus,8s,---
891,137,1,que,que,3438,Sub,Sub,que,8s,---
892,137,2,tant,tant,3438,QIs,QIs,tant,8s,---
893,137,3,que,que,3438,Sub,Sub,que,8s,---
894,137,4,faille,faille,3438,Vfin,Vfin,faillir,8s,---
895,137,5,a,a,3438,Pre,Pre,à,8s,---
896,137,6,vous,vous,3438,Prn,Prn,2pp,8s,---
897,137,7,amer,amer,3438,Vinf,Vinf,aimer,8s,---
898,137,8,.,.,3438,Pnc,Pnc,,8s,---
899,138,1,tant,tant,3439,QIs,QIs,tant,8s,---
900,138,2,ai,ai,3439,Vfin,Vfin,avoir1,8s,---
901,138,3,apris,apris,3439,Vpp,Vpp,apprendre,8s,---
902,138,4,a,a,3439,Pre,Pre,à,8s,---
903,138,5,endurer,endurer,3439,Vinf,Vinf,endurer,8s,---
904,139,1,que,que,3440,Sub,Sub,que,8s,---
905,139,2,je,je,3440,Prn,Prn$,1ps,8s,---
906,139,3,sui,sui,3440,Vfin,Vfin,être1|ester,8s,---
907,139,4,vostres,vostres,3440,Adj,Adj,votre,8s,---
908,139,5,tout,tout,3440,QIs,QIs,tout,8s,---
909,139,6,par,par,3440,Pre,Pre,par1,8s,---
910,139,7,us,us,3440,N,N,,8s,---
911,139,8,;,;,3440,Pnc,Pnc,,8s,---
912,140,1,et,et,3441,Crd,Crd,et,8s,---
913,140,2,se,se,3441,Sub,Sub,si3,8s,---
914,140,3,il,il,3441,Prn,Prn$,3p,8s,---
915,140,4,vous,vous,3441,Prn,Prn$$,2pp,8s,---
916,140,5,en,en,3441,Prn,Prn$$,en2,8s,---
917,140,6,pesoit,pesoit,3441,Vfin,Vfin,peser,8s,---
918,140,7,bien,bien,3441,Adv,Adv,bien,8s,---
919,140,8,",",",",3441,Pnc,Pnc,,8s,---
920,141,1,ne,ne,3442,Neg,Neg,ne1,8s,---
921,141,2,m',m',3442,Prn,Prn$$,1ps,8s,---
922,141,3,en,en,3442,Prn,Prn$$,en2,8s,---
923,141,4,puis,puis,3442,Vfin,Vfin,pouvoir,8s,---
924,141,5,je,je,3442,Prn,Prn%,1ps,8s,---
925,141,6,partir,partir,3442,Vinf,Vinf,partir,8s,---
926,141,7,pour,pour,3442,Pre,Pre,pour,8s,---
927,141,8,rien,rien,3442,N,N,rien,8s,---
928,142,1,que,que,3443,Sub,Sub,que,8s,---
929,142,2,je,je,3443,Prn,Prn$,1ps,8s,---
930,142,3,n',n',3443,Neg,Neg,ne1,8s,---
931,142,4,aie,aie,3443,Vfin,Vfin,avoir1,8s,---
932,142,5,le,le,3443,Det,Det,le,8s,---
933,142,6,remenbrer,remenbrer,3443,Vinf,Vinf,remembrer,8s,---
934,143,1,et,et,3444,Crd,Crd,et,8s,---
935,143,2,que,que,3444,Sub,Sub,que,8s,---
936,143,3,mes,mes,3444,Det,Det,mon1,8s,---
937,143,4,cuers,cuers,3444,N,N,,8s,---
938,143,5,ne,ne,3444,Neg,Neg,ne1,8s,---
939,143,6,soit,soit,3444,Vfin,Vfin,être1|ester,8s,---
940,143,7,adés,adés,3444,Adv,Adv,adès,8s,---
941,144,1,en,en,3445,Pre,Pre,en1,8s,---
942,144,2,la,la,3445,Det,Det,le,8s,---
943,144,3,prison,prison,3445,N,N,,8s,---
944,144,4,et,et,3445,Crd,Crd,et,8s,---
945,144,5,de,de,3445,Pre,Pre,de,8s,---
946,144,6,moi,moi,3445,Prn,Prn,1ps,8s,---
947,144,7,pres,pres,3445,PrA,PrA,près,8s,---
948,144,8,.,.,3445,Pnc,Pnc,,8s,---
949,145,1,dame,dame,3446,N,N,,8s,---
950,145,2,",",",",3446,Pnc,Pnc,,8s,---
951,145,3,quant,quant,3446,Sub,Sub,quand,8s,---
952,145,4,je,je,3446,Prn,Prn$,1ps,8s,---
953,145,5,ne,ne,3446,Neg,Neg,ne1,8s,---
954,145,6,sai,sai,3446,Vfin,Vfin,savoir,8s,---
955,145,7,guiler,guiler,3446,Vinf,Vinf,guiler,8s,---
956,145,8,",",",",3446,Pnc,Pnc,,8s,---
957,146,1,merciz,merciz,3447,N,N,,8s,---
958,146,2,seroit,seroit,3447,Vfin,Vfin,être1|ester,8s,---
959,146,3,de,de,3447,Pre,Pre,de,8s,---
960,146,4,seson,seson,3447,N,N,,8s,---
961,146,5,més,més,3447,N,N,,8s,---
962,147,1,de,de,3448,Pre,Pre,de,8s,---
963,147,2,soustenir,soustenir,3448,Vinf,Vinf,soutenir,8s,---
964,147,3,si,si,3448,Adv,Adv,si4,8s,---
965,147,4,greveus,greveus,3448,Adj,Adj,,8s,---
966,147,5,fes,fes,3448,N,N,,8s,---
967,147,6,.,.,3448,Pnc,Pnc,,8s,---
968,148,1,baudoyn,baudoyn,3701,N,N,,8s,---
969,148,2,",",",",3701,Pnc,Pnc,,8s,---
970,148,3,il,il,3701,Prn,Prn$,3p,8s,---
971,148,4,sunt,sunt,3701,Vfin,Vfin,être1|ester,8s,---
972,148,5,dui,dui,3701,QIs,QIs,2,8s,---
973,148,6,amant,amant,3701,Vprs,Vprs,aimer,8s,---
974,149,1,qui,qui,3702,Qux,Qux,qui,8s,---
975,149,2,ainment,ainment,3702,Vfin,Vfin,aimer,8s,---
976,149,3,de,de,3702,Pre,Pre,de,8s,---
977,149,4,cuer,cuer,3702,N,N,,8s,---
978,149,5,sanz,sanz,3702,Pre,Pre,sans,8s,---
979,149,6,trichier,trichier,3702,Vinf,Vinf,tricher,8s,---
980,150,1,une,une,3703,QIs,QIs,un,8s,---
981,150,2,pucele,pucele,3703,N,N,,8s,---
982,150,3,de,de,3703,Pre,Pre,de,8s,---
983,150,4,jovent,jovent,3703,N,N,,8s,---
984,150,5,.,.,3703,Pnc,Pnc,,8s,---
985,151,1,li,li,3704,Det,Det,le,8s,---
986,151,2,quelx,quelx,3704,Qux,Qux,quel,8s,---
987,151,3,la,la,3704,Prn,Prn$$,3p,8s,---
988,151,4,doit,doit,3704,Vfin,Vfin,devoir2,8s,---
989,151,5,mieuz,mieuz,3704,Adv,Adv,mieux,8s,---
990,151,6,desraignier,desraignier,3704,Vinf,Vinf,déraisner,8s,---
991,151,7,?,?,3704,Pnc,Pnc,,8s,---
992,152,1,li,li,3705,Det,Det,le,8s,---
993,152,2,uns,uns,3705,QIs,QIs,un,8s,---
994,152,3,l',l',3705,Prn,Prn$$,3p,8s,---
995,152,4,ainme,ainme,3705,Vfin,Vfin,aimer,8s,---
996,152,5,por,por,3705,Pre,Pre,pour,8s,---
997,152,6,ses,ses,3705,Det,Det,son4,8s,---
998,152,7,valors,valors,3705,N,N,,8s,---
999,153,1,et,et,3706,Crd,Crd,et,8s,---
1000,153,2,por,por,3706,Pre,Pre,pour,8s,---
1001,153,3,sa,sa,3706,Det,Det,son4,8s,---
1002,153,4,cortoisie,cortoisie,3706,N,N,,8s,---
1003,153,5,ausi,ausi,3706,Adv,Adv,aussi,8s,---
1004,153,6,;,;,3706,Pnc,Pnc,,8s,---
1005,154,1,li,li,3707,Det,Det,le,8s,---
1006,154,2,autres,autres,3707,Adj,Adj,autre,8s,---
1007,154,3,l',l',3707,Prn,Prn$$,3p,8s,---
1008,154,4,ainme,ainme,3707,Vfin,Vfin,aimer,8s,---
1009,154,5,par,par,3707,Pre,Pre,par1,8s,---
1010,154,6,amours,amours,3707,N,N,,8s,---
1011,155,1,por,por,3708,Pre,Pre,pour,8s,---
1012,155,2,la,la,3708,Det,Det,le,8s,---
1013,155,3,grant,grant,3708,Adj,Adj,grand,8s,---
1014,155,4,beauté,beauté,3708,N,N,,8s,---
1015,155,5,qu',qu',3708,Qux,Qux,que,8s,---
1016,155,6,est,est,3708,Vfin,Vfin,être1|ester,8s,---
1017,155,7,en,en,3708,Pre,Pre,en1,8s,---
1018,155,8,li,li,3708,Prn,Prn,3p,8s,---
1019,155,9,.,.,3708,Pnc,Pnc,,8s,---
1020,156,1,—,—,3709,Pnc,Pnc,,8s,---
1021,156,2,sire,sire,3709,N,N,,8s,---
1022,156,3,",",",",3709,Pnc,Pnc,,8s,---
1023,156,4,saichiez,saichiez,3709,Vfin,Vfin,savoir,8s,---
1024,156,5,certeinnement,certeinnement,3709,Adv,Adv,,8s,---
1025,157,1,que,que,3710,Sub,Sub,que,8s,---
1026,157,2,celui,celui,3710,Dem,Dem,cil,8s,---
1027,157,3,doit,doit,3710,Vfin,Vfin,devoir2,8s,---
1028,157,4,tenir,tenir,3710,Vinf,Vinf,tenir,8s,---
1029,157,5,plus,plus,3710,Adv,Adv,plus,8s,---
1030,157,6,chier,chier,3710,Adj,Adj,cher,8s,---
1031,158,1,qui,qui,3711,Qux,Qux,qui,8s,---
1032,158,2,por,por,3711,Pre,Pre,pour,8s,---
1033,158,3,son,son,3711,Det,Det,son4,8s,---
1034,158,4,bon,bon,3711,Adj,Adj,bon,8s,---
1035,158,5,ensoignement,ensoignement,3711,N,N,,8s,---
1036,159,1,l',l',3712,Prn,Prn$$,3p,8s,---
1037,159,2,ainme,ainme,3712,Vfin,Vfin,aimer,8s,---
1038,159,3,de,de,3712,Pre,Pre,de,8s,---
1039,159,4,leal,leal,3712,Adj,Adj,,8s,---
1040,159,5,cuer,cuer,3712,N,N,,8s,---
1041,159,6,entier,entier,3712,Adj,Adj,,8s,---
1042,159,7,;,;,3712,Pnc,Pnc,,8s,---
1043,160,1,car,car,3713,Crd,Crd,car,8s,---
1044,160,2,cortoisie,cortoisie,3713,N,N,,8s,---
1045,160,3,et,et,3713,Crd,Crd,et,8s,---
1046,160,4,granz,granz,3713,Adj,Adj,grand,8s,---
1047,160,5,honors,honors,3713,N,N,,8s,---
1048,161,1,plaisent,plaisent,3714,Vfin,Vfin,plaire,8s,---
1049,161,2,plus,plus,3714,Adv,Adv,plus,8s,---
1050,161,3,a,a,3714,Pre,Pre,à,8s,---
1051,161,4,leal,leal,3714,Adj,Adj,,8s,---
1052,161,5,ami,ami,3714,N,N,,8s,---
1053,162,1,que,que,3715,Sub,Sub,que,8s,---
1054,162,2,beautez,beautez,3715,N,N,,8s,---
1055,162,3,ne,ne,3715,Crd,Crd,ne2,8s,---
1056,162,4,fresche,fresche,3715,Adj,Adj,,8s,---
1057,162,5,colors,colors,3715,N,N,,8s,---
1058,163,1,ou,ou,3716,Qux,Qux,où,8s,---
1059,163,2,il,il,3716,Prn,Prn$,3p,8s,---
1060,163,3,n',n',3716,Neg,Neg,ne1,8s,---
1061,163,4,a,a,3716,Vfin,Vfin,avoir1,8s,---
1062,163,5,pitié,pitié,3716,N,N,,8s,---
1063,163,6,ne,ne,3716,Crd,Crd,ne2,8s,---
1064,163,7,merci,merci,3716,N,N,,8s,---
1065,163,8,.,.,3716,Pnc,Pnc,,8s,---
1066,164,1,—,—,3717,Pnc,Pnc,,8s,---
1067,164,2,baudoin,baudoin,3717,N,N,,8s,---
1068,164,3,",",",",3717,Pnc,Pnc,,8s,---
1069,164,4,la,la,3717,Det,Det,le,8s,---
1070,164,5,tres,tres,3717,Adv,Adv,très,8s,---
1071,164,6,grant,grant,3717,Adj,Adj,grand,8s,---
1072,164,7,beauté,beauté,3717,N,N,,8s,---
1073,165,1,a,a,3718,Pre,Pre,à,8s,---
1074,165,2,valor,valor,3718,N,N,,8s,---
1075,165,3,et,et,3718,Crd,Crd,et,8s,---
1076,165,4,mainte,mainte,3718,QIs,QIs,maint,8s,---
1077,165,5,vertu,vertu,3718,N,N,,8s,---
1078,165,6,.,.,3718,Pnc,Pnc,,8s,---
1079,166,1,s',s',3719,Sub,Sub,si3,8s,---
1080,166,2,ele,ele,3719,Prn,Prn$,3p,8s,---
1081,166,3,disoit,disoit,3719,Vfin,Vfin,dire,8s,---
1082,166,4,grant,grant,3719,Adj,Adj,grand,8s,---
1083,166,5,niceté,niceté,3719,N,N,,8s,---
1084,166,6,",",",",3719,Pnc,Pnc,,8s,---
1085,167,1,onques,onques,3720,Adv,Adv,onques,8s,---
1086,167,2,si,si,3720,Adv,Adv,si4,8s,---
1087,167,3,cortois,cortois,3720,Adj,Adj,,8s,---
1088,167,4,moz,moz,3720,N,N,,8s,---
1089,167,5,ne,ne,3720,Neg,Neg,ne1,8s,---
1090,167,6,fu,fu,3720,Vfin,Vfin,être1|ester,8s,---
1091,167,7,.,.,3720,Pnc,Pnc,,8s,---
1092,168,1,granz,granz,3721,Adj,Adj,grand,8s,---
1093,168,2,beautez,beautez,3721,N,N,,8s,---
1094,168,3,fait,fait,3721,Vfin,Vfin,faire,8s,---
1095,168,4,cuer,cuer,3721,N,N,,8s,---
1096,168,5,forsenner,forsenner,3721,Vinf,Vinf,forcener,8s,---
1097,169,1,plus,plus,3722,Adv,Adv,plus,8s,---
1098,169,2,que,que,3722,Sub,Sub,que,8s,---
1099,169,3,nule,nule,3722,QIs,QIs,nul,8s,---
1100,169,4,autre,autre,3722,Adj,Adj,autre,8s,---
1101,169,5,rien,rien,3722,N,N,rien,8s,---
1102,169,6,vivant,vivant,3722,Vprs,Vprs,vivre,8s,---
1103,169,7,",",",",3722,Pnc,Pnc,,8s,---
1104,170,1,ne,ne,3723,Crd,Crd,ne2,8s,---
1105,170,2,nuns,nuns,3723,QIs,QIs,nul,8s,---
1106,170,3,ne,ne,3723,Neg,Neg,ne1,8s,---
1107,170,4,puet,puet,3723,Vfin,Vfin,pouvoir,8s,---
1108,170,5,son,son,3723,Det,Det,son4,8s,---
1109,170,6,cuer,cuer,3723,N,N,,8s,---
1110,170,7,doner,doner,3723,Vinf,Vinf,donner,8s,---
1111,170,8,",",",",3723,Pnc,Pnc,,8s,---
1112,171,1,se,se,3724,Sub,Sub,si3,8s,---
1113,171,2,la,la,3724,Det,Det,le,8s,---
1114,171,3,beautez,beautez,3724,N,N,,8s,---
1115,171,4,n',n',3724,Neg,Neg,ne1,8s,---
1116,171,5,i,i,3724,Prn,Prn$$,y,8s,---
1117,171,6,est,est,3724,Vfin,Vfin,être1|ester,8s,---
1118,171,7,avant,avant,3724,PrA,PrA,avant,8s,---
1119,171,8,.,.,3724,Pnc,Pnc,,8s,---
1120,172,1,—,—,3725,Pnc,Pnc,,8s,---
1121,172,2,sire,sire,3725,N,N,,8s,---
1122,172,3,",",",",3725,Pnc,Pnc,,8s,---
1123,172,4,saichiez,saichiez,3725,Vfin,Vfin,savoir,8s,---
1124,172,5,de,de,3725,Pre,Pre,de,8s,---
1125,172,6,verité,verité,3725,N,N,,8s,---
1126,172,7,:,:,3725,Pnc,Pnc,,8s,---
1127,173,1,beautez,beautez,3726,N,N,,8s,---
1128,173,2,a,a,3726,Vfin,Vfin,avoir1,8s,---
1129,173,3,tout,tout,3726,QIs,QIs,tout,8s,---
1130,173,4,son,son,3726,Det,Det,son4,8s,---
1131,173,5,non,non,3726,N,N,,8s,---
1132,173,6,perdu,perdu,3726,Vpp,Vpp,perdre,8s,---
1133,173,7,",",",",3726,Pnc,Pnc,,8s,---
1134,174,1,puis,puis,3727,PrA,PrA,puis,8s,---
1135,174,2,que,que,3727,Sub,Sub,que,8s,---
1136,174,3,valors,valors,3727,N,N,,8s,---
1137,174,4,a,a,3727,Vfin,Vfin,avoir1,8s,---
1138,174,5,alevé,alevé,3727,Vpp,Vpp,alever,8s,---
1139,175,1,a,a,3728,Pre,Pre,à,8s,---
1140,175,2,dame,dame,3728,N,N,,8s,---
1141,175,3,son,son,3728,Det,Det,son4,8s,---
1142,175,4,non,non,3728,N,N,,8s,---
1143,175,5,et,et,3728,Crd,Crd,et,8s,---
1144,175,6,creu,creu,3728,Vpp,Vpp,,8s,---
1145,175,7,;,;,3728,Pnc,Pnc,,8s,---
1146,176,1,car,car,3729,Crd,Crd,car,8s,---
1147,176,2,cortoisie,cortoisie,3729,N,N,,8s,---
1148,176,3,fait,fait,3729,Vfin,Vfin,faire,8s,---
1149,176,4,loer,loer,3729,Vinf,Vinf,louer,8s,---
1150,177,1,dames,dames,3730,N,N,,8s,---
1151,177,2,et,et,3730,Crd,Crd,et,8s,---
1152,177,3,bel,bel,3730,Adj,Adj,beau,8s,---
1153,177,4,acointement,acointement,3730,N,N,,8s,---
1154,178,1,et,et,3731,Crd,Crd,et,8s,---
1155,178,2,toz,toz,3731,QIs,QIs,tout,8s,---
1156,178,3,jors,jors,3731,N,N,,8s,---
1157,178,4,en,en,3731,Pre,Pre,en1,8s,---
1158,178,5,bon,bon,3731,Adj,Adj,bon,8s,---
1159,178,6,pris,pris,3731,N,N,,8s,---
1160,178,7,monter,monter,3731,Vinf,Vinf,monter,8s,---
1161,178,8,",",",",3731,Pnc,Pnc,,8s,---
1162,179,1,ce,ce,3732,Prn,Prn,ce1,8s,---
1163,179,2,dont,dont,3732,Qux,Qux,dont,8s,---
1164,179,3,beautez,beautez,3732,N,N,,8s,---
1165,179,4,ne,ne,3732,Neg,Neg,ne1,8s,---
1166,179,5,fait,fait,3732,Vfin,Vfin,faire,8s,---
1167,179,6,noiant,noiant,3732,Prn,Prn,néant,8s,---
1168,179,7,.,.,3732,Pnc,Pnc,,8s,---
1169,180,1,—,—,3733,Pnc,Pnc,,8s,---
1170,180,2,baudoyn,baudoyn,3733,N,N,,8s,---
1171,180,3,",",",",3733,Pnc,Pnc,,8s,---
1172,180,4,assez,assez,3733,Adv,Adv,assez,8s,---
1173,180,5,trueve,trueve,3733,Vfin,Vfin,trouver,8s,---
1174,180,6,l',l',3733,Det,Det,le,8s,---
1175,180,7,en,en,3733,Prn,Prn%,on,8s,---
1176,181,1,vielles,vielles,3734,Adj,Adj,vieux,8s,---
1177,181,2,plus,plus,3734,Adv,Adv,plus,8s,---
1178,181,3,laides,laides,3734,Adj,Adj,lait,8s,---
1179,181,4,que,que,3734,Sub,Sub,que,8s,---
1180,181,5,nuns,nuns,3734,QIs,QIs,nul,8s,---
1181,181,6,chiens,chiens,3734,N,N,,8s,---
1182,182,1,qui,qui,3735,Qux,Qux,qui,8s,---
1183,182,2,ont,ont,3735,Vfin,Vfin,avoir1,8s,---
1184,182,3,cortoisie,cortoisie,3735,N,N,,8s,---
1185,182,4,et,et,3735,Crd,Crd,et,8s,---
1186,182,5,grant,grant,3735,Adj,Adj,grand,8s,---
1187,182,6,sen,sen,3735,N,N,,8s,---
1188,182,7,",",",",3735,Pnc,Pnc,,8s,---
1189,183,1,mais,mais,3736,Crd,Crd,mais1,8s,---
1190,183,2,au,au,3736,Pre+Det,Pre+Det,à+le,8s,---
1191,183,3,touchier,touchier,3736,Vinf,Vinf,toucher,8s,---
1192,183,4,ne,ne,3736,Neg,Neg,ne1,8s,---
1193,183,5,valent,valent,3736,Vfin,Vfin,valoir,8s,---
1194,183,6,riens,riens,3736,N,N,rien,8s,---
1195,183,7,.,.,3736,Pnc,Pnc,,8s,---
1196,184,1,si,si,3737,Adv,Adv,si4,8s,---
1197,184,2,la,la,3737,Prn,Prn$$,3p,8s,---
1198,184,3,fait,fait,3737,Vfin,Vfin,faire,8s,---
1199,184,4,or,or,3737,Adv,Adv,or2,8s,---
1200,184,5,si,si,3737,Adv,Adv,si4,8s,---
1201,184,6,bon,bon,3737,Adj,Adj,bon,8s,---
1202,184,7,amer,amer,3737,Vinf,Vinf,aimer,8s,---
1203,185,1,por,por,3738,Pre,Pre,pour,8s,---
1204,185,2,ce,ce,3738,Prn,Prn,ce1,8s,---
1205,185,3,que,que,3738,Sub,Sub,que,8s,---
1206,185,4,bel,bel,3738,Adj,Adj,beau,8s,---
1207,185,5,vos,vos,3738,Prn,Prn$$,2pp,8s,---
1208,185,6,parlera,parlera,3738,Vfin,Vfin,parler,8s,---
1209,185,7,?,?,3738,Pnc,Pnc,,8s,---
1210,186,1,la,la,3739,Det,Det,le,8s,---
1211,186,2,bele,bele,3739,Adj,Adj,beau,8s,---
1212,186,3,ne,ne,3739,Neg,Neg,ne1,8s,---
1213,186,4,puet,puet,3739,Vfin,Vfin,pouvoir,8s,---
1214,186,5,mesparler,mesparler,3739,Vinf,Vinf,méparler,8s,---
1215,186,6,",",",",3739,Pnc,Pnc,,8s,---
1216,187,1,ainz,ainz,3740,Crd,Crd,ains,8s,---
1217,187,2,est,est,3740,Vfin,Vfin,être1|ester,8s,---
1218,187,3,bon,bon,3740,Adj,Adj,bon,8s,---
1219,187,4,quanque,quanque,3740,Qux,Qux,quanque,8s,---
1220,187,5,me,me,3740,Prn,Prn$$,1ps,8s,---
1221,187,6,dira,dira,3740,Vfin,Vfin,dire,8s,---
1222,187,7,.,.,3740,Pnc,Pnc,,8s,---
1223,188,1,—,—,3741,Pnc,Pnc,,8s,---
1224,188,2,sire,sire,3741,N,N,,8s,---
1225,188,3,",",",",3741,Pnc,Pnc,,8s,---
1226,188,4,je,je,3741,Prn,Prn$,1ps,8s,---
1227,188,5,ne,ne,3741,Neg,Neg,ne1,8s,---
1228,188,6,dirai,dirai,3741,Vfin,Vfin,dire,8s,---
1229,188,7,oian,oian,3741,Adv,Adv,oan,8s,---
1230,189,1,qu',qu',3742,Sub,Sub,que,8s,---
1231,189,2,a,a,3742,Pre,Pre,à,8s,---
1232,189,3,vielle,vielle,3742,N,N,,8s,---
1233,189,4,soie,soie,3742,Vfin,Vfin,être1|ester,8s,---
1234,189,5,",",",",3742,Pnc,Pnc,,8s,---
1235,189,6,ne,ne,3742,Crd,Crd,ne2,8s,---
1236,189,7,ja,ja,3742,Adv,Adv,jà,8s,---
1237,189,8,siens,siens,3742,Adj,Adj,son4,8s,---
1238,190,1,ne,ne,3743,Neg,Neg,ne1,8s,---
1239,190,2,serai,serai,3743,Vfin,Vfin,être1|ester,8s,---
1240,190,3,mais,mais,3743,Adv,Adv,mais,8s,---
1241,190,4,",",",",3743,Pnc,Pnc,,8s,---
1242,190,5,si,si,3743,Adv,Adv,si4,8s,---
1243,190,6,con,con,3743,Sub,Sub,comme,8s,---
1244,190,7,j',j',3743,Prn,Prn$,1ps,8s,---
1245,190,8,entent,entent,3743,Vfin,Vfin,entendre,8s,---
1246,190,9,.,.,3743,Pnc,Pnc,,8s,---
1247,191,1,blamer,blamer,3744,Vinf,Vinf,blâmer,8s,---
1248,191,2,me,me,3744,Prn,Prn$$,1ps,8s,---
1249,191,3,volez,volez,3744,Vfin,Vfin,,8s,---
1250,191,4,les,les,3744,Det,Det,le,8s,---
1251,191,5,granz,granz,3744,Adj,Adj,grand,8s,---
1252,191,6,biens,biens,3744,N,N,bien,8s,---
1253,192,1,que,que,3745,Qux,Qux,que,8s,---
1254,192,2,bele,bele,3745,Adj,Adj,beau,8s,---
1255,192,3,dame,dame,3745,N,N,,8s,---
1256,192,4,set,set,3745,Vfin,Vfin,savoir,8s,---
1257,192,5,mostrer,mostrer,3745,Vinf,Vinf,montrer,8s,---
1258,193,1,qui,qui,3746,Qux,Qux,qui,8s,---
1259,193,2,cortoisie,cortoisie,3746,N,N,,8s,---
1260,193,3,et,et,3746,Crd,Crd,et,8s,---
1261,193,4,bon,bon,3746,Adj,Adj,bon,8s,---
1262,193,5,pris,pris,3746,N,N,,8s,---
1263,193,6,a,a,3746,Vfin,Vfin,avoir1,8s,---
1264,193,7,.,.,3746,Pnc,Pnc,,8s,---
1265,194,1,mieuz,mieuz,3747,Adv,Adv,mieux,8s,---
1266,194,2,devriez,devriez,3747,Vfin,Vfin,devoir2,8s,---
1267,194,3,celui,celui,3747,Dem,Dem,cil,8s,---
1268,194,4,blamer,blamer,3747,Vinf,Vinf,blâmer,8s,---
1269,195,1,qui,qui,3748,Qux,Qux,qui,8s,---
1270,195,2,por,por,3748,Pre,Pre,pour,8s,---
1271,195,3,beauté,beauté,3748,N,N,,8s,---
1272,195,4,valour,valour,3748,N,N,,8s,---
1273,195,5,laira,laira,3748,Vfin,Vfin,laisser,8s,---
1274,195,6,.,.,3748,Pnc,Pnc,,8s,---
1275,196,1,—,—,3749,Pnc,Pnc,,8s,---
1276,196,2,baudoyn,baudoyn,3749,N,N,,8s,---
1277,196,3,",",",",3749,Pnc,Pnc,,8s,---
1278,196,4,soul,soul,3749,Adj,Adj,,8s,---
1279,196,5,d',d',3749,Pre,Pre,de,8s,---
1280,196,6,un,un,3749,QIs,QIs,un,8s,---
1281,196,7,resgarder,resgarder,3749,Vinf,Vinf,regarder,8s,---
1282,197,1,ou,ou,3750,Crd,Crd,ou1,8s,---
1283,197,2,d',d',3750,Pre,Pre,de,8s,---
1284,197,3,un,un,3750,QIs,QIs,un,8s,---
1285,197,4,ris,ris,3750,N,N,,8s,---
1286,197,5,",",",",3750,Pnc,Pnc,,8s,---
1287,197,6,quant,quant,3750,Sub,Sub,quand,8s,---
1288,197,7,le,le,3750,Prn,Prn$$,3p,8s,---
1289,197,8,me,me,3750,Prn,Prn$$,1ps,8s,---
1290,197,9,fera,fera,3750,Vfin,Vfin,faire,8s,---
1291,197,10,",",",",3750,Pnc,Pnc,,8s,---
1292,198,1,la,la,3751,Det,Det,le,8s,---
1293,198,2,bele,bele,3751,Adj,Adj,beau,8s,---
1294,198,3,que,que,3751,Qux,Qux,que,8s,---
1295,198,4,je,je,3751,Prn,Prn$,1ps,8s,---
1296,198,5,n',n',3751,Neg,Neg,ne1,8s,---
1297,198,6,os,os,3751,Vfin,Vfin,oser,8s,---
1298,198,7,nonmer,nonmer,3751,Vinf,Vinf,nommer,8s,---
1299,199,1,vaut,vaut,3752,Vfin,Vfin,valoir,8s,---
1300,199,2,quanque,quanque,3752,Qux,Qux,quanque,8s,---
1301,199,3,la,la,3752,Det,Det,le,8s,---
1302,199,4,laide,laide,3752,Adj,Adj,lait,8s,---
1303,199,5,donra,donra,3752,Vfin,Vfin,donner,8s,---
1304,199,6,.,.,3752,Pnc,Pnc,,8s,---
1305,200,1,—,—,3753,Pnc,Pnc,,8s,---
1306,200,2,sire,sire,3753,N,N,,8s,---
1307,200,3,",",",",3753,Pnc,Pnc,,8s,---
1308,200,4,li,li,3753,Det,Det,le,8s,---
1309,200,5,miens,miens,3753,Adj,Adj,mon1,8s,---
1310,200,6,cuers,cuers,3753,N,N,,8s,---
1311,200,7,remuer,remuer,3753,Vinf,Vinf,remuer,8s,---
1312,201,1,ne,ne,3754,Neg,Neg,ne1,8s,---
1313,201,2,se,se,3754,Prn,Prn$$,soi,8s,---
1314,201,3,veut,veut,3754,Vfin,Vfin,vouloir,8s,---
1315,201,4,de,de,3754,Pre,Pre,de,8s,---
1316,201,5,cele,cele,3754,Dem,Dem,cil,8s,---
1317,201,6,qui,qui,3754,Qux,Qux,qui,8s,---
1318,201,7,l',l',3754,Prn,Prn$$,3p,8s,---
1319,201,8,a,a,3754,Vfin,Vfin,avoir1,8s,---
1320,201,9,.,.,3754,Pnc,Pnc,,8s,---
1321,202,1,valors,valors,3755,N,N,,8s,---
1322,202,2,l',l',3755,Prn,Prn$$,3p,8s,---
1323,202,3,a,a,3755,Vfin,Vfin,avoir1,8s,---
1324,202,4,fait,fait,3755,Vpp,Vpp,faire,8s,---
1325,202,5,emprisoner,emprisoner,3755,Vinf,Vinf,emprisonner,8s,---
1326,202,6,",",",",3755,Pnc,Pnc,,8s,---
1327,203,1,qui,qui,3756,Qux,Qux,qui,8s,---
1328,203,2,cortoisie,cortoisie,3756,N,N,,8s,---
1329,203,3,li,li,3756,Prn,Prn$$,3p,8s,---
1330,203,4,dona,dona,3756,Vfin,Vfin,donner,8s,---
1331,203,5,.,.,3756,Pnc,Pnc,,8s,---
1332,204,1,fueille,fueille,401,N,N,,10s,---
1333,204,2,ne,ne,401,Crd,Crd,ne2,10s,---
1334,204,3,flor,flor,401,N,N,,10s,---
1335,204,4,ne,ne,401,Neg,Neg,ne1,10s,---
1336,204,5,vaut,vaut,401,Vfin,Vfin,valoir,10s,---
1337,204,6,riens,riens,401,N,N,rien,10s,---
1338,204,7,en,en,401,Pre,Pre,en1,10s,---
1339,204,8,chantant,chantant,401,Vprs,Vprs,chanter,10s,---
1340,205,1,que,que,402,Sub,Sub,que,10s,---
1341,205,2,por,por,402,Pre,Pre,pour,10s,---
1342,205,3,defaut,defaut,402,N,N,,10s,---
1343,205,4,",",",",402,Pnc,Pnc,,10s,---
1344,205,5,sanz,sanz,402,Pre,Pre,sans,10s,---
1345,205,6,plus,plus,402,Adv,Adv,plus,10s,---
1346,205,7,",",",",402,Pnc,Pnc,,10s,---
1347,205,8,de,de,402,Pre,Pre,de,10s,---
1348,205,9,rimoier,rimoier,402,Vinf,Vinf,rimoyer,10s,---
1349,206,1,et,et,403,Crd,Crd,et,10s,---
1350,206,2,pour,pour,403,Pre,Pre,pour,10s,---
1351,206,3,fere,fere,403,Vinf,Vinf,faire,10s,---
1352,206,4,solaz,solaz,403,N,N,,10s,---
1353,206,5,vilaine,vilaine,403,Adj,Adj,vilain,10s,---
1354,206,6,gent,gent,403,N,N,,10s,---
1355,207,1,qui,qui,404,Qux,Qux,qui,10s,---
1356,207,2,mauvés,mauvés,404,Adj,Adj,,10s,---
1357,207,3,moz,moz,404,N,N,,10s,---
1358,207,4,font,font,404,Vfin,Vfin,faire,10s,---
1359,207,5,souvent,souvent,404,Adv,Adv,souvent,10s,---
1360,207,6,aboier,aboier,404,Vinf,Vinf,aboyer,10s,---
1361,207,7,.,.,404,Pnc,Pnc,,10s,---
1362,208,1,je,je,405,Prn,Prn$,1ps,10s,---
1363,208,2,ne,ne,405,Neg,Neg,ne1,10s,---
1364,208,3,chant,chant,405,Vfin,Vfin,chanter,10s,---
1365,208,4,pas,pas,405,Neg,Neg,pas,10s,---
1366,208,5,por,por,405,Pre,Pre,pour,10s,---
1367,208,6,aus,aus,405,Prn,Prn,3p,10s,---
1368,208,7,esbanoier,esbanoier,405,Vinf,Vinf,esbanoyer,10s,---
1369,208,8,",",",",405,Pnc,Pnc,,10s,---
1370,209,1,més,més,406,Crd,Crd,mais1,10s,---
1371,209,2,por,por,406,Pre,Pre,pour,10s,---
1372,209,3,mon,mon,406,Det,Det,mon1,10s,---
1373,209,4,cuer,cuer,406,N,N,,10s,---
1374,209,5,fere,fere,406,Vinf,Vinf,faire,10s,---
1375,209,6,un,un,406,QIs,QIs,un,10s,---
1376,209,7,pou,pou,406,N,N,peu,10s,---
1377,209,8,plus,plus,406,Adv,Adv,plus,10s,---
1378,209,9,joiant,joiant,406,Vprs,Vprs,jouir,10s,---
1379,209,10,",",",",406,Pnc,Pnc,,10s,---
1380,210,1,qu',qu',407,Sub,Sub,que,10s,---
1381,210,2,uns,uns,407,QIs,QIs,un,10s,---
1382,210,3,malades,malades,407,Adj,Adj,,10s,---
1383,210,4,en,en,407,Prn,Prn$$,en2,10s,---
1384,210,5,guerist,guerist,407,Vfin,Vfin,guérir,10s,---
1385,210,6,bien,bien,407,Adv,Adv,bien,10s,---
1386,210,7,souvent,souvent,407,Adv,Adv,souvent,10s,---
1387,211,1,par,par,408,Pre,Pre,par1,10s,---
1388,211,2,un,un,408,QIs,QIs,un,10s,---
1389,211,3,confort,confort,408,N,N,,10s,---
1390,211,4,",",",",408,Pnc,Pnc,,10s,---
1391,211,5,quant,quant,408,Sub,Sub,quand,10s,---
1392,211,6,il,il,408,Prn,Prn$,3p,10s,---
1393,211,7,ne,ne,408,Neg,Neg,ne1,10s,---
1394,211,8,puet,puet,408,Vfin,Vfin,pouvoir,10s,---
1395,211,9,mengier,mengier,408,Vinf,Vinf,manger,10s,---
1396,211,10,.,.,408,Pnc,Pnc,,10s,---
1397,212,1,qui,qui,409,Qux,Qux,qui,10s,---
1398,212,2,voit,voit,409,Vfin,Vfin,voir,10s,---
1399,212,3,venir,venir,409,Vinf,Vinf,venir,10s,---
1400,212,4,son,son,409,Det,Det,son4,10s,---
1401,212,5,anemi,anemi,409,N,N,,10s,---
1402,212,6,corant,corant,409,Vprs,Vprs,courir,10s,---
1403,213,1,pour,pour,410,Pre,Pre,pour,10s,---
1404,213,2,trere,trere,410,Vinf,Vinf,traire,10s,---
1405,213,3,a,a,410,Pre,Pre,à,10s,---
1406,213,4,lui,lui,410,Prn,Prn,3p,10s,---
1407,213,5,ganz,ganz,410,N,N,,10s,---
1408,213,6,saetes,saetes,410,N,N,,10s,---
1409,213,7,d',d',410,Pre,Pre,de,10s,---
1410,213,8,acier,acier,410,N,N,,10s,---
1411,214,1,bien,bien,411,Adv,Adv,bien,10s,---
1412,214,2,se,se,411,Prn,Prn$$,soi,10s,---
1413,214,3,devroit,devroit,411,Vfin,Vfin,devoir2,10s,---
1414,214,4,destorner,destorner,411,Vinf,Vinf,détourner,10s,---
1415,214,5,en,en,411,Pre,Pre,en1,10s,---
1416,214,6,fuiant,fuiant,411,Vprs,Vprs,fuir,10s,---
1417,215,1,et,et,412,Crd,Crd,et,10s,---
1418,215,2,garantir,garantir,412,Vinf,Vinf,garantir,10s,---
1419,215,3,",",",",412,Pnc,Pnc,,10s,---
1420,215,4,s',s',412,Sub,Sub,si3,10s,---
1421,215,5,il,il,412,Prn,Prn$,3p,10s,---
1422,215,6,pouoit,pouoit,412,Vfin,Vfin,pouvoir,10s,---
1423,215,7,",",",",412,Pnc,Pnc,,10s,---
1424,215,8,de,de,412,Pre,Pre,de,10s,---
1425,215,9,l',l',412,Det,Det,le,10s,---
1426,215,10,archier,archier,412,N,N,,10s,---
1427,215,11,;,;,412,Pnc,Pnc,,10s,---
1428,216,1,mais,mais,413,Crd,Crd,mais1,10s,---
1429,216,2,",",",",413,Pnc,Pnc,,10s,---
1430,216,3,quant,quant,413,Sub,Sub,quand,10s,---
1431,216,4,amors,amors,413,N,N,,10s,---
1432,216,5,vient,vient,413,Vfin,Vfin,venir,10s,---
1433,216,6,plus,plus,413,Adv,Adv,plus,10s,---
1434,216,7,a,a,413,Pre,Pre,à,10s,---
1435,216,8,moi,moi,413,Prn,Prn,1ps,10s,---
1436,216,9,lancier,lancier,413,Vinf,Vinf,lancer,10s,---
1437,216,10,",",",",413,Pnc,Pnc,,10s,---
1438,217,1,et,et,414,Crd,Crd,et,10s,---
1439,217,2,mains,mains,414,Adv,Adv,moins,10s,---
1440,217,3,la,la,414,Prn,Prn$$,3p,10s,---
1441,217,4,fui,fui,414,Vfin,Vfin,être1|ester,10s,---
1442,217,5,",",",",414,Pnc,Pnc,,10s,---
1443,217,6,c',c',414,Prn,Prn$,ce1,10s,---
1444,217,7,est,est,414,Vfin,Vfin,être1|ester,10s,---
1445,217,8,merveille,merveille,414,N,N,,10s,---
1446,217,9,trop,trop,414,Adv,Adv,trop,10s,---
1447,217,10,grant,grant,414,Adj,Adj,grand,10s,---
1448,217,11,",",",",414,Pnc,Pnc,,10s,---
1449,218,1,q',q',415,Sub,Sub,que,10s,---
1450,218,2,ausic,ausic,415,Adv,Adv,aussi,10s,---
1451,218,3,reçoif,reçoif,415,Vfin,Vfin,recevoir,10s,---
1452,218,4,son,son,415,Det,Det,son4,10s,---
1453,218,5,coup,coup,415,N,N,,10s,---
1454,218,6,entre,entre,415,PrA,PrA,entre,10s,---
1455,218,7,la,la,415,Det,Det,le,10s,---
1456,218,8,gent,gent,415,N,N,,10s,---
1457,219,1,com,com,416,Sub,Sub,comme,10s,---
1458,219,2,se,se,416,Sub,Sub,si3,10s,---
1459,219,3,g',g',416,Prn,Prn$,1ps,10s,---
1460,219,4,iere,iere,416,Vfin,Vfin,être1|ester,10s,---
1461,219,5,touz,touz,416,QIs,QIs,tout,10s,---
1462,219,6,seus,seus,416,Adj,Adj,seul,10s,---
1463,219,7,en,en,416,Pre,Pre,en1,10s,---
1464,219,8,un,un,416,QIs,QIs,un,10s,---
1465,219,9,vergier,vergier,416,N,N,,10s,---
1466,219,10,.,.,416,Pnc,Pnc,,10s,---
1467,220,1,je,je,417,Prn,Prn$,1ps,10s,---
1468,220,2,sai,sai,417,Vfin,Vfin,savoir,10s,---
1469,220,3,de,de,417,Pre,Pre,de,10s,---
1470,220,4,voir,voir,417,Adj,Adj,voir2,10s,---
1471,220,5,que,que,417,Qux,Qux,que,10s,---
1472,220,6,ma,ma,417,Det,Det,mon1,10s,---
1473,220,7,dame,dame,417,N,N,,10s,---
1474,220,8,aime,aime,417,Vfin,Vfin,aimer,10s,---
1475,220,9,cent,cent,417,QIs,QIs,100,10s,---
1476,221,1,et,et,418,Crd,Crd,et,10s,---
1477,221,2,plus,plus,418,Adv,Adv,plus,10s,---
1478,221,3,assez,assez,418,Adv,Adv,assez,10s,---
1479,221,4,:,:,418,Pnc,Pnc,,10s,---
1480,221,5,c',c',418,Prn,Prn$,ce1,10s,---
1481,221,6,est,est,418,Vfin,Vfin,être1|ester,10s,---
1482,221,7,pour,pour,418,Pre,Pre,pour,10s,---
1483,221,8,moi,moi,418,Prn,Prn,1ps,10s,---
1484,221,9,corrocier,corrocier,418,Vinf,Vinf,courroucer,10s,---
1485,221,10,.,.,418,Pnc,Pnc,,10s,---
1486,222,1,mais,mais,419,Crd,Crd,mais1,10s,---
1487,222,2,je,je,419,Prn,Prn$,1ps,10s,---
1488,222,3,l',l',419,Prn,Prn$$,3p,10s,---
1489,222,4,aim,aim,419,Vfin,Vfin,aimer,10s,---
1490,222,5,plus,plus,419,Adv,Adv,plus,10s,---
1491,222,6,que,que,419,Sub,Sub,que,10s,---
1492,222,7,nule,nule,419,QIs,QIs,nul,10s,---
1493,222,8,riens,riens,419,N,N,rien,10s,---
1494,222,9,vivant,vivant,419,Vprs,Vprs,vivre,10s,---
1495,222,10,",",",",419,Pnc,Pnc,,10s,---
1496,223,1,si,si,420,Adv,Adv,si4,10s,---
1497,223,2,me,me,420,Prn,Prn$$,1ps,10s,---
1498,223,3,doint,doint,420,Vfin,Vfin,donner,10s,---
1499,223,4,deus,deus,420,N,N,,10s,---
1500,223,5,son,son,420,Det,Det,son4,10s,---
1501,223,6,gent,gent,420,Adj,Adj,gent2,10s,---
1502,223,7,cors,cors,420,N,N,,10s,---
1503,223,8,enbracier,enbracier,420,Vinf,Vinf,embrasser,10s,---
1504,223,9,!,!,420,Pnc,Pnc,,10s,---
1505,224,1,ce,ce,421,Prn,Prn$,ce1,10s,---
1506,224,2,est,est,421,Vfin,Vfin,être1|ester,10s,---
1507,224,3,la,la,421,Det,Det,le,10s,---
1508,224,4,riens,riens,421,N,N,rien,10s,---
1509,224,5,que,que,421,Qux,Qux,que,10s,---
1510,224,6,plus,plus,421,Adv,Adv,plus,10s,---
1511,224,7,avroie,avroie,421,Vfin,Vfin,avoir1,10s,---
1512,224,8,chier,chier,421,Adj,Adj,cher,10s,---
1513,224,9,",",",",421,Pnc,Pnc,,10s,---
1514,225,1,et,et,422,Crd,Crd,et,10s,---
1515,225,2,",",",",422,Pnc,Pnc,,10s,---
1516,225,3,se,se,422,Sub,Sub,si3,10s,---
1517,225,4,j',j',422,Prn,Prn$,1ps,10s,---
1518,225,5,en,en,422,Prn,Prn$$,en2,10s,---
1519,225,6,sui,sui,422,Vfin,Vfin,être1|ester,10s,---
1520,225,7,parjurs,parjurs,422,Adj,Adj,,10s,---
1521,225,8,a,a,422,Pre,Pre,à,10s,---
1522,225,9,escient,escient,422,N,N,,10s,---
1523,225,10,",",",",422,Pnc,Pnc,,10s,---
1524,226,1,on,on,423,Prn,Prn$,on,10s,---
1525,226,2,me,me,423,Prn,Prn$$,1ps,10s,---
1526,226,3,devroit,devroit,423,Vfin,Vfin,devoir2,10s,---
1527,226,4,trainer,trainer,423,Vinf,Vinf,traîner,10s,---
1528,226,5,tout,tout,423,QIs,QIs,tout,10s,---
1529,226,6,avant,avant,423,PrA,PrA,avant,10s,---
1530,227,1,et,et,424,Crd,Crd,et,10s,---
1531,227,2,puis,puis,424,PrA,PrA,puis,10s,---
1532,227,3,pendre,pendre,424,Vinf,Vinf,pendre,10s,---
1533,227,4,plus,plus,424,Adv,Adv,plus,10s,---
1534,227,5,haut,haut,424,Adv,Adv,haut,10s,---
1535,227,6,que,que,424,Sub,Sub,que,10s,---
1536,227,7,un,un,424,QIs,QIs,un,10s,---
1537,227,8,clochier,clochier,424,N,N,,10s,---
1538,227,9,.,.,424,Pnc,Pnc,,10s,---
1539,228,1,se,se,425,Adv,Adv,si4,10s,---
1540,228,2,je,je,425,Prn,Prn$,1ps,10s,---
1541,228,3,li,li,425,Prn,Prn$$,3p,10s,---
1542,228,4,di,di,425,Vfin,Vfin,dire,10s,---
1543,228,5,:,:,425,Pnc,Pnc,,10s,---
1544,228,6,«,«,425,Pnc,Pnc,,10s,---
1545,228,7,dame,dame,425,N,N,,10s,---
1546,228,8,",",",",425,Pnc,Pnc,,10s,---
1547,228,9,je,je,425,Prn,Prn$,1ps,10s,---
1548,228,10,vous,vous,425,Prn,Prn$$,2pp,10s,---
1549,228,11,aim,aim,425,Vfin,Vfin,aimer,10s,---
1550,228,12,tant,tant,425,QIs,QIs,tant,10s,---
1551,228,13,»,»,425,Pnc,Pnc,,10s,---
1552,228,14,",",",",425,Pnc,Pnc,,10s,---
1553,229,1,ele,ele,426,Prn,Prn$,3p,10s,---
1554,229,2,dira,dira,426,Vfin,Vfin,dire,10s,---
1555,229,3,je,je,426,Prn,Prn$,1ps,10s,---
1556,229,4,la,la,426,Prn,Prn$$,3p,10s,---
1557,229,5,vueil,vueil,426,Vfin,Vfin,vouloir,10s,---
1558,229,6,engingnier,engingnier,426,Vinf,Vinf,engigner,10s,---
1559,229,7,",",",",426,Pnc,Pnc,,10s,---
1560,230,1,ne,ne,427,Crd,Crd,ne2,10s,---
1561,230,2,je,je,427,Prn,Prn$,1ps,10s,---
1562,230,3,n',n',427,Neg,Neg,ne1,10s,---
1563,230,4,ai,ai,427,Vfin,Vfin,avoir1,10s,---
1564,230,5,pas,pas,427,Neg,Neg,pas,10s,---
1565,230,6,ne,ne,427,Crd,Crd,ne2,10s,---
1566,230,7,sens,sens,427,N,N,,10s,---
1567,230,8,ne,ne,427,Crd,Crd,ne2,10s,---
1568,230,9,hardement,hardement,427,N,N,,10s,---
1569,231,1,qu',qu',428,Sub,Sub,que,10s,---
1570,231,2,encontre,encontre,428,PrA,PrA,encontre2,10s,---
1571,231,3,li,li,428,Prn,Prn,3p,10s,---
1572,231,4,m',m',428,Prn,Prn$$,1ps,10s,---
1573,231,5,osasse,osasse,428,Vfin,Vfin,oser,10s,---
1574,231,6,desresnier,desresnier,428,Vinf,Vinf,déraisner,10s,---
1575,231,7,.,.,428,Pnc,Pnc,,10s,---
1576,232,1,cuers,cuers,429,N,N,,10s,---
1577,232,2,me,me,429,Prn,Prn$$,1ps,10s,---
1578,232,3,faudroit,faudroit,429,Vfin,Vfin,faillir,10s,---
1579,232,4,",",",",429,Pnc,Pnc,,10s,---
1580,232,5,qui,qui,429,Qux,Qux,qui,10s,---
1581,232,6,me,me,429,Prn,Prn$$,1ps,10s,---
1582,232,7,devroit,devroit,429,Vfin,Vfin,devoir2,10s,---
1583,232,8,aidier,aidier,429,Vinf,Vinf,aider,10s,---
1584,232,9,",",",",429,Pnc,Pnc,,10s,---
1585,233,1,ne,ne,430,Crd,Crd,ne2,10s,---
1586,233,2,parole,parole,430,N,N,,10s,---
1587,233,3,d',d',430,Pre,Pre,de,10s,---
1588,233,4,autrui,autrui,430,Adj,Adj,autrui,10s,---
1589,233,5,n',n',430,Neg,Neg,ne1,10s,---
1590,233,6,i,i,430,Prn,Prn$$,y,10s,---
1591,233,7,vaut,vaut,430,Vfin,Vfin,valoir,10s,---
1592,233,8,noient,noient,430,Prn,Prn,néant,10s,---
1593,233,9,.,.,430,Pnc,Pnc,,10s,---
1594,234,1,que,que,431,Qux,Qux,que,10s,---
1595,234,2,ferai,ferai,431,Vfin,Vfin,faire,10s,---
1596,234,3,je,je,431,Prn,Prn%,1ps,10s,---
1597,234,4,?,?,431,Pnc,Pnc,,10s,---
1598,234,5,conseilliez,conseilliez,431,Vfin,Vfin,conseiller,10s,---
1599,234,6,moi,moi,431,Prn,Prn%%,1ps,10s,---
1600,234,7,",",",",431,Pnc,Pnc,,10s,---
1601,234,8,amant,amant,431,Vprs,Vprs,aimer,10s,---
1602,234,9,!,!,431,Pnc,Pnc,,10s,---
1603,235,1,li,li,432,Det,Det,le,10s,---
1604,235,2,quels,quels,432,Qux,Qux,quel,10s,---
1605,235,3,vaut,vaut,432,Vfin,Vfin,valoir,10s,---
1606,235,4,melz,melz,432,Adv,Adv,mieux,10s,---
1607,235,5,",",",",432,Pnc,Pnc,,10s,---
1608,235,6,ou,ou,432,Crd,Crd,ou1,10s,---
1609,235,7,parler,parler,432,Vinf,Vinf,parler,10s,---
1610,235,8,ou,ou,432,Crd,Crd,ou1,10s,---
1611,235,9,lessier,lessier,432,Vinf,Vinf,laisser,10s,---
1612,235,10,?,?,432,Pnc,Pnc,,10s,---
1613,236,1,je,je,433,Prn,Prn$,1ps,10s,---
1614,236,2,ne,ne,433,Neg,Neg,ne1,10s,---
1615,236,3,di,di,433,Vfin,Vfin,dire,10s,---
1616,236,4,pas,pas,433,Neg,Neg,pas,10s,---
1617,236,5,que,que,433,Sub,Sub,que,10s,---
1618,236,6,nus,nus,433,QIs,QIs,nul,10s,---
1619,236,7,aint,aint,433,Vfin,Vfin,aimer,10s,---
1620,236,8,folement,folement,433,Adv,Adv,,10s,---
1621,236,9,",",",",433,Pnc,Pnc,,10s,---
1622,237,1,que,que,434,Crd,Crd,que,10s,---
1623,237,2,li,li,434,Det,Det,le,10s,---
1624,237,3,plus,plus,434,Adv,Adv,plus,10s,---
1625,237,4,fous,fous,434,Adj,Adj,fou1,10s,---
1626,237,5,en,en,434,Prn,Prn$$,en2,10s,---
1627,237,6,fet,fet,434,Vfin,Vfin,faire,10s,---
1628,237,7,melz,melz,434,Adv,Adv,mieux,10s,---
1629,237,8,a,a,434,Pre,Pre,à,10s,---
1630,237,9,prisier,prisier,434,Vinf,Vinf,priser,10s,---
1631,237,10,",",",",434,Pnc,Pnc,,10s,---
1632,238,1,més,més,435,Crd,Crd,mais1,10s,---
1633,238,2,granz,granz,435,Adj,Adj,grand,10s,---
1634,238,3,eurs,eurs,435,N,N,,10s,---
1635,238,4,i,i,435,Prn,Prn$$,y,10s,---
1636,238,5,a,a,435,Vfin,Vfin,avoir1,10s,---
1637,238,6,mestier,mestier,435,N,N,,10s,---
1638,238,7,souvent,souvent,435,Adv,Adv,souvent,10s,---
1639,239,1,plus,plus,436,Adv,Adv,plus,10s,---
1640,239,2,que,que,436,Sub,Sub,que,10s,---
1641,239,3,n',n',436,Neg,Neg,ne1,10s,---
1642,239,4,a,a,436,Vfin,Vfin,avoir1,10s,---
1643,239,5,sens,sens,436,N,N,,10s,---
1644,239,6,ne,ne,436,Crd,Crd,ne2,10s,---
1645,239,7,reson,reson,436,N,N,,10s,---
1646,239,8,de,de,436,Pre,Pre,de,10s,---
1647,239,9,pledier,pledier,436,Vinf,Vinf,plaider,10s,---
1648,239,10,.,.,436,Pnc,Pnc,,10s,---
1649,240,1,de,de,437,Pre,Pre,de,10s,---
1650,240,2,bien,bien,437,Adv,Adv,bien,10s,---
1651,240,3,amer,amer,437,Vinf,Vinf,aimer,10s,---
1652,240,4,ne,ne,437,Neg,Neg,ne1,10s,---
1653,240,5,puet,puet,437,Vfin,Vfin,pouvoir,10s,---
1654,240,6,nus,nus,437,QIs,QIs,nul,10s,---
1655,240,7,enseignier,enseignier,437,Vinf,Vinf,enseigner,10s,---
1656,241,1,fors,fors,438,PrA,PrA,hors,10s,---
1657,241,2,que,que,438,Sub,Sub,que,10s,---
1658,241,3,li,li,438,Det,Det,le,10s,---
1659,241,4,cuers,cuers,438,N,N,,10s,---
1660,241,5,",",",",438,Pnc,Pnc,,10s,---
1661,241,6,qui,qui,438,Qux,Qux,qui,10s,---
1662,241,7,done,done,438,Vfin,Vfin,donner,10s,---
1663,241,8,le,le,438,Det,Det,le,10s,---
1664,241,9,talent,talent,438,N,N,,10s,---
1665,241,10,.,.,438,Pnc,Pnc,,10s,---
1666,242,1,qui,qui,439,Qux,Qux,qui,10s,---
1667,242,2,plus,plus,439,Adv,Adv,plus,10s,---
1668,242,3,aime,aime,439,Vfin,Vfin,aimer,10s,---
1669,242,4,de,de,439,Pre,Pre,de,10s,---
1670,242,5,fin,fin,439,Adj,Adj,fin2,10s,---
1671,242,6,cuer,cuer,439,N,N,,10s,---
1672,242,7,loiaument,loiaument,439,Adv,Adv,,10s,---
1673,242,8,",",",",439,Pnc,Pnc,,10s,---
1674,243,1,cil,cil,440,Dem,Dem,cil,10s,---
1675,243,2,en,en,440,Prn,Prn$$,en2,10s,---
1676,243,3,set,set,440,Vfin,Vfin,savoir,10s,---
1677,243,4,plus,plus,440,Adv,Adv,plus,10s,---
1678,243,5,et,et,440,Crd,Crd,et,10s,---
1679,243,6,mains,mains,440,Adv,Adv,moins,10s,---
1680,243,7,s',s',440,Prn,Prn$$,soi,10s,---
1681,243,8,en,en,440,Prn,Prn$$,en2,10s,---
1682,243,9,set,set,440,Vfin,Vfin,savoir,10s,---
1683,243,10,aidier,aidier,440,Vinf,Vinf,aider,10s,---
1684,243,11,.,.,440,Pnc,Pnc,,10s,---
1685,244,1,dame,dame,441,N,N,,10s,---
1686,244,2,",",",",441,Pnc,Pnc,,10s,---
1687,244,3,merci,merci,441,N,N,,10s,---
1688,244,4,!,!,441,Pnc,Pnc,,10s,---
1689,244,5,vueilliez,vueilliez,441,Vfin,Vfin,vouloir,10s,---
1690,244,6,cuidier,cuidier,441,Vinf,Vinf,cuider,10s,---
1691,244,7,itant,itant,441,QIs,QIs,tant,10s,---
1692,245,1,que,que,442,Sub,Sub,que,10s,---
1693,245,2,je,je,442,Prn,Prn$,1ps,10s,---
1694,245,3,vous,vous,442,Prn,Prn$$,2pp,10s,---
1695,245,4,aim,aim,442,Vfin,Vfin,aimer,10s,---
1696,245,5,;,;,442,Pnc,Pnc,,10s,---
1697,245,6,riens,riens,442,N,N,rien,10s,---
1698,245,7,plus,plus,442,Adv,Adv,plus,10s,---
1699,245,8,ne,ne,442,Neg,Neg,ne1,10s,---
1700,245,9,vous,vous,442,Prn,Prn$$,2pp,10s,---
1701,245,10,demant,demant,442,Vfin,Vfin,demander,10s,---
1702,245,11,.,.,442,Pnc,Pnc,,10s,---
1703,246,1,vez,vez,443,Vfin,Vfin,voir,10s,---
1704,246,2,le,le,443,Det,Det,le,10s,---
1705,246,3,forfet,forfet,443,N,N,,10s,---
1706,246,4,dont,dont,443,Qux,Qux,dont,10s,---
1707,246,5,je,je,443,Prn,Prn$,1ps,10s,---
1708,246,6,vous,vous,443,Prn,Prn$$,2pp,10s,---
1709,246,7,vueil,vueil,443,Vfin,Vfin,vouloir,10s,---
1710,246,8,proier,proier,443,Vinf,Vinf,prier,10s,---
1711,246,9,!,!,443,Pnc,Pnc,,10s,---
1712,247,1,rois,rois,4201,N,N,,10s,---
1713,247,2,thiebaut,thiebaut,4201,N,N,,10s,---
1714,247,3,",",",",4201,Pnc,Pnc,,10s,---
1715,247,4,sire,sire,4201,N,N,,10s,---
1716,247,5,",",",",4201,Pnc,Pnc,,10s,---
1717,247,6,en,en,4201,Pre,Pre,en1,10s,---
1718,247,7,chantant,chantant,4201,Vprs,Vprs,chanter,10s,---
1719,247,8,responnez,responnez,4201,Vfin,Vfin,répondre,10s,---
1720,247,9,:,:,4201,Pnc,Pnc,,10s,---
1721,248,1,joene,joene,4202,Adj,Adj,,10s,---
1722,248,2,dame,dame,4202,N,N,,10s,---
1723,248,3,tres,tres,4202,Adv,Adv,très,10s,---
1724,248,4,bele,bele,4202,Adj,Adj,beau,10s,---
1725,248,5,et,et,4202,Crd,Crd,et,10s,---
1726,248,6,avenant,avenant,4202,Vprs,Vprs,avenir,10s,---
1727,249,1,seur,seur,4203,PrA,PrA,sur,10s,---
1728,249,2,toute,toute,4203,QIs,QIs,tout,10s,---
1729,249,3,riens,riens,4203,N,N,rien,10s,---
1730,249,4,de,de,4203,Pre,Pre,de,10s,---
1731,249,5,fin,fin,4203,Adj,Adj,fin2,10s,---
1732,249,6,cuer,cuer,4203,N,N,,10s,---
1733,249,7,amerez,amerez,4203,Vfin,Vfin,aimer,10s,---
1734,249,8,",",",",4203,Pnc,Pnc,,10s,---
1735,250,1,més,més,4204,Crd,Crd,mais1,10s,---
1736,250,2,n',n',4204,Neg,Neg,ne1,10s,---
1737,250,3,en,en,4204,Prn,Prn$$,en2,10s,---
1738,250,4,porrez,porrez,4204,Vfin,Vfin,pouvoir,10s,---
1739,250,5,avoir,avoir,4204,Vinf,Vinf,avoir1,10s,---
1740,250,6,vostre,vostre,4204,Det,Det,votre,10s,---
1741,250,7,talent,talent,4204,N,N,,10s,---
1742,250,8,",",",",4204,Pnc,Pnc,,10s,---
1743,251,1,s',s',4205,Sub,Sub,si3,10s,---
1744,251,2,a,a,4205,Pre,Pre,à,10s,---
1745,251,3,vostre,vostre,4205,Det,Det,votre,10s,---
1746,251,4,col,col,4205,N,N,,10s,---
1747,251,5,gesir,gesir,4205,Vinf,Vinf,gésir,10s,---
1748,251,6,ne,ne,4205,Neg,Neg,ne1,10s,---
1749,251,7,la,la,4205,Prn,Prn$$,3p,10s,---
1750,251,8,portez,portez,4205,Vfin,Vfin,porter,10s,---
1751,252,1,chiés,chiés,4206,Pre,Pre,chez,10s,---
1752,252,2,un,un,4206,QIs,QIs,un,10s,---
1753,252,3,autre,autre,4206,Adj,Adj,autre,10s,---
1754,252,4,qui,qui,4206,Qux,Qux,qui,10s,---
1755,252,5,de,de,4206,Pre,Pre,de,10s,---
1756,252,6,li,li,4206,Prn,Prn,3p,10s,---
1757,252,7,est,est,4206,Vfin,Vfin,être1|ester,10s,---
1758,252,8,amez,amez,4206,Vpp,Vpp,aimer,10s,---
1759,252,9,",",",",4206,Pnc,Pnc,,10s,---
1760,253,1,ou,ou,4207,Crd,Crd,ou1,10s,---
1761,253,2,se,se,4207,Sub,Sub,si3,10s,---
1762,253,3,celui,celui,4207,Dem,Dem,cil,10s,---
1763,253,4,ne,ne,4207,Neg,Neg,ne1,10s,---
1764,253,5,li,li,4207,Prn,Prn$$,3p,10s,---
1765,253,6,fetes,fetes,4207,Vfin,Vfin,faire,10s,---
1766,253,7,venir,venir,4207,Vinf,Vinf,venir,10s,---
1767,254,1,en,en,4208,Pre,Pre,en1,10s,---
1768,254,2,vostre,vostre,4208,Det,Det,votre,10s,---
1769,254,3,ostel,ostel,4208,N,N,,10s,---
1770,254,4,pour,pour,4208,Pre,Pre,pour,10s,---
1771,254,5,avec,avec,4208,Pre,Pre,avec,10s,---
1772,254,6,li,li,4208,Prn,Prn,3p,10s,---
1773,254,7,gesir,gesir,4208,Vinf,Vinf,gésir,10s,---
1774,254,8,.,.,4208,Pnc,Pnc,,10s,---
1775,255,1,—,—,4209,Pnc,Pnc,,10s,---
1776,255,2,baudoin,baudoin,4209,N,N,,10s,---
1777,255,3,",",",",4209,Pnc,Pnc,,10s,---
1778,255,4,voir,voir,4209,Adv,Adv,voir2,10s,---
1779,255,5,!,!,4209,Pnc,Pnc,,10s,---
1780,255,6,mauvés,mauvés,4209,Adj,Adj,,10s,---
1781,255,7,gieu,gieu,4209,N,N,,10s,---
1782,255,8,me,me,4209,Prn,Prn$$,1ps,10s,---
1783,255,9,partez,partez,4209,Vfin,Vfin,partir,10s,---
1784,255,10,!,!,4209,Pnc,Pnc,,10s,---
1785,256,1,més,més,4210,N,N,,10s,---
1786,256,2,",",",",4210,Pnc,Pnc,,10s,---
1787,256,3,por,por,4210,Pre,Pre,pour,10s,---
1788,256,4,avoir,avoir,4210,Vinf,Vinf,avoir1,10s,---
1789,256,5,ma,ma,4210,Det,Det,mon1,10s,---
1790,256,6,dame,dame,4210,N,N,,10s,---
1791,256,7,",",",",4210,Pnc,Pnc,,10s,---
1792,256,8,a,a,4210,Pre,Pre,à,10s,---
1793,256,9,son,son,4210,Det,Det,son4,10s,---
1794,256,10,talent,talent,4210,N,N,,10s,---
1795,257,1,la,la,4211,Prn,Prn$$,3p,10s,---
1796,257,2,porterai,porterai,4211,Vfin,Vfin,porter,10s,---
1797,257,3,",",",",4211,Pnc,Pnc,,10s,---
1798,257,4,puis,puis,4211,PrA,PrA,puis,10s,---
1799,257,5,que,que,4211,Sub,Sub,que,10s,---
1800,257,6,il,il,4211,Prn,Prn$,3p,10s,---
1801,257,7,est,est,4211,Vfin,Vfin,être1|ester,10s,---
1802,257,8,ses,ses,4211,Det,Det,son4,10s,---
1803,257,9,grez,grez,4211,N,N,,10s,---
1804,257,10,",",",",4211,Pnc,Pnc,,10s,---
1805,258,1,entre,entre,4212,PrA,PrA,entre,10s,---
1806,258,2,mes,mes,4212,Det,Det,mon1,10s,---
1807,258,3,braz,braz,4212,N,N,,10s,---
1808,258,4,",",",",4212,Pnc,Pnc,,10s,---
1809,258,5,besant,besant,4212,Vprs,Vprs,baiser,10s,---
1810,258,6,et,et,4212,Crd,Crd,et,10s,---
1811,258,7,acolant,acolant,4212,Vprs,Vprs,accoler,10s,---
1812,258,8,.,.,4212,Pnc,Pnc,,10s,---
1813,259,1,ja,ja,4213,Adv,Adv,jà,10s,---
1814,259,2,ne,ne,4213,Neg,Neg,ne1,10s,---
1815,259,3,crerrai,crerrai,4213,Vfin,Vfin,croire,10s,---
1816,259,4,tels,tels,4213,Adj,Adj,tel,10s,---
1817,259,5,soit,soit,4213,Vfin,Vfin,être1|ester,10s,---
1818,259,6,sa,sa,4213,Det,Det,son4,10s,---
1819,259,7,volentez,volentez,4213,N,N,,10s,---
1820,259,8,",",",",4213,Pnc,Pnc,,10s,---
1821,260,1,se,se,4214,Adv,Adv,si4,10s,---
1822,260,2,me,me,4214,Prn,Prn$$,1ps,10s,---
1823,260,3,juroit,juroit,4214,Vfin,Vfin,jurer,10s,---
1824,260,4,cent,cent,4214,QIs,QIs,100,10s,---
1825,260,5,foiz,foiz,4214,N,N,,10s,---
1826,260,6,sainz,sainz,4214,Adj,Adj,saint,10s,---
1827,260,7,barnabez,barnabez,4214,N,N,,10s,---
1828,260,8,",",",",4214,Pnc,Pnc,,10s,---
1829,261,1,aprés,aprés,4215,PrA,PrA,après,10s,---
1830,261,2,tel,tel,4215,Adj,Adj,tel,10s,---
1831,261,3,bien,bien,4215,N,N,bien,10s,---
1832,261,4,que,que,4215,Sub,Sub,que,10s,---
1833,261,5,me,me,4215,Prn,Prn$$,1ps,10s,---
1834,261,6,vueille,vueille,4215,Vfin,Vfin,vouloir,10s,---
1835,261,7,trair,trair,4215,Vinf,Vinf,trahir,10s,---
1836,261,8,.,.,4215,Pnc,Pnc,,10s,---
1837,262,1,fins,fins,4216,Adj,Adj,fin2,10s,---
1838,262,2,amis,amis,4216,N,N,,10s,---
1839,262,3,doit,doit,4216,Vfin,Vfin,devoir2,10s,---
1840,262,4,ou,ou,4216,Crd,Crd,ou1,10s,---
1841,262,5,ataindre,ataindre,4216,Vinf,Vinf,atteindre,10s,---
1842,262,6,ou,ou,4216,Crd,Crd,ou1,10s,---
1843,262,7,morir,morir,4216,Vinf,Vinf,mourir,10s,---
1844,262,8,.,.,4216,Pnc,Pnc,,10s,---
1845,263,1,—,—,4217,Pnc,Pnc,,10s,---
1846,263,2,par,par,4217,Pre,Pre,par1,10s,---
1847,263,3,dieu,dieu,4217,N,N,,10s,---
1848,263,4,",",",",4217,Pnc,Pnc,,10s,---
1849,263,5,sire,sire,4217,N,N,,10s,---
1850,263,6,",",",",4217,Pnc,Pnc,,10s,---
1851,263,7,trop,trop,4217,Adv,Adv,trop,10s,---
1852,263,8,avez,avez,4217,Vfin,Vfin,avoir1,10s,---
1853,263,9,meschoisi,meschoisi,4217,Vpp,Vpp,méchoisir,10s,---
1854,263,10,",",",",4217,Pnc,Pnc,,10s,---
1855,264,1,quant,quant,4218,Sub,Sub,quand,10s,---
1856,264,2,vous,vous,4218,Prn,Prn,2pp,10s,---
1857,264,3,de,de,4218,Pre,Pre,de,10s,---
1858,264,4,li,li,4218,Prn,Prn,3p,10s,---
1859,264,5,voulez,voulez,4218,Vfin,Vfin,vouloir,10s,---
1860,264,6,saisir,saisir,4218,Vinf,Vinf,saisir,10s,---
1861,264,7,celui,celui,4218,Dem,Dem,cil,10s,---
1862,265,1,qui,qui,4219,Qux,Qux,qui,10s,---
1863,265,2,ele,ele,4219,Prn,Prn$,3p,10s,---
1864,265,3,tient,tient,4219,Vfin,Vfin,tenir,10s,---
1865,265,4,pour,pour,4219,Pre,Pre,pour,10s,---
1866,265,5,son,son,4219,Det,Det,son4,10s,---
1867,265,6,loial,loial,4219,Adj,Adj,,10s,---
1868,265,7,ami,ami,4219,N,N,,10s,---
1869,265,8,.,.,4219,Pnc,Pnc,,10s,---
1870,266,1,ne,ne,4220,Neg,Neg,ne1,10s,---
1871,266,2,la,la,4220,Prn,Prn$$,3p,10s,---
1872,266,3,verrez,verrez,4220,Vfin,Vfin,voir,10s,---
1873,266,4,jamés,jamés,4220,Adv,Adv,jamais,10s,---
1874,266,5,jour,jour,4220,N,N,,10s,---
1875,266,6,sanz,sanz,4220,Pre,Pre,sans,10s,---
1876,266,7,ennui,ennui,4220,N,N,,10s,---
1877,266,8,",",",",4220,Pnc,Pnc,,10s,---
1878,267,1,puis,puis,4221,PrA,PrA,puis,10s,---
1879,267,2,que,que,4221,Sub,Sub,que,10s,---
1880,267,3,celui,celui,4221,Dem,Dem,cil,10s,---
1881,267,4,en,en,4221,Prn,Prn$$,en2,10s,---
1882,267,5,avriez,avriez,4221,Vfin,Vfin,avoir1,10s,---
1883,267,6,saisi,saisi,4221,Vpp,Vpp,saisir,10s,---
1884,267,7,.,.,4221,Pnc,Pnc,,10s,---
1885,268,1,trop,trop,4222,Adv,Adv,trop,10s,---
1886,268,2,a,a,4222,Vfin,Vfin,avoir1,10s,---
1887,268,3,le,le,4222,Det,Det,le,10s,---
1888,268,4,cuer,cuer,4222,N,N,,10s,---
1889,268,5,mauvés,mauvés,4222,Adj,Adj,,10s,---
1890,268,6,et,et,4222,Crd,Crd,et,10s,---
1891,268,7,endormi,endormi,4222,Vpp,Vpp,endormir,10s,---
1892,269,1,qui,qui,4223,Qux,Qux,qui,10s,---
1893,269,2,s',s',4223,Det,Det,son4,10s,---
1894,269,3,amie,amie,4223,N,N,,10s,---
1895,269,4,porte,porte,4223,Vfin,Vfin,porter,10s,---
1896,269,5,autrui,autrui,4223,Adj,Adj,autrui,10s,---
1897,269,6,a,a,4223,Pre,Pre,à,10s,---
1898,269,7,son,son,4223,Det,Det,son4,10s,---
1899,269,8,col,col,4223,N,N,,10s,---
1900,269,9,.,.,4223,Pnc,Pnc,,10s,---
1901,270,1,j',j',4224,Prn,Prn$,1ps,10s,---
1902,270,2,aim,aim,4224,Vfin,Vfin,aimer,10s,---
1903,270,3,melz,melz,4224,Adv,Adv,mieux,10s,---
1904,270,4,sousfrir,sousfrir,4224,Vinf,Vinf,souffrir,10s,---
1905,270,5,qu',qu',4224,Sub,Sub,que,10s,---
1906,270,6,en,en,4224,Prn,Prn$,on,10s,---
1907,270,7,m',m',4224,Prn,Prn$$,1ps,10s,---
1908,270,8,en,en,4224,Prn,Prn$$,en2,10s,---
1909,270,9,tenist,tenist,4224,Vfin,Vfin,tenir,10s,---
1910,270,10,por,por,4224,Pre,Pre,pour,10s,---
1911,270,11,fol,fol,4224,Adj,Adj,fou1,10s,---
1912,270,12,.,.,4224,Pnc,Pnc,,10s,---
1913,271,1,—,—,4225,Pnc,Pnc,,10s,---
1914,271,2,baudoin,baudoin,4225,N,N,,10s,---
1915,271,3,",",",",4225,Pnc,Pnc,,10s,---
1916,271,4,cil,cil,4225,Dem,Dem,cil,10s,---
1917,271,5,a,a,4225,Vfin,Vfin,avoir1,10s,---
1918,271,6,bien,bien,4225,Adv,Adv,bien,10s,---
1919,271,7,d',d',4225,Pre,Pre,de,10s,---
1920,271,8,amors,amors,4225,N,N,,10s,---
1921,271,9,menti,menti,4225,Vpp,Vpp,mentir,10s,---
1922,272,1,qui,qui,4226,Qux,Qux,qui,10s,---
1923,272,2,sa,sa,4226,Det,Det,son4,10s,---
1924,272,3,dame,dame,4226,N,N,,10s,---
1925,272,4,veut,veut,4226,Vfin,Vfin,vouloir,10s,---
1926,272,5,lessier,lessier,4226,Vinf,Vinf,laisser,10s,---
1927,272,6,a,a,4226,Pre,Pre,à,10s,---
1928,272,7,nului,nului,4226,QIs,QIs,nul,10s,---
1929,272,8,.,.,4226,Pnc,Pnc,,10s,---
1930,273,1,s',s',4227,Sub,Sub,si3,10s,---
1931,273,2,en,en,4227,Prn,Prn$,on,10s,---
1932,273,3,m',m',4227,Prn,Prn$$,1ps,10s,---
1933,273,4,en,en,4227,Prn,Prn$$,en2,10s,---
1934,273,5,devoit,devoit,4227,Vfin,Vfin,devoir2,10s,---
1935,273,6,detrenchier,detrenchier,4227,Vinf,Vinf,détrancher,10s,---
1936,273,7,tout,tout,4227,QIs,QIs,tout,10s,---
1937,273,8,par,par,4227,Pre,Pre,par1,10s,---
1938,273,9,mi,mi,4227,N,N,,10s,---
1939,273,10,",",",",4227,Pnc,Pnc,,10s,---
1940,274,1,ne,ne,4228,Neg,Neg,ne1,10s,---
1941,274,2,la,la,4228,Prn,Prn$$,3p,10s,---
1942,274,3,puis,puis,4228,Vfin,Vfin,pouvoir,10s,---
1943,274,4,je,je,4228,Prn,Prn%,1ps,10s,---
1944,274,5,guerpir,guerpir,4228,Vinf,Vinf,guerpir,10s,---
1945,274,6,",",",",4228,Pnc,Pnc,,10s,---
1946,274,7,des,des,4228,Pre,Pre,dès,10s,---
1947,274,8,que,que,4228,Sub,Sub,que,10s,---
1948,274,9,siens,siens,4228,Adj,Adj,son4,10s,---
1949,274,10,sui,sui,4228,Vfin,Vfin,être1|ester,10s,---
1950,274,11,.,.,4228,Pnc,Pnc,,10s,---
1951,275,1,ainz,ainz,4229,Crd,Crd,ains,10s,---
1952,275,2,me,me,4229,Prn,Prn$$,1ps,10s,---
1953,275,3,plest,plest,4229,Vfin,Vfin,plaire,10s,---
1954,275,4,tant,tant,4229,QIs,QIs,tant,10s,---
1955,275,5,l',l',4229,Det,Det,le,10s,---
1956,275,6,atente,atente,4229,N,N,,10s,---
1957,275,7,de,de,4229,Pre,Pre,de,10s,---
1958,275,8,merci,merci,4229,N,N,,10s,---
1959,276,1,que,que,4230,Sub,Sub,que,10s,---
1960,276,2,le,le,4230,Det,Det,le,10s,---
1961,276,3,vilain,vilain,4230,N,N,,10s,---
1962,276,4,enuieus,enuieus,4230,Adj,Adj,,10s,---
1963,276,5,en,en,4230,Prn,Prn$$,en2,10s,---
1964,276,6,oubli,oubli,4230,Vfin,Vfin,oublier,10s,---
1965,276,7,",",",",4230,Pnc,Pnc,,10s,---
1966,277,1,que,que,4231,Qux,Qux,que,10s,---
1967,277,2,je,je,4231,Prn,Prn$,1ps,10s,---
1968,277,3,mult,mult,4231,QIs,QIs,moult,10s,---
1969,277,4,haz,haz,4231,Vfin,Vfin,haïr,10s,---
1970,277,5,",",",",4231,Pnc,Pnc,,10s,---
1971,277,6,foi,foi,4231,N,N,,10s,---
1972,277,7,que,que,4231,Qux,Qux,que,10s,---
1973,277,8,je,je,4231,Prn,Prn$,1ps,10s,---
1974,277,9,doi,doi,4231,Vfin,Vfin,devoir2,10s,---
1975,277,10,saint,saint,4231,Adj,Adj,saint,10s,---
1976,277,11,pol,pol,4231,N,N,,10s,---
1977,277,12,;,;,4231,Pnc,Pnc,,10s,---
1978,278,1,més,més,4232,Crd,Crd,mais1,10s,---
1979,278,2,tot,tot,4232,QIs,QIs,tout,10s,---
1980,278,3,le,le,4232,Det,Det,le,10s,---
1981,278,4,mont,mont,4232,N,N,,10s,---
1982,278,5,ne,ne,4232,Neg,Neg,ne1,10s,---
1983,278,6,pris,pris,4232,Vfin,Vfin,priser,10s,---
1984,278,7,sanz,sanz,4232,Pre,Pre,sans,10s,---
1985,278,8,li,li,4232,Prn,Prn,3p,10s,---
1986,278,9,un,un,4232,QIs,QIs,un,10s,---
1987,278,10,chol,chol,4232,N,N,,10s,---
1988,278,11,.,.,4232,Pnc,Pnc,,10s,---
1989,279,1,—,—,4233,Pnc,Pnc,,10s,---
1990,279,2,certes,certes,4233,Adv,Adv,certes,10s,---
1991,279,3,",",",",4233,Pnc,Pnc,,10s,---
1992,279,4,sire,sire,4233,N,N,,10s,---
1993,279,5,",",",",4233,Pnc,Pnc,,10s,---
1994,279,6,de,de,4233,Pre,Pre,de,10s,---
1995,279,7,cuer,cuer,4233,N,N,,10s,---
1996,279,8,onques,onques,4233,Adv,Adv,onques,10s,---
1997,279,9,n',n',4233,Neg,Neg,ne1,10s,---
1998,279,10,ama,ama,4233,Vfin,Vfin,aimer,10s,---
1999,280,1,qui,qui,4234,Qux,Qux,qui,10s,---
2000,280,2,s',s',4234,Det,Det,son4,10s,---
2001,280,3,amie,amie,4234,N,N,,10s,---
2002,280,4,veut,veut,4234,Vfin,Vfin,vouloir,10s,---
2003,280,5,chiés,chiés,4234,Pre,Pre,chez,10s,---
2004,280,6,autrui,autrui,4234,Adj,Adj,autrui,10s,---
2005,280,7,lessier,lessier,4234,Vinf,Vinf,laisser,10s,---
2006,280,8,;,;,4234,Pnc,Pnc,,10s,---
2007,281,1,et,et,4235,Crd,Crd,et,10s,---
2008,281,2,qui,qui,4235,Qux,Qux,qui,10s,---
2009,281,3,de,de,4235,Pre,Pre,de,10s,---
2010,281,4,ce,ce,4235,Prn,Prn,ce1,10s,---
2011,281,5,a,a,4235,Pre,Pre,à,10s,---
2012,281,6,droit,droit,4235,N,N,droit1,10s,---
2013,281,7,jugier,jugier,4235,Vinf,Vinf,juger,10s,---
2014,281,8,voudra,voudra,4235,Vfin,Vfin,vouloir,10s,---
2015,281,9,",",",",4235,Pnc,Pnc,,10s,---
2016,282,1,je,je,4236,Prn,Prn$,1ps,10s,---
2017,282,2,doi,doi,4236,Vfin,Vfin,devoir2,10s,---
2018,282,3,servir,servir,4236,Vinf,Vinf,servir,10s,---
2019,282,4,ce,ce,4236,Prn,Prn,ce1,10s,---
2020,282,5,qu',qu',4236,Qux,Qux,que,10s,---
2021,282,6,ele,ele,4236,Prn,Prn$,3p,10s,---
2022,282,7,aie,aie,4236,Vfin,Vfin,avoir1,10s,---
2023,282,8,et,et,4236,Crd,Crd,et,10s,---
2024,282,9,tient,tient,4236,Vfin,Vfin,tenir,10s,---
2025,282,10,chier,chier,4236,Adj,Adj,cher,10s,---
2026,282,11,",",",",4236,Pnc,Pnc,,10s,---
2027,283,1,tout,tout,4237,QIs,QIs,tout,10s,---
2028,283,2,m',m',4237,Prn,Prn$$,1ps,10s,---
2029,283,3,ennuit,ennuit,4237,Vfin,Vfin,ennuyer,10s,---
2030,283,4,il,il,4237,Prn,Prn%,3p,10s,---
2031,283,5,ce,ce,4237,Prn,Prn,ce1,10s,---
2032,283,6,que,que,4237,Qux,Qux,que,10s,---
2033,283,7,ele,ele,4237,Prn,Prn$,3p,10s,---
2034,283,8,en,en,4237,Prn,Prn$$,en2,10s,---
2035,283,9,fera,fera,4237,Vfin,Vfin,faire,10s,---
2036,283,10,.,.,4237,Pnc,Pnc,,10s,---
2037,284,1,melz,melz,4238,Adv,Adv,mieux,10s,---
2038,284,2,vueil,vueil,4238,Vfin,Vfin,vouloir,10s,---
2039,284,3,sousfrir,sousfrir,4238,Vinf,Vinf,souffrir,10s,---
2040,284,4,de,de,4238,Pre,Pre,de,10s,---
2041,284,5,ce,ce,4238,Prn,Prn,ce1,10s,---
2042,284,6,qu',qu',4238,Sub,Sub,que,10s,---
2043,284,7,ele,ele,4238,Prn,Prn$,3p,10s,---
2044,284,8,amera,amera,4238,Vfin,Vfin,aimer,10s,---
2045,285,1,qu',qu',4239,Sub,Sub,que,10s,---
2046,285,2,en,en,4239,Pre,Pre,en1,10s,---
2047,285,3,mon,mon,4239,Det,Det,mon1,10s,---
2048,285,4,ostel,ostel,4239,N,N,,10s,---
2049,285,5,en,en,4239,Prn,Prn$$,en2,10s,---
2050,285,6,face,face,4239,Vfin,Vfin,faire,10s,---
2051,285,7,son,son,4239,Det,Det,son4,10s,---
2052,285,8,voloir,voloir,4239,N,N,vouloir,10s,---
2053,286,1,qu',qu',4240,Sub,Sub,que,10s,---
2054,286,2,il,il,4240,Prn,Prn$,3p,10s,---
2055,286,3,fust,fust,4240,Vfin,Vfin,être1|ester,10s,---
2056,286,4,saisiz,saisiz,4240,Vpp,Vpp,saisir,10s,---
2057,286,5,et,et,4240,Crd,Crd,et,10s,---
2058,286,6,j',j',4240,Prn,Prn$,1ps,10s,---
2059,286,7,amasse,amasse,4240,Vfin,Vfin,aimer,10s,---
2060,286,8,en,en,4240,Pre,Pre,en1,10s,---
2061,286,9,espoir,espoir,4240,N,N,,10s,---
2062,286,10,.,.,4240,Pnc,Pnc,,10s,---
2063,287,1,—,—,4241,Pnc,Pnc,,10s,---
2064,287,2,baudoin,baudoin,4241,N,N,,10s,---
2065,287,3,",",",",4241,Pnc,Pnc,,10s,---
2066,287,4,voir,voir,4241,Adv,Adv,voir2,10s,---
2067,287,5,!,!,4241,Pnc,Pnc,,10s,---
2068,287,6,ja,ja,4241,Adv,Adv,jà,10s,---
2069,287,7,chiés,chiés,4241,Pre,Pre,chez,10s,---
2070,287,8,moi,moi,4241,Prn,Prn,1ps,10s,---
2071,287,9,n',n',4241,Neg,Neg,ne1,10s,---
2072,287,10,entrera,entrera,4241,Vfin,Vfin,entrer,10s,---
2073,288,1,mes,mes,4242,Det,Det,mon1,10s,---
2074,288,2,anemis,anemis,4242,N,N,,10s,---
2075,288,3,por,por,4242,Pre,Pre,pour,10s,---
2076,288,4,ma,ma,4242,Det,Det,mon1,10s,---
2077,288,5,dame,dame,4242,N,N,,10s,---
2078,288,6,baillier,baillier,4242,Vinf,Vinf,bailler,10s,---
2079,288,7,",",",",4242,Pnc,Pnc,,10s,---
2080,289,1,més,més,4243,Crd,Crd,mais1,10s,---
2081,289,2,ma,ma,4243,Det,Det,mon1,10s,---
2082,289,3,dame,dame,4243,N,N,,10s,---
2083,289,4,la,la,4243,Adv,Adv,là,10s,---
2084,289,5,ou,ou,4243,Qux,Qux,où,10s,---
2085,289,6,il,il,4243,Prn,Prn$,3p,10s,---
2086,289,7,li,li,4243,Prn,Prn$$,3p,10s,---
2087,289,8,plera,plera,4243,Vfin,Vfin,plaire,10s,---
2088,290,1,vueil,vueil,4244,Vfin,Vfin,vouloir,10s,---
2089,290,2,je,je,4244,Prn,Prn%,1ps,10s,---
2090,290,3,porter,porter,4244,Vinf,Vinf,porter,10s,---
2091,290,4,et,et,4244,Crd,Crd,et,10s,---
2092,290,5,servir,servir,4244,Vinf,Vinf,servir,10s,---
2093,290,6,sanz,sanz,4244,Pre,Pre,sans,10s,---
2094,290,7,dangier,dangier,4244,N,N,,10s,---
2095,290,8,;,;,4244,Pnc,Pnc,,10s,---
2096,291,1,ne,ne,4245,Crd,Crd,ne2,10s,---
2097,291,2,ja,ja,4245,Adv,Adv,jà,10s,---
2098,291,3,por,por,4245,Pre,Pre,pour,10s,---
2099,291,4,riens,riens,4245,N,N,rien,10s,---
2100,291,5,mes,mes,4245,Det,Det,mon1,10s,---
2101,291,6,cuers,cuers,4245,N,N,,10s,---
2102,291,7,n',n',4245,Neg,Neg,ne1,10s,---
2103,291,8,en,en,4245,Prn,Prn$$,en2,10s,---
2104,291,9,retrera,retrera,4245,Vfin,Vfin,retraire,10s,---
2105,291,10,.,.,4245,Pnc,Pnc,,10s,---
2106,292,1,s',s',4246,Sub,Sub,si3,10s,---
2107,292,2,ele,ele,4246,Prn,Prn$,3p,10s,---
2108,292,3,me,me,4246,Prn,Prn$$,1ps,10s,---
2109,292,4,dit,dit,4246,Vfin,Vfin,dire,10s,---
2110,292,5,:,:,4246,Pnc,Pnc,,10s,---
2111,292,6,«,«,4246,Pnc,Pnc,,10s,---
2112,292,7,biaus,biaus,4246,Adj,Adj,beau,10s,---
2113,292,8,amis,amis,4246,N,N,,10s,---
2114,292,9,",",",",4246,Pnc,Pnc,,10s,---
2115,292,10,je,je,4246,Prn,Prn$,1ps,10s,---
2116,292,11,vois,vois,4246,Vfin,Vfin,aller,10s,---
2117,292,12,la,la,4246,Adv,Adv,là,10s,---
2118,292,13,»,»,4246,Pnc,Pnc,,10s,---
2119,292,14,",",",",4246,Pnc,Pnc,,10s,---
2120,293,1,c',c',4247,Prn,Prn$,ce1,10s,---
2121,293,2,est,est,4247,Vfin,Vfin,être1|ester,10s,---
2122,293,3,faintise,faintise,4247,N,N,,10s,---
2123,293,4,",",",",4247,Pnc,Pnc,,10s,---
2124,293,5,je,je,4247,Prn,Prn$,1ps,10s,---
2125,293,6,nel,nel,4247,Neg+Prn,Neg+Prn$$,ne1+3p,10s,---
2126,293,7,cuit,cuit,4247,Vfin,Vfin,cuider,10s,---
2127,293,8,pas,pas,4247,Neg,Neg,pas,10s,---
2128,293,9,de,de,4247,Pre,Pre,de,10s,---
2129,293,10,voir,voir,4247,Adj,Adj,voir2,10s,---
2130,293,11,;,;,4247,Pnc,Pnc,,10s,---
2131,294,1,qu',qu',4248,Sub,Sub,que,10s,---
2132,294,2,ele,ele,4248,Prn,Prn$,3p,10s,---
2133,294,3,le,le,4248,Prn,Prn$$,3p,10s,---
2134,294,4,dit,dit,4248,Vfin,Vfin,dire,10s,---
2135,294,5,por,por,4248,Pre,Pre,pour,10s,---
2136,294,6,moi,moi,4248,Prn,Prn,1ps,10s,---
2137,294,7,fere,fere,4248,Vinf,Vinf,faire,10s,---
2138,294,8,doloir,doloir,4248,Vinf,Vinf,douloir,10s,---
2139,294,9,.,.,4248,Pnc,Pnc,,10s,---
